[2026-03-03 15:12:05] [INFO] ============================================================
[2026-03-03 15:12:05] [INFO] ARASAN GAS - CUSTOMER FETCH
[2026-03-03 15:12:05] [INFO] Started at: 2026-03-03 15:12:05
[2026-03-03 15:12:05] [INFO] ============================================================
[2026-03-03 15:12:05] [INFO] Starting customer fetch from 2 companies
[2026-03-03 15:12:05] [INFO] Active companies: SHREYAA ENTERPRISES, Surya Air System
[2026-03-03 15:12:05] [INFO] 
============================================================
[2026-03-03 15:12:05] [INFO] Processing: SHREYAA ENTERPRISES (COMPANY_1)
[2026-03-03 15:12:05] [INFO] ============================================================
[2026-03-03 15:12:06] [INFO] Fetched 310 customers from Tally
[2026-03-03 15:12:06] [WARNING] [DUPLICATE SKIPPED] 'AADHI MANGALA FABRIC' (owned by SHREYAA ENTERPRISES, attempted by SHREYAA ENTERPRISES)
[2026-03-03 15:12:06] [WARNING] [DUPLICATE SKIPPED] 'ABISAK' (owned by SHREYAA ENTERPRISES, attempted by SHREYAA ENTERPRISES)
[2026-03-03 15:12:06] [WARNING] [DUPLICATE SKIPPED] 'ABIShek' (owned by SHREYAA ENTERPRISES, attempted by SHREYAA ENTERPRISES)
[2026-03-03 15:12:06] [WARNING] [DUPLICATE SKIPPED] 'ABI SMOKE BISCUTS (SRM AGENCY)' (owned by SHREYAA ENTERPRISES, attempted by SHREYAA ENTERPRISES)
[2026-03-03 15:12:06] [WARNING] [DUPLICATE SKIPPED] 'Adithiya Car Machanic' (owned by SHREYAA ENTERPRISES, attempted by SHREYAA ENTERPRISES)
[2026-03-03 15:12:06] [WARNING] [DUPLICATE SKIPPED] 'A E Engineering' (owned by SHREYAA ENTERPRISES, attempted by SHREYAA ENTERPRISES)
[2026-03-03 15:12:06] [WARNING] [DUPLICATE SKIPPED] 'AJ ASSOCATES' (owned by SHREYAA ENTERPRISES, attempted by SHREYAA ENTERPRISES)
[2026-03-03 15:12:06] [WARNING] [DUPLICATE SKIPPED] 'AJ HOSPITAL' (owned by SHREYAA ENTERPRISES, attempted by SHREYAA ENTERPRISES)
[2026-03-03 15:12:06] [WARNING] [DUPLICATE SKIPPED] 'A.KANNAN' (owned by SHREYAA ENTERPRISES, attempted by SHREYAA ENTERPRISES)
[2026-03-03 15:12:06] [WARNING] [DUPLICATE SKIPPED] 'AKASH CONSTRUCTIONS' (owned by SHREYAA ENTERPRISES, attempted by SHREYAA ENTERPRISES)
[2026-03-03 15:12:06] [WARNING] [DUPLICATE SKIPPED] 'A.K.Enter Prises' (owned by SHREYAA ENTERPRISES, attempted by SHREYAA ENTERPRISES)
[2026-03-03 15:12:06] [WARNING] [DUPLICATE SKIPPED] 'ALAGERSAMY' (owned by SHREYAA ENTERPRISES, attempted by SHREYAA ENTERPRISES)
[2026-03-03 15:12:06] [WARNING] [DUPLICATE SKIPPED] 'Alagumalayan' (owned by SHREYAA ENTERPRISES, attempted by SHREYAA ENTERPRISES)
[2026-03-03 15:12:06] [WARNING] [DUPLICATE SKIPPED] 'Amaravathy Trailors' (owned by SHREYAA ENTERPRISES, attempted by SHREYAA ENTERPRISES)
[2026-03-03 15:12:06] [WARNING] [DUPLICATE SKIPPED] 'AMMAN EARTH MOVERS' (owned by SHREYAA ENTERPRISES, attempted by SHREYAA ENTERPRISES)
[2026-03-03 15:12:06] [WARNING] [DUPLICATE SKIPPED] 'AMR WELDING' (owned by SHREYAA ENTERPRISES, attempted by SHREYAA ENTERPRISES)
[2026-03-03 15:12:06] [WARNING] [DUPLICATE SKIPPED] 'AMUTHAN REFRIGRATION, MADURAI' (owned by SHREYAA ENTERPRISES, attempted by SHREYAA ENTERPRISES)
[2026-03-03 15:12:06] [WARNING] [DUPLICATE SKIPPED] 'Andal Welding Works' (owned by SHREYAA ENTERPRISES, attempted by SHREYAA ENTERPRISES)
[2026-03-03 15:12:06] [WARNING] [DUPLICATE SKIPPED] 'ANGALA ESWARI COMPONENTS' (owned by SHREYAA ENTERPRISES, attempted by SHREYAA ENTERPRISES)
[2026-03-03 15:12:06] [WARNING] [DUPLICATE SKIPPED] 'ANKIT RASTOGI, HYDERABAD' (owned by SHREYAA ENTERPRISES, attempted by SHREYAA ENTERPRISES)
[2026-03-03 15:12:06] [WARNING] [DUPLICATE SKIPPED] 'Annai Ambulance' (owned by SHREYAA ENTERPRISES, attempted by SHREYAA ENTERPRISES)
[2026-03-03 15:12:06] [WARNING] [DUPLICATE SKIPPED] 'ANTHONY RAJ.K' (owned by SHREYAA ENTERPRISES, attempted by SHREYAA ENTERPRISES)
[2026-03-03 15:12:06] [WARNING] [DUPLICATE SKIPPED] 'ARAVIND AROKKIYA SAMY' (owned by SHREYAA ENTERPRISES, attempted by SHREYAA ENTERPRISES)
[2026-03-03 15:12:06] [WARNING] [DUPLICATE SKIPPED] 'ARJUN DHALL MILL' (owned by SHREYAA ENTERPRISES, attempted by SHREYAA ENTERPRISES)
[2026-03-03 15:12:06] [WARNING] [DUPLICATE SKIPPED] 'A R METALS' (owned by SHREYAA ENTERPRISES, attempted by SHREYAA ENTERPRISES)
[2026-03-03 15:12:06] [WARNING] [DUPLICATE SKIPPED] 'ARUMUGAM (PATIENT)' (owned by SHREYAA ENTERPRISES, attempted by SHREYAA ENTERPRISES)
[2026-03-03 15:12:06] [WARNING] [DUPLICATE SKIPPED] 'ARUMUGAM S. KANNAN' (owned by SHREYAA ENTERPRISES, attempted by SHREYAA ENTERPRISES)
[2026-03-03 15:12:06] [WARNING] [DUPLICATE SKIPPED] 'Arunachalam Lathe' (owned by SHREYAA ENTERPRISES, attempted by SHREYAA ENTERPRISES)
[2026-03-03 15:12:06] [WARNING] [DUPLICATE SKIPPED] 'AR WELDING' (owned by SHREYAA ENTERPRISES, attempted by SHREYAA ENTERPRISES)
[2026-03-03 15:12:06] [WARNING] [DUPLICATE SKIPPED] 'AS AMBULANCE' (owned by SHREYAA ENTERPRISES, attempted by SHREYAA ENTERPRISES)
[2026-03-03 15:12:06] [WARNING] [DUPLICATE SKIPPED] 'ASHOK IRON SHOP' (owned by SHREYAA ENTERPRISES, attempted by SHREYAA ENTERPRISES)
[2026-03-03 15:12:06] [WARNING] [DUPLICATE SKIPPED] 'ASKS BLUE METAL' (owned by SHREYAA ENTERPRISES, attempted by SHREYAA ENTERPRISES)
[2026-03-03 15:12:06] [WARNING] [DUPLICATE SKIPPED] 'BALAGURU SAMY' (owned by SHREYAA ENTERPRISES, attempted by SHREYAA ENTERPRISES)
[2026-03-03 15:12:06] [WARNING] [DUPLICATE SKIPPED] 'BALASUBRAMANIAN FUELS' (owned by SHREYAA ENTERPRISES, attempted by SHREYAA ENTERPRISES)
[2026-03-03 15:12:06] [WARNING] [DUPLICATE SKIPPED] 'BHARATH BRICKS' (owned by SHREYAA ENTERPRISES, attempted by SHREYAA ENTERPRISES)
[2026-03-03 15:12:06] [WARNING] [DUPLICATE SKIPPED] 'BHARATH BRICKS-8525941023' (owned by SHREYAA ENTERPRISES, attempted by SHREYAA ENTERPRISES)
[2026-03-03 15:12:06] [WARNING] [DUPLICATE SKIPPED] 'B.KARTHIK  KUMAR' (owned by SHREYAA ENTERPRISES, attempted by SHREYAA ENTERPRISES)
[2026-03-03 15:12:06] [WARNING] [DUPLICATE SKIPPED] 'Bms Blue Metal' (owned by SHREYAA ENTERPRISES, attempted by SHREYAA ENTERPRISES)
[2026-03-03 15:12:06] [WARNING] [DUPLICATE SKIPPED] 'CDR&CO' (owned by SHREYAA ENTERPRISES, attempted by SHREYAA ENTERPRISES)
[2026-03-03 15:12:06] [WARNING] [DUPLICATE SKIPPED] 'CENMARK IRRIGATION' (owned by SHREYAA ENTERPRISES, attempted by SHREYAA ENTERPRISES)
[2026-03-03 15:12:06] [WARNING] [DUPLICATE SKIPPED] 'CERAMIC PRO MADURAI' (owned by SHREYAA ENTERPRISES, attempted by SHREYAA ENTERPRISES)
[2026-03-03 15:12:06] [WARNING] [DUPLICATE SKIPPED] 'CHAIRMAN SNACKS' (owned by SHREYAA ENTERPRISES, attempted by SHREYAA ENTERPRISES)
[2026-03-03 15:12:06] [WARNING] [DUPLICATE SKIPPED] 'CHALLENGE COLOURS-Usilampatti' (owned by SHREYAA ENTERPRISES, attempted by SHREYAA ENTERPRISES)
[2026-03-03 15:12:06] [WARNING] [DUPLICATE SKIPPED] 'Chandran Welding Works' (owned by SHREYAA ENTERPRISES, attempted by SHREYAA ENTERPRISES)
[2026-03-03 15:12:06] [WARNING] [DUPLICATE SKIPPED] 'CHEELAPANDI' (owned by SHREYAA ENTERPRISES, attempted by SHREYAA ENTERPRISES)
[2026-03-03 15:12:06] [WARNING] [DUPLICATE SKIPPED] 'CHELLAPPA, MADURAI' (owned by SHREYAA ENTERPRISES, attempted by SHREYAA ENTERPRISES)
[2026-03-03 15:12:06] [WARNING] [DUPLICATE SKIPPED] 'CHENNAI STEELS' (owned by SHREYAA ENTERPRISES, attempted by SHREYAA ENTERPRISES)
[2026-03-03 15:12:06] [WARNING] [DUPLICATE SKIPPED] 'CHOKKAN PALANI VILAS' (owned by SHREYAA ENTERPRISES, attempted by SHREYAA ENTERPRISES)
[2026-03-03 15:12:06] [WARNING] [DUPLICATE SKIPPED] 'CLASSIC ROCKS' (owned by SHREYAA ENTERPRISES, attempted by SHREYAA ENTERPRISES)
[2026-03-03 15:12:06] [WARNING] [DUPLICATE SKIPPED] 'CMS BLUE METAL' (owned by SHREYAA ENTERPRISES, attempted by SHREYAA ENTERPRISES)
[2026-03-03 15:12:06] [WARNING] [DUPLICATE SKIPPED] 'COLOUMBS INDUSTRIES , SUNGURAMPATTI' (owned by SHREYAA ENTERPRISES, attempted by SHREYAA ENTERPRISES)
[2026-03-03 15:12:06] [WARNING] [DUPLICATE SKIPPED] 'DEBTOR DIFFERENT' (owned by SHREYAA ENTERPRISES, attempted by SHREYAA ENTERPRISES)
[2026-03-03 15:12:06] [WARNING] [DUPLICATE SKIPPED] 'DEPOIST-ABISHEK KUMAR' (owned by SHREYAA ENTERPRISES, attempted by SHREYAA ENTERPRISES)
[2026-03-03 15:12:06] [WARNING] [DUPLICATE SKIPPED] 'DEPOIST. SRI KRISHNA WELDDING' (owned by SHREYAA ENTERPRISES, attempted by SHREYAA ENTERPRISES)
[2026-03-03 15:12:06] [WARNING] [DUPLICATE SKIPPED] 'DEPOSIT.ALAGAR SAMY' (owned by SHREYAA ENTERPRISES, attempted by SHREYAA ENTERPRISES)
[2026-03-03 15:12:06] [WARNING] [DUPLICATE SKIPPED] 'DHIYA SRI AMBULANCE, THIRUPPUVANAM' (owned by SHREYAA ENTERPRISES, attempted by SHREYAA ENTERPRISES)
[2026-03-03 15:12:06] [WARNING] [DUPLICATE SKIPPED] 'DINESH - THALLAKULAM' (owned by SHREYAA ENTERPRISES, attempted by SHREYAA ENTERPRISES)
[2026-03-03 15:12:06] [WARNING] [DUPLICATE SKIPPED] 'Dk Blue Metal' (owned by SHREYAA ENTERPRISES, attempted by SHREYAA ENTERPRISES)
[2026-03-03 15:12:06] [WARNING] [DUPLICATE SKIPPED] 'DR.PATEN RAJA' (owned by SHREYAA ENTERPRISES, attempted by SHREYAA ENTERPRISES)
[2026-03-03 15:12:06] [WARNING] [DUPLICATE SKIPPED] 'DR.RAMA SUBRAMANIAN' (owned by SHREYAA ENTERPRISES, attempted by SHREYAA ENTERPRISES)
[2026-03-03 15:12:06] [WARNING] [DUPLICATE SKIPPED] 'DR.SRINIVASAN' (owned by SHREYAA ENTERPRISES, attempted by SHREYAA ENTERPRISES)
[2026-03-03 15:12:06] [WARNING] [DUPLICATE SKIPPED] 'DURAI PANDI SAMY' (owned by SHREYAA ENTERPRISES, attempted by SHREYAA ENTERPRISES)
[2026-03-03 15:12:06] [WARNING] [DUPLICATE SKIPPED] 'ENTHU NADAR KARIYAOATTI' (owned by SHREYAA ENTERPRISES, attempted by SHREYAA ENTERPRISES)
[2026-03-03 15:12:06] [WARNING] [DUPLICATE SKIPPED] 'EVERSILVER AND METAL BROKEN LATH' (owned by SHREYAA ENTERPRISES, attempted by SHREYAA ENTERPRISES)
[2026-03-03 15:12:06] [WARNING] [DUPLICATE SKIPPED] 'GAMETE CELLS SCIENCE HEALTH CARE PVT LTD' (owned by SHREYAA ENTERPRISES, attempted by SHREYAA ENTERPRISES)
[2026-03-03 15:12:06] [WARNING] [DUPLICATE SKIPPED] 'Ganesan Lathe' (owned by SHREYAA ENTERPRISES, attempted by SHREYAA ENTERPRISES)
[2026-03-03 15:12:06] [WARNING] [DUPLICATE SKIPPED] 'Gene Art Bank' (owned by SHREYAA ENTERPRISES, attempted by SHREYAA ENTERPRISES)
[2026-03-03 15:12:06] [WARNING] [DUPLICATE SKIPPED] 'GNANAM METAL' (owned by SHREYAA ENTERPRISES, attempted by SHREYAA ENTERPRISES)
[2026-03-03 15:12:06] [WARNING] [DUPLICATE SKIPPED] 'GOLDEN TRADERS' (owned by SHREYAA ENTERPRISES, attempted by SHREYAA ENTERPRISES)
[2026-03-03 15:12:06] [WARNING] [DUPLICATE SKIPPED] 'GOODWILL STEELS' (owned by SHREYAA ENTERPRISES, attempted by SHREYAA ENTERPRISES)
[2026-03-03 15:12:06] [WARNING] [DUPLICATE SKIPPED] 'GOWERI HARI RAM' (owned by SHREYAA ENTERPRISES, attempted by SHREYAA ENTERPRISES)
[2026-03-03 15:12:06] [WARNING] [DUPLICATE SKIPPED] 'GOWTHAM CLINIC' (owned by SHREYAA ENTERPRISES, attempted by SHREYAA ENTERPRISES)
[2026-03-03 15:12:06] [WARNING] [DUPLICATE SKIPPED] 'G.PANDIYARAJ' (owned by SHREYAA ENTERPRISES, attempted by SHREYAA ENTERPRISES)
[2026-03-03 15:12:06] [WARNING] [DUPLICATE SKIPPED] 'GTN WELDING WORK' (owned by SHREYAA ENTERPRISES, attempted by SHREYAA ENTERPRISES)
[2026-03-03 15:12:06] [WARNING] [DUPLICATE SKIPPED] 'GUDLYE MOBITY P LTD' (owned by SHREYAA ENTERPRISES, attempted by SHREYAA ENTERPRISES)
[2026-03-03 15:12:06] [WARNING] [DUPLICATE SKIPPED] 'GUNASEKARAN' (owned by SHREYAA ENTERPRISES, attempted by SHREYAA ENTERPRISES)
[2026-03-03 15:12:06] [WARNING] [DUPLICATE SKIPPED] 'Guru Pradeep - Svk' (owned by SHREYAA ENTERPRISES, attempted by SHREYAA ENTERPRISES)
[2026-03-03 15:12:06] [WARNING] [DUPLICATE SKIPPED] 'Gv Tnfira' (owned by SHREYAA ENTERPRISES, attempted by SHREYAA ENTERPRISES)
[2026-03-03 15:12:06] [WARNING] [DUPLICATE SKIPPED] 'G.V. TRADERS' (owned by SHREYAA ENTERPRISES, attempted by SHREYAA ENTERPRISES)
[2026-03-03 15:12:06] [WARNING] [DUPLICATE SKIPPED] 'HAPPY FIN AQUA' (owned by SHREYAA ENTERPRISES, attempted by SHREYAA ENTERPRISES)
[2026-03-03 15:12:06] [WARNING] [DUPLICATE SKIPPED] 'HARINISRI COLOURS-AANDIPATTI' (owned by SHREYAA ENTERPRISES, attempted by SHREYAA ENTERPRISES)
[2026-03-03 15:12:06] [WARNING] [DUPLICATE SKIPPED] 'HI-TECH STEELS' (owned by SHREYAA ENTERPRISES, attempted by SHREYAA ENTERPRISES)
[2026-03-03 15:12:06] [WARNING] [DUPLICATE SKIPPED] 'HS Gas Agency' (owned by SHREYAA ENTERPRISES, attempted by SHREYAA ENTERPRISES)
[2026-03-03 15:12:06] [WARNING] [DUPLICATE SKIPPED] 'ILAYAYA RAJA, SELLUR' (owned by SHREYAA ENTERPRISES, attempted by SHREYAA ENTERPRISES)
[2026-03-03 15:12:06] [WARNING] [DUPLICATE SKIPPED] 'IMRAN STEEL' (owned by SHREYAA ENTERPRISES, attempted by SHREYAA ENTERPRISES)
[2026-03-03 15:12:06] [WARNING] [DUPLICATE SKIPPED] 'Indira Gas Agency' (owned by SHREYAA ENTERPRISES, attempted by SHREYAA ENTERPRISES)
[2026-03-03 15:12:06] [WARNING] [DUPLICATE SKIPPED] 'INEEYA STEEL' (owned by SHREYAA ENTERPRISES, attempted by SHREYAA ENTERPRISES)
[2026-03-03 15:12:06] [WARNING] [DUPLICATE SKIPPED] 'JACOB' (owned by SHREYAA ENTERPRISES, attempted by SHREYAA ENTERPRISES)
[2026-03-03 15:12:06] [WARNING] [DUPLICATE SKIPPED] 'JACOP' (owned by SHREYAA ENTERPRISES, attempted by SHREYAA ENTERPRISES)
[2026-03-03 15:12:06] [WARNING] [DUPLICATE SKIPPED] 'JALAMAN' (owned by SHREYAA ENTERPRISES, attempted by SHREYAA ENTERPRISES)
[2026-03-03 15:12:06] [WARNING] [DUPLICATE SKIPPED] 'JASMINE BLUE METAL' (owned by SHREYAA ENTERPRISES, attempted by SHREYAA ENTERPRISES)
[2026-03-03 15:12:06] [WARNING] [DUPLICATE SKIPPED] 'JAVED HUSSAIN' (owned by SHREYAA ENTERPRISES, attempted by SHREYAA ENTERPRISES)
[2026-03-03 15:12:06] [WARNING] [DUPLICATE SKIPPED] 'JAWAHAR HOSPITAL - Peraiyur' (owned by SHREYAA ENTERPRISES, attempted by SHREYAA ENTERPRISES)
[2026-03-03 15:12:06] [WARNING] [DUPLICATE SKIPPED] 'JEGADISH ADVERTISING' (owned by SHREYAA ENTERPRISES, attempted by SHREYAA ENTERPRISES)
[2026-03-03 15:12:06] [WARNING] [DUPLICATE SKIPPED] 'JEGA STEELS INDUSTRIAL' (owned by SHREYAA ENTERPRISES, attempted by SHREYAA ENTERPRISES)
[2026-03-03 15:12:06] [WARNING] [DUPLICATE SKIPPED] 'JEYA CHANDIRAN' (owned by SHREYAA ENTERPRISES, attempted by SHREYAA ENTERPRISES)
[2026-03-03 15:12:06] [WARNING] [DUPLICATE SKIPPED] 'JEYAM BLUE METAL' (owned by SHREYAA ENTERPRISES, attempted by SHREYAA ENTERPRISES)
[2026-03-03 15:12:06] [WARNING] [DUPLICATE SKIPPED] 'JEYAM BLUE METAL - KACHAKATTI' (owned by SHREYAA ENTERPRISES, attempted by SHREYAA ENTERPRISES)
[2026-03-03 15:12:06] [WARNING] [DUPLICATE SKIPPED] 'JEYAMEENKSHI STEEL' (owned by SHREYAA ENTERPRISES, attempted by SHREYAA ENTERPRISES)
[2026-03-03 15:12:06] [WARNING] [DUPLICATE SKIPPED] 'JEYAM TRACTOR WORKS' (owned by SHREYAA ENTERPRISES, attempted by SHREYAA ENTERPRISES)
[2026-03-03 15:12:06] [WARNING] [DUPLICATE SKIPPED] 'J J  EARTH MOVERS' (owned by SHREYAA ENTERPRISES, attempted by SHREYAA ENTERPRISES)
[2026-03-03 15:12:06] [WARNING] [DUPLICATE SKIPPED] 'JKANS HOTEL, MADURAI' (owned by SHREYAA ENTERPRISES, attempted by SHREYAA ENTERPRISES)
[2026-03-03 15:12:06] [WARNING] [DUPLICATE SKIPPED] 'JK TRADERS' (owned by SHREYAA ENTERPRISES, attempted by SHREYAA ENTERPRISES)
[2026-03-03 15:12:06] [WARNING] [DUPLICATE SKIPPED] 'J.M.BLUE METAL' (owned by SHREYAA ENTERPRISES, attempted by SHREYAA ENTERPRISES)
[2026-03-03 15:12:06] [WARNING] [DUPLICATE SKIPPED] 'Jum Jum Traders' (owned by SHREYAA ENTERPRISES, attempted by SHREYAA ENTERPRISES)
[2026-03-03 15:12:06] [WARNING] [DUPLICATE SKIPPED] 'KADASARI AUTOMOBILES' (owned by SHREYAA ENTERPRISES, attempted by SHREYAA ENTERPRISES)
[2026-03-03 15:12:06] [WARNING] [DUPLICATE SKIPPED] 'KALIDASSAN' (owned by SHREYAA ENTERPRISES, attempted by SHREYAA ENTERPRISES)
[2026-03-03 15:12:06] [WARNING] [DUPLICATE SKIPPED] 'Kamatchi  Agencies' (owned by SHREYAA ENTERPRISES, attempted by SHREYAA ENTERPRISES)
[2026-03-03 15:12:06] [WARNING] [DUPLICATE SKIPPED] 'KANNALAGAN TREDERS .PARAVAI' (owned by SHREYAA ENTERPRISES, attempted by SHREYAA ENTERPRISES)
[2026-03-03 15:12:06] [WARNING] [DUPLICATE SKIPPED] 'Karal Welding' (owned by SHREYAA ENTERPRISES, attempted by SHREYAA ENTERPRISES)
[2026-03-03 15:12:06] [WARNING] [DUPLICATE SKIPPED] 'KARPAGA VINAYAGAR ENGINEERING WORK' (owned by SHREYAA ENTERPRISES, attempted by SHREYAA ENTERPRISES)
[2026-03-03 15:12:06] [WARNING] [DUPLICATE SKIPPED] 'KARTHICK BLUE METAL' (owned by SHREYAA ENTERPRISES, attempted by SHREYAA ENTERPRISES)
[2026-03-03 15:12:06] [WARNING] [DUPLICATE SKIPPED] 'KARTHICK MEDICAL CENTER' (owned by SHREYAA ENTERPRISES, attempted by SHREYAA ENTERPRISES)
[2026-03-03 15:12:06] [WARNING] [DUPLICATE SKIPPED] 'KEREN MATRIC HIGH SCHOOL' (owned by SHREYAA ENTERPRISES, attempted by SHREYAA ENTERPRISES)
[2026-03-03 15:12:06] [WARNING] [DUPLICATE SKIPPED] 'KESAVAN (Contractor)' (owned by SHREYAA ENTERPRISES, attempted by SHREYAA ENTERPRISES)
[2026-03-03 15:12:06] [WARNING] [DUPLICATE SKIPPED] 'K.K. Engineering, Madurai' (owned by SHREYAA ENTERPRISES, attempted by SHREYAA ENTERPRISES)
[2026-03-03 15:12:06] [WARNING] [DUPLICATE SKIPPED] 'KPS AMBULANCE' (owned by SHREYAA ENTERPRISES, attempted by SHREYAA ENTERPRISES)
[2026-03-03 15:12:06] [WARNING] [DUPLICATE SKIPPED] 'K.R. RAJA, PARAMAKUDI' (owned by SHREYAA ENTERPRISES, attempted by SHREYAA ENTERPRISES)
[2026-03-03 15:12:06] [WARNING] [DUPLICATE SKIPPED] 'KS THANVANTH EARTH MOVERS' (owned by SHREYAA ENTERPRISES, attempted by SHREYAA ENTERPRISES)
[2026-03-03 15:12:06] [WARNING] [DUPLICATE SKIPPED] 'LAKSHMANA IRON SHOP' (owned by SHREYAA ENTERPRISES, attempted by SHREYAA ENTERPRISES)
[2026-03-03 15:12:06] [WARNING] [DUPLICATE SKIPPED] 'LAKSHMI DEVI' (owned by SHREYAA ENTERPRISES, attempted by SHREYAA ENTERPRISES)
[2026-03-03 15:12:06] [WARNING] [DUPLICATE SKIPPED] 'LDC' (owned by SHREYAA ENTERPRISES, attempted by SHREYAA ENTERPRISES)
[2026-03-03 15:12:06] [WARNING] [DUPLICATE SKIPPED] 'Lucky Cool Drinks' (owned by SHREYAA ENTERPRISES, attempted by SHREYAA ENTERPRISES)
[2026-03-03 15:12:06] [WARNING] [DUPLICATE SKIPPED] 'MADHU SHANKAR' (owned by SHREYAA ENTERPRISES, attempted by SHREYAA ENTERPRISES)
[2026-03-03 15:12:06] [WARNING] [DUPLICATE SKIPPED] 'MADURAI OXYGEN' (owned by SHREYAA ENTERPRISES, attempted by SHREYAA ENTERPRISES)
[2026-03-03 15:12:06] [WARNING] [DUPLICATE SKIPPED] 'MADURAI REFRIGERATION SERVICE' (owned by SHREYAA ENTERPRISES, attempted by SHREYAA ENTERPRISES)
[2026-03-03 15:12:06] [WARNING] [DUPLICATE SKIPPED] 'Maha Ganapathi Engineering Works' (owned by SHREYAA ENTERPRISES, attempted by SHREYAA ENTERPRISES)
[2026-03-03 15:12:06] [WARNING] [DUPLICATE SKIPPED] 'Mahalingam iron shop' (owned by SHREYAA ENTERPRISES, attempted by SHREYAA ENTERPRISES)
[2026-03-03 15:12:06] [WARNING] [DUPLICATE SKIPPED] 'MAHANICK' (owned by SHREYAA ENTERPRISES, attempted by SHREYAA ENTERPRISES)
[2026-03-03 15:12:06] [WARNING] [DUPLICATE SKIPPED] 'Maharaja Agencies - Othakadai' (owned by SHREYAA ENTERPRISES, attempted by SHREYAA ENTERPRISES)
[2026-03-03 15:12:06] [WARNING] [DUPLICATE SKIPPED] 'MAHENDAR, NATTARMANGALAM' (owned by SHREYAA ENTERPRISES, attempted by SHREYAA ENTERPRISES)
[2026-03-03 15:12:06] [WARNING] [DUPLICATE SKIPPED] 'MAHI TREDERS' (owned by SHREYAA ENTERPRISES, attempted by SHREYAA ENTERPRISES)
[2026-03-03 15:12:06] [WARNING] [DUPLICATE SKIPPED] 'Malliga Infira' (owned by SHREYAA ENTERPRISES, attempted by SHREYAA ENTERPRISES)
[2026-03-03 15:12:06] [WARNING] [DUPLICATE SKIPPED] 'Mani's Steels' (owned by SHREYAA ENTERPRISES, attempted by SHREYAA ENTERPRISES)
[2026-03-03 15:12:06] [WARNING] [DUPLICATE SKIPPED] 'Manikandan' (owned by SHREYAA ENTERPRISES, attempted by SHREYAA ENTERPRISES)
[2026-03-03 15:12:06] [WARNING] [DUPLICATE SKIPPED] 'MANIKKA PRAKASH' (owned by SHREYAA ENTERPRISES, attempted by SHREYAA ENTERPRISES)
[2026-03-03 15:12:06] [WARNING] [DUPLICATE SKIPPED] 'MARIMUTHU SILVER PATTARAI' (owned by SHREYAA ENTERPRISES, attempted by SHREYAA ENTERPRISES)
[2026-03-03 15:12:06] [WARNING] [DUPLICATE SKIPPED] 'MARIYAPPAN SILVER WORKSHOP' (owned by SHREYAA ENTERPRISES, attempted by SHREYAA ENTERPRISES)
[2026-03-03 15:12:06] [WARNING] [DUPLICATE SKIPPED] 'MARUDHU WELDING WORKS' (owned by SHREYAA ENTERPRISES, attempted by SHREYAA ENTERPRISES)
[2026-03-03 15:12:06] [WARNING] [DUPLICATE SKIPPED] 'M.DURAI PANDI' (owned by SHREYAA ENTERPRISES, attempted by SHREYAA ENTERPRISES)
[2026-03-03 15:12:06] [WARNING] [DUPLICATE SKIPPED] 'MENAKA MILLS PRIVATE LIMITED' (owned by SHREYAA ENTERPRISES, attempted by SHREYAA ENTERPRISES)
[2026-03-03 15:12:06] [WARNING] [DUPLICATE SKIPPED] 'Meracle Scans, Ramnad' (owned by SHREYAA ENTERPRISES, attempted by SHREYAA ENTERPRISES)
[2026-03-03 15:12:06] [WARNING] [DUPLICATE SKIPPED] 'MKM ANNAMAYIL BLUE METAL' (owned by SHREYAA ENTERPRISES, attempted by SHREYAA ENTERPRISES)
[2026-03-03 15:12:06] [WARNING] [DUPLICATE SKIPPED] 'MK SWAMY BLUE METAL' (owned by SHREYAA ENTERPRISES, attempted by SHREYAA ENTERPRISES)
[2026-03-03 15:12:06] [WARNING] [DUPLICATE SKIPPED] 'MOBILE BAZAAR' (owned by SHREYAA ENTERPRISES, attempted by SHREYAA ENTERPRISES)
[2026-03-03 15:12:06] [WARNING] [DUPLICATE SKIPPED] 'MOHAN(AVANIYA PURAM)' (owned by SHREYAA ENTERPRISES, attempted by SHREYAA ENTERPRISES)
[2026-03-03 15:12:06] [WARNING] [DUPLICATE SKIPPED] 'Moni's Events' (owned by SHREYAA ENTERPRISES, attempted by SHREYAA ENTERPRISES)
[2026-03-03 15:12:06] [WARNING] [DUPLICATE SKIPPED] 'MOTHER CARE' (owned by SHREYAA ENTERPRISES, attempted by SHREYAA ENTERPRISES)
[2026-03-03 15:12:06] [WARNING] [DUPLICATE SKIPPED] 'M R AMBULANCE' (owned by SHREYAA ENTERPRISES, attempted by SHREYAA ENTERPRISES)
[2026-03-03 15:12:06] [WARNING] [DUPLICATE SKIPPED] 'MR.PANDIYARAJAN' (owned by SHREYAA ENTERPRISES, attempted by SHREYAA ENTERPRISES)
[2026-03-03 15:12:06] [WARNING] [DUPLICATE SKIPPED] 'MR.RATHINAM' (owned by SHREYAA ENTERPRISES, attempted by SHREYAA ENTERPRISES)
[2026-03-03 15:12:06] [WARNING] [DUPLICATE SKIPPED] 'MR.SUTHAKAR' (owned by SHREYAA ENTERPRISES, attempted by SHREYAA ENTERPRISES)
[2026-03-03 15:12:06] [WARNING] [DUPLICATE SKIPPED] 'MSK CONSTRUSAN' (owned by SHREYAA ENTERPRISES, attempted by SHREYAA ENTERPRISES)
[2026-03-03 15:12:06] [WARNING] [DUPLICATE SKIPPED] 'M.S.LASER DESIGN WORKS' (owned by SHREYAA ENTERPRISES, attempted by SHREYAA ENTERPRISES)
[2026-03-03 15:12:06] [WARNING] [DUPLICATE SKIPPED] 'Mugilavan - Tiruppuvanam' (owned by SHREYAA ENTERPRISES, attempted by SHREYAA ENTERPRISES)
[2026-03-03 15:12:06] [WARNING] [DUPLICATE SKIPPED] 'Murali Manokaran' (owned by SHREYAA ENTERPRISES, attempted by SHREYAA ENTERPRISES)
[2026-03-03 15:12:06] [WARNING] [DUPLICATE SKIPPED] 'MURUGAN IRON SHOP' (owned by SHREYAA ENTERPRISES, attempted by SHREYAA ENTERPRISES)
[2026-03-03 15:12:06] [WARNING] [DUPLICATE SKIPPED] 'Murugesan Iron Shop Paramakudi' (owned by SHREYAA ENTERPRISES, attempted by SHREYAA ENTERPRISES)
[2026-03-03 15:12:06] [WARNING] [DUPLICATE SKIPPED] 'MUTHUKUMAR-TMM' (owned by SHREYAA ENTERPRISES, attempted by SHREYAA ENTERPRISES)
[2026-03-03 15:12:06] [WARNING] [DUPLICATE SKIPPED] 'MVC Kumar' (owned by SHREYAA ENTERPRISES, attempted by SHREYAA ENTERPRISES)
[2026-03-03 15:12:06] [WARNING] [DUPLICATE SKIPPED] 'M.VIJAYAN' (owned by SHREYAA ENTERPRISES, attempted by SHREYAA ENTERPRISES)
[2026-03-03 15:12:06] [WARNING] [DUPLICATE SKIPPED] 'MV READYMIX PLANT' (owned by SHREYAA ENTERPRISES, attempted by SHREYAA ENTERPRISES)
[2026-03-03 15:12:06] [WARNING] [DUPLICATE SKIPPED] 'Nannappa Mughamadu' (owned by SHREYAA ENTERPRISES, attempted by SHREYAA ENTERPRISES)
[2026-03-03 15:12:06] [WARNING] [DUPLICATE SKIPPED] 'Nanthini Steel' (owned by SHREYAA ENTERPRISES, attempted by SHREYAA ENTERPRISES)
[2026-03-03 15:12:06] [WARNING] [DUPLICATE SKIPPED] 'Navaneethan' (owned by SHREYAA ENTERPRISES, attempted by SHREYAA ENTERPRISES)
[2026-03-03 15:12:06] [WARNING] [DUPLICATE SKIPPED] 'Nethaji Ambulance' (owned by SHREYAA ENTERPRISES, attempted by SHREYAA ENTERPRISES)
[2026-03-03 15:12:06] [WARNING] [DUPLICATE SKIPPED] 'New Bharath Trailers & Farm Equipments' (owned by SHREYAA ENTERPRISES, attempted by SHREYAA ENTERPRISES)
[2026-03-03 15:12:06] [WARNING] [DUPLICATE SKIPPED] 'New India Steel' (owned by SHREYAA ENTERPRISES, attempted by SHREYAA ENTERPRISES)
[2026-03-03 15:12:06] [WARNING] [DUPLICATE SKIPPED] 'NEW MADHA' (owned by SHREYAA ENTERPRISES, attempted by SHREYAA ENTERPRISES)
[2026-03-03 15:12:06] [WARNING] [DUPLICATE SKIPPED] 'NOOR BHAI' (owned by SHREYAA ENTERPRISES, attempted by SHREYAA ENTERPRISES)
[2026-03-03 15:12:06] [WARNING] [DUPLICATE SKIPPED] 'N. R TRADERS' (owned by SHREYAA ENTERPRISES, attempted by SHREYAA ENTERPRISES)
[2026-03-03 15:12:06] [WARNING] [DUPLICATE SKIPPED] 'N.SUBBURAJ' (owned by SHREYAA ENTERPRISES, attempted by SHREYAA ENTERPRISES)
[2026-03-03 15:12:06] [WARNING] [DUPLICATE SKIPPED] 'OM MURUGA AGENCIES' (owned by SHREYAA ENTERPRISES, attempted by SHREYAA ENTERPRISES)
[2026-03-03 15:12:06] [WARNING] [DUPLICATE SKIPPED] 'OSR FISH COMMISSION SHOP' (owned by SHREYAA ENTERPRISES, attempted by SHREYAA ENTERPRISES)
[2026-03-03 15:12:06] [WARNING] [DUPLICATE SKIPPED] 'PADMA SAGAYA ARAKKATTALAI' (owned by SHREYAA ENTERPRISES, attempted by SHREYAA ENTERPRISES)
[2026-03-03 15:12:06] [WARNING] [DUPLICATE SKIPPED] 'PAMIR TUBES' (owned by SHREYAA ENTERPRISES, attempted by SHREYAA ENTERPRISES)
[2026-03-03 15:12:06] [WARNING] [DUPLICATE SKIPPED] 'PARAMASHIVAM ( TEA )' (owned by SHREYAA ENTERPRISES, attempted by SHREYAA ENTERPRISES)
[2026-03-03 15:12:06] [WARNING] [DUPLICATE SKIPPED] 'PASUMPON' (owned by SHREYAA ENTERPRISES, attempted by SHREYAA ENTERPRISES)
[2026-03-03 15:12:06] [WARNING] [DUPLICATE SKIPPED] 'PBM RAJA TRADERS' (owned by SHREYAA ENTERPRISES, attempted by SHREYAA ENTERPRISES)
[2026-03-03 15:12:06] [WARNING] [DUPLICATE SKIPPED] 'Pechiyamman Body Building' (owned by SHREYAA ENTERPRISES, attempted by SHREYAA ENTERPRISES)
[2026-03-03 15:12:06] [WARNING] [DUPLICATE SKIPPED] 'PITCHAI LATHE WORK' (owned by SHREYAA ENTERPRISES, attempted by SHREYAA ENTERPRISES)
[2026-03-03 15:12:06] [WARNING] [DUPLICATE SKIPPED] 'P. MANI' (owned by SHREYAA ENTERPRISES, attempted by SHREYAA ENTERPRISES)
[2026-03-03 15:12:06] [WARNING] [DUPLICATE SKIPPED] 'Pms Blue Metal' (owned by SHREYAA ENTERPRISES, attempted by SHREYAA ENTERPRISES)
[2026-03-03 15:12:06] [WARNING] [DUPLICATE SKIPPED] 'POONAMCHOWLA KTK' (owned by SHREYAA ENTERPRISES, attempted by SHREYAA ENTERPRISES)
[2026-03-03 15:12:06] [WARNING] [DUPLICATE SKIPPED] 'P.Pandiselvi' (owned by SHREYAA ENTERPRISES, attempted by SHREYAA ENTERPRISES)
[2026-03-03 15:12:06] [WARNING] [DUPLICATE SKIPPED] 'P.SASIKUMAR' (owned by SHREYAA ENTERPRISES, attempted by SHREYAA ENTERPRISES)
[2026-03-03 15:12:06] [WARNING] [DUPLICATE SKIPPED] 'P.VASIYAPPAN' (owned by SHREYAA ENTERPRISES, attempted by SHREYAA ENTERPRISES)
[2026-03-03 15:12:06] [WARNING] [DUPLICATE SKIPPED] 'RAGHAVENDRA FOODS' (owned by SHREYAA ENTERPRISES, attempted by SHREYAA ENTERPRISES)
[2026-03-03 15:12:06] [WARNING] [DUPLICATE SKIPPED] 'RAGURAM FOODS' (owned by SHREYAA ENTERPRISES, attempted by SHREYAA ENTERPRISES)
[2026-03-03 15:12:06] [WARNING] [DUPLICATE SKIPPED] 'RAHA ARTS TMM' (owned by SHREYAA ENTERPRISES, attempted by SHREYAA ENTERPRISES)
[2026-03-03 15:12:06] [WARNING] [DUPLICATE SKIPPED] 'Raja Esakkimuthu' (owned by SHREYAA ENTERPRISES, attempted by SHREYAA ENTERPRISES)
[2026-03-03 15:12:06] [WARNING] [DUPLICATE SKIPPED] 'Raja Mohammed' (owned by SHREYAA ENTERPRISES, attempted by SHREYAA ENTERPRISES)
[2026-03-03 15:12:06] [WARNING] [DUPLICATE SKIPPED] 'Raja Motors' (owned by SHREYAA ENTERPRISES, attempted by SHREYAA ENTERPRISES)
[2026-03-03 15:12:06] [WARNING] [DUPLICATE SKIPPED] 'RAJA U CLAMB, VILLANGUDI' (owned by SHREYAA ENTERPRISES, attempted by SHREYAA ENTERPRISES)
[2026-03-03 15:12:06] [WARNING] [DUPLICATE SKIPPED] 'RAJENDRAN' (owned by SHREYAA ENTERPRISES, attempted by SHREYAA ENTERPRISES)
[2026-03-03 15:12:06] [WARNING] [DUPLICATE SKIPPED] 'RAJESHKUMAR TRADERS' (owned by SHREYAA ENTERPRISES, attempted by SHREYAA ENTERPRISES)
[2026-03-03 15:12:06] [WARNING] [DUPLICATE SKIPPED] 'RAJKUMAR JOSPE ANTHONY THASAN' (owned by SHREYAA ENTERPRISES, attempted by SHREYAA ENTERPRISES)
[2026-03-03 15:12:06] [WARNING] [DUPLICATE SKIPPED] 'RAJMOHAN (GUVARI), ALAMPATTI' (owned by SHREYAA ENTERPRISES, attempted by SHREYAA ENTERPRISES)
[2026-03-03 15:12:06] [WARNING] [DUPLICATE SKIPPED] 'Ramanan SP' (owned by SHREYAA ENTERPRISES, attempted by SHREYAA ENTERPRISES)
[2026-03-03 15:12:06] [WARNING] [DUPLICATE SKIPPED] 'RAM JEEVAN, NATTARMANGALAM' (owned by SHREYAA ENTERPRISES, attempted by SHREYAA ENTERPRISES)
[2026-03-03 15:12:06] [WARNING] [DUPLICATE SKIPPED] 'Rani Store' (owned by SHREYAA ENTERPRISES, attempted by SHREYAA ENTERPRISES)
[2026-03-03 15:12:06] [WARNING] [DUPLICATE SKIPPED] 'RASIK OLD MOTOR PARTS' (owned by SHREYAA ENTERPRISES, attempted by SHREYAA ENTERPRISES)
[2026-03-03 15:12:06] [WARNING] [DUPLICATE SKIPPED] 'RA STEEL' (owned by SHREYAA ENTERPRISES, attempted by SHREYAA ENTERPRISES)
[2026-03-03 15:12:06] [WARNING] [DUPLICATE SKIPPED] 'Rathinavel tinger' (owned by SHREYAA ENTERPRISES, attempted by SHREYAA ENTERPRISES)
[2026-03-03 15:12:06] [WARNING] [DUPLICATE SKIPPED] 'RAVI TRAILOR' (owned by SHREYAA ENTERPRISES, attempted by SHREYAA ENTERPRISES)
[2026-03-03 15:12:06] [WARNING] [DUPLICATE SKIPPED] 'R. Ganesan, VNR' (owned by SHREYAA ENTERPRISES, attempted by SHREYAA ENTERPRISES)
[2026-03-03 15:12:06] [WARNING] [DUPLICATE SKIPPED] 'R.KANNAN TWO WHEELER TINKER WORK' (owned by SHREYAA ENTERPRISES, attempted by SHREYAA ENTERPRISES)
[2026-03-03 15:12:06] [WARNING] [DUPLICATE SKIPPED] 'R.K.SERVICES' (owned by SHREYAA ENTERPRISES, attempted by SHREYAA ENTERPRISES)
[2026-03-03 15:12:06] [WARNING] [DUPLICATE SKIPPED] 'RK TRAILERS' (owned by SHREYAA ENTERPRISES, attempted by SHREYAA ENTERPRISES)
[2026-03-03 15:12:06] [WARNING] [DUPLICATE SKIPPED] 'R. MOHAN, IYANKOTTAI' (owned by SHREYAA ENTERPRISES, attempted by SHREYAA ENTERPRISES)
[2026-03-03 15:12:06] [WARNING] [DUPLICATE SKIPPED] 'R.Paulpandi' (owned by SHREYAA ENTERPRISES, attempted by SHREYAA ENTERPRISES)
[2026-03-03 15:12:06] [WARNING] [DUPLICATE SKIPPED] 'R R LATHE WORKS' (owned by SHREYAA ENTERPRISES, attempted by SHREYAA ENTERPRISES)
[2026-03-03 15:12:06] [WARNING] [DUPLICATE SKIPPED] 'R.SARAVANAN' (owned by SHREYAA ENTERPRISES, attempted by SHREYAA ENTERPRISES)
[2026-03-03 15:12:06] [WARNING] [DUPLICATE SKIPPED] 'Rsk Stainless Steel' (owned by SHREYAA ENTERPRISES, attempted by SHREYAA ENTERPRISES)
[2026-03-03 15:12:06] [WARNING] [DUPLICATE SKIPPED] 'SAI ENTERPRISES' (owned by SHREYAA ENTERPRISES, attempted by SHREYAA ENTERPRISES)
[2026-03-03 15:12:06] [WARNING] [DUPLICATE SKIPPED] 'SAI PRAGATHI IRON WORK' (owned by SHREYAA ENTERPRISES, attempted by SHREYAA ENTERPRISES)
[2026-03-03 15:12:06] [WARNING] [DUPLICATE SKIPPED] 'Sai Pranesh Agency, Natham' (owned by SHREYAA ENTERPRISES, attempted by SHREYAA ENTERPRISES)
[2026-03-03 15:12:06] [WARNING] [DUPLICATE SKIPPED] 'SAI RAM CONTRUCTION, MELAKOTTAI' (owned by SHREYAA ENTERPRISES, attempted by SHREYAA ENTERPRISES)
[2026-03-03 15:12:06] [WARNING] [DUPLICATE SKIPPED] 'SANKAR' (owned by SHREYAA ENTERPRISES, attempted by SHREYAA ENTERPRISES)
[2026-03-03 15:12:06] [WARNING] [DUPLICATE SKIPPED] 'SANKARALINGAM -LN2' (owned by SHREYAA ENTERPRISES, attempted by SHREYAA ENTERPRISES)
[2026-03-03 15:12:06] [WARNING] [DUPLICATE SKIPPED] 'SANKAR AUTO WORKS' (owned by SHREYAA ENTERPRISES, attempted by SHREYAA ENTERPRISES)
[2026-03-03 15:12:06] [WARNING] [DUPLICATE SKIPPED] 'SANTHOSH CLINIC' (owned by SHREYAA ENTERPRISES, attempted by SHREYAA ENTERPRISES)
[2026-03-03 15:12:06] [WARNING] [DUPLICATE SKIPPED] 'SANTHOSH INDUSTRIES' (owned by SHREYAA ENTERPRISES, attempted by SHREYAA ENTERPRISES)
[2026-03-03 15:12:06] [WARNING] [DUPLICATE SKIPPED] 'Sasi Arthanari' (owned by SHREYAA ENTERPRISES, attempted by SHREYAA ENTERPRISES)
[2026-03-03 15:12:06] [WARNING] [DUPLICATE SKIPPED] 'SEKAR BLUE METAL, THENI' (owned by SHREYAA ENTERPRISES, attempted by SHREYAA ENTERPRISES)
[2026-03-03 15:12:06] [WARNING] [DUPLICATE SKIPPED] 'Sekar Iron Shop Theni' (owned by SHREYAA ENTERPRISES, attempted by SHREYAA ENTERPRISES)
[2026-03-03 15:12:06] [WARNING] [DUPLICATE SKIPPED] 'SELVARAJ' (owned by SHREYAA ENTERPRISES, attempted by SHREYAA ENTERPRISES)
[2026-03-03 15:12:06] [WARNING] [DUPLICATE SKIPPED] 'Shahul' (owned by SHREYAA ENTERPRISES, attempted by SHREYAA ENTERPRISES)
[2026-03-03 15:12:06] [WARNING] [DUPLICATE SKIPPED] 'Shajagan' (owned by SHREYAA ENTERPRISES, attempted by SHREYAA ENTERPRISES)
[2026-03-03 15:12:06] [WARNING] [DUPLICATE SKIPPED] 'Shree Guru Govind Enterprises' (owned by SHREYAA ENTERPRISES, attempted by SHREYAA ENTERPRISES)
[2026-03-03 15:12:06] [WARNING] [DUPLICATE SKIPPED] 'SHREE KAMATCHIAMMAN STEELS' (owned by SHREYAA ENTERPRISES, attempted by SHREYAA ENTERPRISES)
[2026-03-03 15:12:06] [WARNING] [DUPLICATE SKIPPED] 'SHRI MEENAKSHI SUNDARESHWARAR GRANITES.' (owned by SHREYAA ENTERPRISES, attempted by SHREYAA ENTERPRISES)
[2026-03-03 15:12:06] [WARNING] [DUPLICATE SKIPPED] 'Shri Perumal Gases' (owned by SHREYAA ENTERPRISES, attempted by SHREYAA ENTERPRISES)
[2026-03-03 15:12:06] [WARNING] [DUPLICATE SKIPPED] 'SIKKANTHAR, VALAYAPATTI' (owned by SHREYAA ENTERPRISES, attempted by SHREYAA ENTERPRISES)
[2026-03-03 15:12:06] [WARNING] [DUPLICATE SKIPPED] 'SIVARANJANI LATHE WORKS' (owned by SHREYAA ENTERPRISES, attempted by SHREYAA ENTERPRISES)
[2026-03-03 15:12:06] [WARNING] [DUPLICATE SKIPPED] 'S K DEVENDRAN' (owned by SHREYAA ENTERPRISES, attempted by SHREYAA ENTERPRISES)
[2026-03-03 15:12:06] [WARNING] [DUPLICATE SKIPPED] 'S.K.M LORRY BODY BUILDERS' (owned by SHREYAA ENTERPRISES, attempted by SHREYAA ENTERPRISES)
[2026-03-03 15:12:06] [WARNING] [DUPLICATE SKIPPED] 'SM PATTARAI' (owned by SHREYAA ENTERPRISES, attempted by SHREYAA ENTERPRISES)
[2026-03-03 15:12:06] [WARNING] [DUPLICATE SKIPPED] 'S.M.S.STEEL' (owned by SHREYAA ENTERPRISES, attempted by SHREYAA ENTERPRISES)
[2026-03-03 15:12:06] [WARNING] [DUPLICATE SKIPPED] 'SOLOMAN CLINIC' (owned by SHREYAA ENTERPRISES, attempted by SHREYAA ENTERPRISES)
[2026-03-03 15:12:06] [WARNING] [DUPLICATE SKIPPED] 'Sree Bairava Trailors & Water Tanker' (owned by SHREYAA ENTERPRISES, attempted by SHREYAA ENTERPRISES)
[2026-03-03 15:12:06] [WARNING] [DUPLICATE SKIPPED] 'SREE JEYAM EXIM' (owned by SHREYAA ENTERPRISES, attempted by SHREYAA ENTERPRISES)
[2026-03-03 15:12:06] [WARNING] [DUPLICATE SKIPPED] 'SRI AMBAL IRON SHOP' (owned by SHREYAA ENTERPRISES, attempted by SHREYAA ENTERPRISES)
[2026-03-03 15:12:06] [WARNING] [DUPLICATE SKIPPED] 'SRI ANGALAMMAN EARTH MOVERS' (owned by SHREYAA ENTERPRISES, attempted by SHREYAA ENTERPRISES)
[2026-03-03 15:12:06] [WARNING] [DUPLICATE SKIPPED] 'SRI BALAJI GAS' (owned by SHREYAA ENTERPRISES, attempted by SHREYAA ENTERPRISES)
[2026-03-03 15:12:06] [WARNING] [DUPLICATE SKIPPED] 'Sri Dhurkai Ammal' (owned by SHREYAA ENTERPRISES, attempted by SHREYAA ENTERPRISES)
[2026-03-03 15:12:06] [WARNING] [DUPLICATE SKIPPED] 'SRI ELECTRONICS  & PLUMPING' (owned by SHREYAA ENTERPRISES, attempted by SHREYAA ENTERPRISES)
[2026-03-03 15:12:06] [WARNING] [DUPLICATE SKIPPED] 'SRI HARI GAS PASUMALAI' (owned by SHREYAA ENTERPRISES, attempted by SHREYAA ENTERPRISES)
[2026-03-03 15:12:06] [WARNING] [DUPLICATE SKIPPED] 'SRI KARPAGA VINAYAGAR SCRAP' (owned by SHREYAA ENTERPRISES, attempted by SHREYAA ENTERPRISES)
[2026-03-03 15:12:06] [WARNING] [DUPLICATE SKIPPED] 'SRI KARPAGA VINAYAKAR TINKER' (owned by SHREYAA ENTERPRISES, attempted by SHREYAA ENTERPRISES)
[2026-03-03 15:12:06] [WARNING] [DUPLICATE SKIPPED] 'SRI KRISHNA WELDDING' (owned by SHREYAA ENTERPRISES, attempted by SHREYAA ENTERPRISES)
[2026-03-03 15:12:06] [WARNING] [DUPLICATE SKIPPED] 'Sri Lakshmi Engineering' (owned by SHREYAA ENTERPRISES, attempted by SHREYAA ENTERPRISES)
[2026-03-03 15:12:06] [WARNING] [DUPLICATE SKIPPED] 'SRI MARI GAS WELDING' (owned by SHREYAA ENTERPRISES, attempted by SHREYAA ENTERPRISES)
[2026-03-03 15:12:06] [WARNING] [DUPLICATE SKIPPED] 'SRI MEENAKSHI SUNDARESWAR' (owned by SHREYAA ENTERPRISES, attempted by SHREYAA ENTERPRISES)
[2026-03-03 15:12:06] [WARNING] [DUPLICATE SKIPPED] 'SRINIVASAN SCRAP COMPANY' (owned by SHREYAA ENTERPRISES, attempted by SHREYAA ENTERPRISES)
[2026-03-03 15:12:06] [WARNING] [DUPLICATE SKIPPED] 'SRINIVASA TINKER PAINTING, CHELLAMPATTI' (owned by SHREYAA ENTERPRISES, attempted by SHREYAA ENTERPRISES)
[2026-03-03 15:12:06] [WARNING] [DUPLICATE SKIPPED] 'Sri Palani Andavar Agencies' (owned by SHREYAA ENTERPRISES, attempted by SHREYAA ENTERPRISES)
[2026-03-03 15:12:06] [WARNING] [DUPLICATE SKIPPED] 'Sri Pothys Steel' (owned by SHREYAA ENTERPRISES, attempted by SHREYAA ENTERPRISES)
[2026-03-03 15:12:06] [WARNING] [DUPLICATE SKIPPED] 'SRI RATHNA AUTO STORE' (owned by SHREYAA ENTERPRISES, attempted by SHREYAA ENTERPRISES)
[2026-03-03 15:12:06] [WARNING] [DUPLICATE SKIPPED] 'SRI SASTHA EARTH MOVERS' (owned by SHREYAA ENTERPRISES, attempted by SHREYAA ENTERPRISES)
[2026-03-03 15:12:06] [WARNING] [DUPLICATE SKIPPED] 'SRI SATHYA, THIRUMANGALAM' (owned by SHREYAA ENTERPRISES, attempted by SHREYAA ENTERPRISES)
[2026-03-03 15:12:06] [WARNING] [DUPLICATE SKIPPED] 'Sri Senthooran Enggineeing Works' (owned by SHREYAA ENTERPRISES, attempted by SHREYAA ENTERPRISES)
[2026-03-03 15:12:06] [WARNING] [DUPLICATE SKIPPED] 'SRI SENTHOOR EARTH MOVERS' (owned by SHREYAA ENTERPRISES, attempted by SHREYAA ENTERPRISES)
[2026-03-03 15:12:06] [WARNING] [DUPLICATE SKIPPED] 'SRI SONAI MUTHAIAHA COOLDRING' (owned by SHREYAA ENTERPRISES, attempted by SHREYAA ENTERPRISES)
[2026-03-03 15:12:06] [WARNING] [DUPLICATE SKIPPED] 'SRS TRADERS' (owned by SHREYAA ENTERPRISES, attempted by SHREYAA ENTERPRISES)
[2026-03-03 15:12:06] [WARNING] [DUPLICATE SKIPPED] 'S S ELECTRICALS & SERVICES' (owned by SHREYAA ENTERPRISES, attempted by SHREYAA ENTERPRISES)
[2026-03-03 15:12:06] [WARNING] [DUPLICATE SKIPPED] 'STAINLESS STEEL' (owned by SHREYAA ENTERPRISES, attempted by SHREYAA ENTERPRISES)
[2026-03-03 15:12:06] [WARNING] [DUPLICATE SKIPPED] 'St Marys Thirunelveli' (owned by SHREYAA ENTERPRISES, attempted by SHREYAA ENTERPRISES)
[2026-03-03 15:12:06] [WARNING] [DUPLICATE SKIPPED] 'Subburaman Iron and Steel,Dgl' (owned by SHREYAA ENTERPRISES, attempted by SHREYAA ENTERPRISES)
[2026-03-03 15:12:06] [WARNING] [DUPLICATE SKIPPED] 'SULTHAN MIETHIN' (owned by SHREYAA ENTERPRISES, attempted by SHREYAA ENTERPRISES)
[2026-03-03 15:12:06] [WARNING] [DUPLICATE SKIPPED] 'SUN AUTO CARRIAGE' (owned by SHREYAA ENTERPRISES, attempted by SHREYAA ENTERPRISES)
[2026-03-03 15:12:06] [WARNING] [DUPLICATE SKIPPED] 'Suresh Agencies' (owned by SHREYAA ENTERPRISES, attempted by SHREYAA ENTERPRISES)
[2026-03-03 15:12:06] [WARNING] [DUPLICATE SKIPPED] 'SURYA STEEL' (owned by SHREYAA ENTERPRISES, attempted by SHREYAA ENTERPRISES)
[2026-03-03 15:12:06] [WARNING] [DUPLICATE SKIPPED] 'SURYA TECH' (owned by Surya Air System, attempted by SHREYAA ENTERPRISES)
[2026-03-03 15:12:06] [WARNING] [DUPLICATE SKIPPED] 'TAMILAN GOLI SODA' (owned by SHREYAA ENTERPRISES, attempted by SHREYAA ENTERPRISES)
[2026-03-03 15:12:06] [WARNING] [DUPLICATE SKIPPED] 'Thamarai Selvi Tinger Works' (owned by SHREYAA ENTERPRISES, attempted by SHREYAA ENTERPRISES)
[2026-03-03 15:12:06] [WARNING] [DUPLICATE SKIPPED] 'THANGAM SODA' (owned by SHREYAA ENTERPRISES, attempted by SHREYAA ENTERPRISES)
[2026-03-03 15:12:06] [WARNING] [DUPLICATE SKIPPED] 'THARUN LATHE WELDING WORKS' (owned by SHREYAA ENTERPRISES, attempted by SHREYAA ENTERPRISES)
[2026-03-03 15:12:06] [WARNING] [DUPLICATE SKIPPED] 'THE MADURA OXYGEN' (owned by SHREYAA ENTERPRISES, attempted by SHREYAA ENTERPRISES)
[2026-03-03 15:12:06] [WARNING] [DUPLICATE SKIPPED] 'THENRAL AMBULANCE' (owned by SHREYAA ENTERPRISES, attempted by SHREYAA ENTERPRISES)
[2026-03-03 15:12:06] [WARNING] [DUPLICATE SKIPPED] 'THE STORES' (owned by SHREYAA ENTERPRISES, attempted by SHREYAA ENTERPRISES)
[2026-03-03 15:12:06] [WARNING] [DUPLICATE SKIPPED] 'THIRUPATHY TRADERS' (owned by SHREYAA ENTERPRISES, attempted by SHREYAA ENTERPRISES)
[2026-03-03 15:12:06] [WARNING] [DUPLICATE SKIPPED] 'THIRUPPATHI(SIVAKASI)' (owned by SHREYAA ENTERPRISES, attempted by SHREYAA ENTERPRISES)
[2026-03-03 15:12:06] [WARNING] [DUPLICATE SKIPPED] 'T M AMBULANCE' (owned by SHREYAA ENTERPRISES, attempted by SHREYAA ENTERPRISES)
[2026-03-03 15:12:06] [WARNING] [DUPLICATE SKIPPED] 'TNTJ AMBULANCE VNR' (owned by SHREYAA ENTERPRISES, attempted by SHREYAA ENTERPRISES)
[2026-03-03 15:12:06] [WARNING] [DUPLICATE SKIPPED] 'URANI EARTH MOVERS, THIRUNAGAR' (owned by SHREYAA ENTERPRISES, attempted by SHREYAA ENTERPRISES)
[2026-03-03 15:12:06] [WARNING] [DUPLICATE SKIPPED] 'Vahitha Agency' (owned by SHREYAA ENTERPRISES, attempted by SHREYAA ENTERPRISES)
[2026-03-03 15:12:06] [WARNING] [DUPLICATE SKIPPED] 'Vava Iron Shop, Ramnad' (owned by SHREYAA ENTERPRISES, attempted by SHREYAA ENTERPRISES)
[2026-03-03 15:12:06] [WARNING] [DUPLICATE SKIPPED] 'VEL GAME WORLD' (owned by SHREYAA ENTERPRISES, attempted by SHREYAA ENTERPRISES)
[2026-03-03 15:12:06] [WARNING] [DUPLICATE SKIPPED] 'VELLMURUGAN WELDING. RAMD' (owned by SHREYAA ENTERPRISES, attempted by SHREYAA ENTERPRISES)
[2026-03-03 15:12:06] [WARNING] [DUPLICATE SKIPPED] 'VEL MANI STONE THENI' (owned by SHREYAA ENTERPRISES, attempted by SHREYAA ENTERPRISES)
[2026-03-03 15:12:06] [WARNING] [DUPLICATE SKIPPED] 'Venkatesh - Thanakkankulam' (owned by SHREYAA ENTERPRISES, attempted by SHREYAA ENTERPRISES)
[2026-03-03 15:12:06] [WARNING] [DUPLICATE SKIPPED] 'Venkateshwara Agency -Madurai' (owned by SHREYAA ENTERPRISES, attempted by SHREYAA ENTERPRISES)
[2026-03-03 15:12:06] [WARNING] [DUPLICATE SKIPPED] 'VIGNESH' (owned by SHREYAA ENTERPRISES, attempted by SHREYAA ENTERPRISES)
[2026-03-03 15:12:06] [WARNING] [DUPLICATE SKIPPED] 'VIJAYARAJAN-SVN' (owned by SHREYAA ENTERPRISES, attempted by SHREYAA ENTERPRISES)
[2026-03-03 15:12:06] [WARNING] [DUPLICATE SKIPPED] 'VIKRAM WELDING' (owned by SHREYAA ENTERPRISES, attempted by SHREYAA ENTERPRISES)
[2026-03-03 15:12:06] [WARNING] [DUPLICATE SKIPPED] 'VIP EVENTS' (owned by SHREYAA ENTERPRISES, attempted by SHREYAA ENTERPRISES)
[2026-03-03 15:12:06] [WARNING] [DUPLICATE SKIPPED] 'VIRUMANDI' (owned by SHREYAA ENTERPRISES, attempted by SHREYAA ENTERPRISES)
[2026-03-03 15:12:06] [WARNING] [DUPLICATE SKIPPED] 'Vitro Lab (Kk Nagar)' (owned by SHREYAA ENTERPRISES, attempted by SHREYAA ENTERPRISES)
[2026-03-03 15:12:06] [WARNING] [DUPLICATE SKIPPED] 'VMA OFFICE, AUNDIPATTI' (owned by SHREYAA ENTERPRISES, attempted by SHREYAA ENTERPRISES)
[2026-03-03 15:12:06] [WARNING] [DUPLICATE SKIPPED] 'VMP STEELS' (owned by SHREYAA ENTERPRISES, attempted by SHREYAA ENTERPRISES)
[2026-03-03 15:12:06] [WARNING] [DUPLICATE SKIPPED] 'VSB BALA' (owned by SHREYAA ENTERPRISES, attempted by SHREYAA ENTERPRISES)
[2026-03-03 15:12:06] [WARNING] [DUPLICATE SKIPPED] 'WEATHER DYNAMICS' (owned by SHREYAA ENTERPRISES, attempted by SHREYAA ENTERPRISES)
[2026-03-03 15:12:06] [WARNING] [DUPLICATE SKIPPED] 'Welcome Car Part' (owned by SHREYAA ENTERPRISES, attempted by SHREYAA ENTERPRISES)
[2026-03-03 15:12:06] [WARNING] [DUPLICATE SKIPPED] 'YASAR JUICE POINT' (owned by SHREYAA ENTERPRISES, attempted by SHREYAA ENTERPRISES)
[2026-03-03 15:12:06] [WARNING] [DUPLICATE SKIPPED] 'YASIN EVENTS' (owned by SHREYAA ENTERPRISES, attempted by SHREYAA ENTERPRISES)
[2026-03-03 15:12:06] [WARNING] [DUPLICATE SKIPPED] 'YUVANESH DHALL MILL' (owned by SHREYAA ENTERPRISES, attempted by SHREYAA ENTERPRISES)
[2026-03-03 15:12:06] [WARNING] [DUPLICATE SKIPPED] 'YUVAN FRESH DRINKS' (owned by SHREYAA ENTERPRISES, attempted by SHREYAA ENTERPRISES)
[2026-03-03 15:12:06] [WARNING] [DUPLICATE SKIPPED] 'ZAKIR HUSSAIN' (owned by SHREYAA ENTERPRISES, attempted by SHREYAA ENTERPRISES)
[2026-03-03 15:12:06] [WARNING] [DUPLICATE SKIPPED] 'ZERO POINT' (owned by SHREYAA ENTERPRISES, attempted by SHREYAA ENTERPRISES)
[2026-03-03 15:12:06] [INFO] 
============================================================
[2026-03-03 15:12:06] [INFO] Processing: Surya Air System (COMPANY_2)
[2026-03-03 15:12:06] [INFO] ============================================================
[2026-03-03 15:12:06] [INFO] Fetched 1 customers from Tally
[2026-03-03 15:12:06] [WARNING] [DUPLICATE SKIPPED] 'SURYA TECH' (owned by Surya Air System, attempted by Surya Air System)
[2026-03-03 15:12:06] [INFO] 
============================================================
[2026-03-03 15:12:06] [INFO] CUSTOMER FETCH SUMMARY
[2026-03-03 15:12:06] [INFO] ============================================================
[2026-03-03 15:12:06] [INFO] Total Fetched from Tally: 311
[2026-03-03 15:12:06] [INFO] New Customers Saved: 0
[2026-03-03 15:12:06] [INFO] Duplicates Skipped: 311
[2026-03-03 15:12:06] [INFO] Errors: 0
[2026-03-03 15:12:06] [INFO] ============================================================
[2026-03-03 15:12:06] [INFO] 
Database Statistics:
[2026-03-03 15:12:06] [INFO] Total Customers: 310
[2026-03-03 15:12:06] [INFO] Customers by Company: {'SHREYAA ENTERPRISES': 309, 'Surya Air System': 1}
[2026-03-03 15:12:06] [INFO] Synced Customers: 310
[2026-03-03 15:12:06] [INFO] 
✓ Customer fetch completed successfully
[2026-03-03 15:16:01] [INFO] Starting customer fetch from 2 companies
[2026-03-03 15:16:01] [INFO] Active companies: SHREYAA ENTERPRISES, Surya Air System
[2026-03-03 15:16:01] [INFO] 
============================================================
[2026-03-03 15:16:01] [INFO] Processing: SHREYAA ENTERPRISES (COMPANY_1)
[2026-03-03 15:16:01] [INFO] ============================================================
[2026-03-03 15:16:02] [INFO] Fetched 311 customers from Tally
[2026-03-03 15:16:02] [WARNING] [DUPLICATE SKIPPED] 'AADHI MANGALA FABRIC' (owned by SHREYAA ENTERPRISES, attempted by SHREYAA ENTERPRISES)
[2026-03-03 15:16:02] [WARNING] [DUPLICATE SKIPPED] 'ABISAK' (owned by SHREYAA ENTERPRISES, attempted by SHREYAA ENTERPRISES)
[2026-03-03 15:16:02] [WARNING] [DUPLICATE SKIPPED] 'ABIShek' (owned by SHREYAA ENTERPRISES, attempted by SHREYAA ENTERPRISES)
[2026-03-03 15:16:02] [WARNING] [DUPLICATE SKIPPED] 'ABI SMOKE BISCUTS (SRM AGENCY)' (owned by SHREYAA ENTERPRISES, attempted by SHREYAA ENTERPRISES)
[2026-03-03 15:16:02] [WARNING] [DUPLICATE SKIPPED] 'Adithiya Car Machanic' (owned by SHREYAA ENTERPRISES, attempted by SHREYAA ENTERPRISES)
[2026-03-03 15:16:02] [WARNING] [DUPLICATE SKIPPED] 'A E Engineering' (owned by SHREYAA ENTERPRISES, attempted by SHREYAA ENTERPRISES)
[2026-03-03 15:16:02] [WARNING] [DUPLICATE SKIPPED] 'AJ ASSOCATES' (owned by SHREYAA ENTERPRISES, attempted by SHREYAA ENTERPRISES)
[2026-03-03 15:16:02] [WARNING] [DUPLICATE SKIPPED] 'AJ HOSPITAL' (owned by SHREYAA ENTERPRISES, attempted by SHREYAA ENTERPRISES)
[2026-03-03 15:16:02] [WARNING] [DUPLICATE SKIPPED] 'A.KANNAN' (owned by SHREYAA ENTERPRISES, attempted by SHREYAA ENTERPRISES)
[2026-03-03 15:16:02] [WARNING] [DUPLICATE SKIPPED] 'AKASH CONSTRUCTIONS' (owned by SHREYAA ENTERPRISES, attempted by SHREYAA ENTERPRISES)
[2026-03-03 15:16:02] [WARNING] [DUPLICATE SKIPPED] 'A.K.Enter Prises' (owned by SHREYAA ENTERPRISES, attempted by SHREYAA ENTERPRISES)
[2026-03-03 15:16:02] [WARNING] [DUPLICATE SKIPPED] 'ALAGERSAMY' (owned by SHREYAA ENTERPRISES, attempted by SHREYAA ENTERPRISES)
[2026-03-03 15:16:02] [WARNING] [DUPLICATE SKIPPED] 'Alagumalayan' (owned by SHREYAA ENTERPRISES, attempted by SHREYAA ENTERPRISES)
[2026-03-03 15:16:02] [WARNING] [DUPLICATE SKIPPED] 'Amaravathy Trailors' (owned by SHREYAA ENTERPRISES, attempted by SHREYAA ENTERPRISES)
[2026-03-03 15:16:02] [WARNING] [DUPLICATE SKIPPED] 'AMMAN EARTH MOVERS' (owned by SHREYAA ENTERPRISES, attempted by SHREYAA ENTERPRISES)
[2026-03-03 15:16:02] [WARNING] [DUPLICATE SKIPPED] 'AMR WELDING' (owned by SHREYAA ENTERPRISES, attempted by SHREYAA ENTERPRISES)
[2026-03-03 15:16:02] [WARNING] [DUPLICATE SKIPPED] 'AMUTHAN REFRIGRATION, MADURAI' (owned by SHREYAA ENTERPRISES, attempted by SHREYAA ENTERPRISES)
[2026-03-03 15:16:02] [WARNING] [DUPLICATE SKIPPED] 'Andal Welding Works' (owned by SHREYAA ENTERPRISES, attempted by SHREYAA ENTERPRISES)
[2026-03-03 15:16:02] [WARNING] [DUPLICATE SKIPPED] 'ANGALA ESWARI COMPONENTS' (owned by SHREYAA ENTERPRISES, attempted by SHREYAA ENTERPRISES)
[2026-03-03 15:16:02] [WARNING] [DUPLICATE SKIPPED] 'ANKIT RASTOGI, HYDERABAD' (owned by SHREYAA ENTERPRISES, attempted by SHREYAA ENTERPRISES)
[2026-03-03 15:16:02] [WARNING] [DUPLICATE SKIPPED] 'Annai Ambulance' (owned by SHREYAA ENTERPRISES, attempted by SHREYAA ENTERPRISES)
[2026-03-03 15:16:02] [WARNING] [DUPLICATE SKIPPED] 'ANTHONY RAJ.K' (owned by SHREYAA ENTERPRISES, attempted by SHREYAA ENTERPRISES)
[2026-03-03 15:16:02] [WARNING] [DUPLICATE SKIPPED] 'ARAVIND AROKKIYA SAMY' (owned by SHREYAA ENTERPRISES, attempted by SHREYAA ENTERPRISES)
[2026-03-03 15:16:02] [WARNING] [DUPLICATE SKIPPED] 'ARJUN DHALL MILL' (owned by SHREYAA ENTERPRISES, attempted by SHREYAA ENTERPRISES)
[2026-03-03 15:16:02] [WARNING] [DUPLICATE SKIPPED] 'A R METALS' (owned by SHREYAA ENTERPRISES, attempted by SHREYAA ENTERPRISES)
[2026-03-03 15:16:02] [WARNING] [DUPLICATE SKIPPED] 'ARUMUGAM (PATIENT)' (owned by SHREYAA ENTERPRISES, attempted by SHREYAA ENTERPRISES)
[2026-03-03 15:16:02] [WARNING] [DUPLICATE SKIPPED] 'ARUMUGAM S. KANNAN' (owned by SHREYAA ENTERPRISES, attempted by SHREYAA ENTERPRISES)
[2026-03-03 15:16:02] [WARNING] [DUPLICATE SKIPPED] 'Arunachalam Lathe' (owned by SHREYAA ENTERPRISES, attempted by SHREYAA ENTERPRISES)
[2026-03-03 15:16:02] [WARNING] [DUPLICATE SKIPPED] 'AR WELDING' (owned by SHREYAA ENTERPRISES, attempted by SHREYAA ENTERPRISES)
[2026-03-03 15:16:02] [WARNING] [DUPLICATE SKIPPED] 'AS AMBULANCE' (owned by SHREYAA ENTERPRISES, attempted by SHREYAA ENTERPRISES)
[2026-03-03 15:16:02] [WARNING] [DUPLICATE SKIPPED] 'ASHOK IRON SHOP' (owned by SHREYAA ENTERPRISES, attempted by SHREYAA ENTERPRISES)
[2026-03-03 15:16:02] [WARNING] [DUPLICATE SKIPPED] 'ASKS BLUE METAL' (owned by SHREYAA ENTERPRISES, attempted by SHREYAA ENTERPRISES)
[2026-03-03 15:16:02] [WARNING] [DUPLICATE SKIPPED] 'BALAGURU SAMY' (owned by SHREYAA ENTERPRISES, attempted by SHREYAA ENTERPRISES)
[2026-03-03 15:16:02] [WARNING] [DUPLICATE SKIPPED] 'BALASUBRAMANIAN FUELS' (owned by SHREYAA ENTERPRISES, attempted by SHREYAA ENTERPRISES)
[2026-03-03 15:16:02] [WARNING] [DUPLICATE SKIPPED] 'BHARATH BRICKS' (owned by SHREYAA ENTERPRISES, attempted by SHREYAA ENTERPRISES)
[2026-03-03 15:16:02] [WARNING] [DUPLICATE SKIPPED] 'BHARATH BRICKS-8525941023' (owned by SHREYAA ENTERPRISES, attempted by SHREYAA ENTERPRISES)
[2026-03-03 15:16:02] [WARNING] [DUPLICATE SKIPPED] 'B.KARTHIK  KUMAR' (owned by SHREYAA ENTERPRISES, attempted by SHREYAA ENTERPRISES)
[2026-03-03 15:16:02] [WARNING] [DUPLICATE SKIPPED] 'Bms Blue Metal' (owned by SHREYAA ENTERPRISES, attempted by SHREYAA ENTERPRISES)
[2026-03-03 15:16:02] [WARNING] [DUPLICATE SKIPPED] 'CDR&CO' (owned by SHREYAA ENTERPRISES, attempted by SHREYAA ENTERPRISES)
[2026-03-03 15:16:02] [WARNING] [DUPLICATE SKIPPED] 'CENMARK IRRIGATION' (owned by SHREYAA ENTERPRISES, attempted by SHREYAA ENTERPRISES)
[2026-03-03 15:16:02] [WARNING] [DUPLICATE SKIPPED] 'CERAMIC PRO MADURAI' (owned by SHREYAA ENTERPRISES, attempted by SHREYAA ENTERPRISES)
[2026-03-03 15:16:02] [WARNING] [DUPLICATE SKIPPED] 'CHAIRMAN SNACKS' (owned by SHREYAA ENTERPRISES, attempted by SHREYAA ENTERPRISES)
[2026-03-03 15:16:02] [WARNING] [DUPLICATE SKIPPED] 'CHALLENGE COLOURS-Usilampatti' (owned by SHREYAA ENTERPRISES, attempted by SHREYAA ENTERPRISES)
[2026-03-03 15:16:02] [WARNING] [DUPLICATE SKIPPED] 'Chandran Welding Works' (owned by SHREYAA ENTERPRISES, attempted by SHREYAA ENTERPRISES)
[2026-03-03 15:16:02] [WARNING] [DUPLICATE SKIPPED] 'CHEELAPANDI' (owned by SHREYAA ENTERPRISES, attempted by SHREYAA ENTERPRISES)
[2026-03-03 15:16:02] [WARNING] [DUPLICATE SKIPPED] 'CHELLAPPA, MADURAI' (owned by SHREYAA ENTERPRISES, attempted by SHREYAA ENTERPRISES)
[2026-03-03 15:16:02] [WARNING] [DUPLICATE SKIPPED] 'CHENNAI STEELS' (owned by SHREYAA ENTERPRISES, attempted by SHREYAA ENTERPRISES)
[2026-03-03 15:16:02] [WARNING] [DUPLICATE SKIPPED] 'CHOKKAN PALANI VILAS' (owned by SHREYAA ENTERPRISES, attempted by SHREYAA ENTERPRISES)
[2026-03-03 15:16:02] [WARNING] [DUPLICATE SKIPPED] 'CLASSIC ROCKS' (owned by SHREYAA ENTERPRISES, attempted by SHREYAA ENTERPRISES)
[2026-03-03 15:16:02] [WARNING] [DUPLICATE SKIPPED] 'CMS BLUE METAL' (owned by SHREYAA ENTERPRISES, attempted by SHREYAA ENTERPRISES)
[2026-03-03 15:16:02] [WARNING] [DUPLICATE SKIPPED] 'COLOUMBS INDUSTRIES , SUNGURAMPATTI' (owned by SHREYAA ENTERPRISES, attempted by SHREYAA ENTERPRISES)
[2026-03-03 15:16:02] [WARNING] [DUPLICATE SKIPPED] 'DEBTOR DIFFERENT' (owned by SHREYAA ENTERPRISES, attempted by SHREYAA ENTERPRISES)
[2026-03-03 15:16:02] [WARNING] [DUPLICATE SKIPPED] 'DEPOIST-ABISHEK KUMAR' (owned by SHREYAA ENTERPRISES, attempted by SHREYAA ENTERPRISES)
[2026-03-03 15:16:02] [WARNING] [DUPLICATE SKIPPED] 'DEPOIST. SRI KRISHNA WELDDING' (owned by SHREYAA ENTERPRISES, attempted by SHREYAA ENTERPRISES)
[2026-03-03 15:16:02] [WARNING] [DUPLICATE SKIPPED] 'DEPOSIT.ALAGAR SAMY' (owned by SHREYAA ENTERPRISES, attempted by SHREYAA ENTERPRISES)
[2026-03-03 15:16:02] [INFO] [NEW CUSTOMER] 'DEVA TECH' saved (company: SHREYAA ENTERPRISES, GSTIN: )
[2026-03-03 15:16:02] [WARNING] [DUPLICATE SKIPPED] 'DHIYA SRI AMBULANCE, THIRUPPUVANAM' (owned by SHREYAA ENTERPRISES, attempted by SHREYAA ENTERPRISES)
[2026-03-03 15:16:02] [WARNING] [DUPLICATE SKIPPED] 'DINESH - THALLAKULAM' (owned by SHREYAA ENTERPRISES, attempted by SHREYAA ENTERPRISES)
[2026-03-03 15:16:02] [WARNING] [DUPLICATE SKIPPED] 'Dk Blue Metal' (owned by SHREYAA ENTERPRISES, attempted by SHREYAA ENTERPRISES)
[2026-03-03 15:16:02] [WARNING] [DUPLICATE SKIPPED] 'DR.PATEN RAJA' (owned by SHREYAA ENTERPRISES, attempted by SHREYAA ENTERPRISES)
[2026-03-03 15:16:02] [WARNING] [DUPLICATE SKIPPED] 'DR.RAMA SUBRAMANIAN' (owned by SHREYAA ENTERPRISES, attempted by SHREYAA ENTERPRISES)
[2026-03-03 15:16:02] [WARNING] [DUPLICATE SKIPPED] 'DR.SRINIVASAN' (owned by SHREYAA ENTERPRISES, attempted by SHREYAA ENTERPRISES)
[2026-03-03 15:16:02] [WARNING] [DUPLICATE SKIPPED] 'DURAI PANDI SAMY' (owned by SHREYAA ENTERPRISES, attempted by SHREYAA ENTERPRISES)
[2026-03-03 15:16:02] [WARNING] [DUPLICATE SKIPPED] 'ENTHU NADAR KARIYAOATTI' (owned by SHREYAA ENTERPRISES, attempted by SHREYAA ENTERPRISES)
[2026-03-03 15:16:02] [WARNING] [DUPLICATE SKIPPED] 'EVERSILVER AND METAL BROKEN LATH' (owned by SHREYAA ENTERPRISES, attempted by SHREYAA ENTERPRISES)
[2026-03-03 15:16:02] [WARNING] [DUPLICATE SKIPPED] 'GAMETE CELLS SCIENCE HEALTH CARE PVT LTD' (owned by SHREYAA ENTERPRISES, attempted by SHREYAA ENTERPRISES)
[2026-03-03 15:16:02] [WARNING] [DUPLICATE SKIPPED] 'Ganesan Lathe' (owned by SHREYAA ENTERPRISES, attempted by SHREYAA ENTERPRISES)
[2026-03-03 15:16:02] [WARNING] [DUPLICATE SKIPPED] 'Gene Art Bank' (owned by SHREYAA ENTERPRISES, attempted by SHREYAA ENTERPRISES)
[2026-03-03 15:16:02] [WARNING] [DUPLICATE SKIPPED] 'GNANAM METAL' (owned by SHREYAA ENTERPRISES, attempted by SHREYAA ENTERPRISES)
[2026-03-03 15:16:02] [WARNING] [DUPLICATE SKIPPED] 'GOLDEN TRADERS' (owned by SHREYAA ENTERPRISES, attempted by SHREYAA ENTERPRISES)
[2026-03-03 15:16:02] [WARNING] [DUPLICATE SKIPPED] 'GOODWILL STEELS' (owned by SHREYAA ENTERPRISES, attempted by SHREYAA ENTERPRISES)
[2026-03-03 15:16:02] [WARNING] [DUPLICATE SKIPPED] 'GOWERI HARI RAM' (owned by SHREYAA ENTERPRISES, attempted by SHREYAA ENTERPRISES)
[2026-03-03 15:16:02] [WARNING] [DUPLICATE SKIPPED] 'GOWTHAM CLINIC' (owned by SHREYAA ENTERPRISES, attempted by SHREYAA ENTERPRISES)
[2026-03-03 15:16:02] [WARNING] [DUPLICATE SKIPPED] 'G.PANDIYARAJ' (owned by SHREYAA ENTERPRISES, attempted by SHREYAA ENTERPRISES)
[2026-03-03 15:16:02] [WARNING] [DUPLICATE SKIPPED] 'GTN WELDING WORK' (owned by SHREYAA ENTERPRISES, attempted by SHREYAA ENTERPRISES)
[2026-03-03 15:16:02] [WARNING] [DUPLICATE SKIPPED] 'GUDLYE MOBITY P LTD' (owned by SHREYAA ENTERPRISES, attempted by SHREYAA ENTERPRISES)
[2026-03-03 15:16:02] [WARNING] [DUPLICATE SKIPPED] 'GUNASEKARAN' (owned by SHREYAA ENTERPRISES, attempted by SHREYAA ENTERPRISES)
[2026-03-03 15:16:02] [WARNING] [DUPLICATE SKIPPED] 'Guru Pradeep - Svk' (owned by SHREYAA ENTERPRISES, attempted by SHREYAA ENTERPRISES)
[2026-03-03 15:16:02] [WARNING] [DUPLICATE SKIPPED] 'Gv Tnfira' (owned by SHREYAA ENTERPRISES, attempted by SHREYAA ENTERPRISES)
[2026-03-03 15:16:02] [WARNING] [DUPLICATE SKIPPED] 'G.V. TRADERS' (owned by SHREYAA ENTERPRISES, attempted by SHREYAA ENTERPRISES)
[2026-03-03 15:16:02] [WARNING] [DUPLICATE SKIPPED] 'HAPPY FIN AQUA' (owned by SHREYAA ENTERPRISES, attempted by SHREYAA ENTERPRISES)
[2026-03-03 15:16:02] [WARNING] [DUPLICATE SKIPPED] 'HARINISRI COLOURS-AANDIPATTI' (owned by SHREYAA ENTERPRISES, attempted by SHREYAA ENTERPRISES)
[2026-03-03 15:16:02] [WARNING] [DUPLICATE SKIPPED] 'HI-TECH STEELS' (owned by SHREYAA ENTERPRISES, attempted by SHREYAA ENTERPRISES)
[2026-03-03 15:16:02] [WARNING] [DUPLICATE SKIPPED] 'HS Gas Agency' (owned by SHREYAA ENTERPRISES, attempted by SHREYAA ENTERPRISES)
[2026-03-03 15:16:02] [WARNING] [DUPLICATE SKIPPED] 'ILAYAYA RAJA, SELLUR' (owned by SHREYAA ENTERPRISES, attempted by SHREYAA ENTERPRISES)
[2026-03-03 15:16:02] [WARNING] [DUPLICATE SKIPPED] 'IMRAN STEEL' (owned by SHREYAA ENTERPRISES, attempted by SHREYAA ENTERPRISES)
[2026-03-03 15:16:02] [WARNING] [DUPLICATE SKIPPED] 'Indira Gas Agency' (owned by SHREYAA ENTERPRISES, attempted by SHREYAA ENTERPRISES)
[2026-03-03 15:16:02] [WARNING] [DUPLICATE SKIPPED] 'INEEYA STEEL' (owned by SHREYAA ENTERPRISES, attempted by SHREYAA ENTERPRISES)
[2026-03-03 15:16:02] [WARNING] [DUPLICATE SKIPPED] 'JACOB' (owned by SHREYAA ENTERPRISES, attempted by SHREYAA ENTERPRISES)
[2026-03-03 15:16:02] [WARNING] [DUPLICATE SKIPPED] 'JACOP' (owned by SHREYAA ENTERPRISES, attempted by SHREYAA ENTERPRISES)
[2026-03-03 15:16:02] [WARNING] [DUPLICATE SKIPPED] 'JALAMAN' (owned by SHREYAA ENTERPRISES, attempted by SHREYAA ENTERPRISES)
[2026-03-03 15:16:02] [WARNING] [DUPLICATE SKIPPED] 'JASMINE BLUE METAL' (owned by SHREYAA ENTERPRISES, attempted by SHREYAA ENTERPRISES)
[2026-03-03 15:16:02] [WARNING] [DUPLICATE SKIPPED] 'JAVED HUSSAIN' (owned by SHREYAA ENTERPRISES, attempted by SHREYAA ENTERPRISES)
[2026-03-03 15:16:02] [WARNING] [DUPLICATE SKIPPED] 'JAWAHAR HOSPITAL - Peraiyur' (owned by SHREYAA ENTERPRISES, attempted by SHREYAA ENTERPRISES)
[2026-03-03 15:16:02] [WARNING] [DUPLICATE SKIPPED] 'JEGADISH ADVERTISING' (owned by SHREYAA ENTERPRISES, attempted by SHREYAA ENTERPRISES)
[2026-03-03 15:16:02] [WARNING] [DUPLICATE SKIPPED] 'JEGA STEELS INDUSTRIAL' (owned by SHREYAA ENTERPRISES, attempted by SHREYAA ENTERPRISES)
[2026-03-03 15:16:02] [WARNING] [DUPLICATE SKIPPED] 'JEYA CHANDIRAN' (owned by SHREYAA ENTERPRISES, attempted by SHREYAA ENTERPRISES)
[2026-03-03 15:16:02] [WARNING] [DUPLICATE SKIPPED] 'JEYAM BLUE METAL' (owned by SHREYAA ENTERPRISES, attempted by SHREYAA ENTERPRISES)
[2026-03-03 15:16:02] [WARNING] [DUPLICATE SKIPPED] 'JEYAM BLUE METAL - KACHAKATTI' (owned by SHREYAA ENTERPRISES, attempted by SHREYAA ENTERPRISES)
[2026-03-03 15:16:02] [WARNING] [DUPLICATE SKIPPED] 'JEYAMEENKSHI STEEL' (owned by SHREYAA ENTERPRISES, attempted by SHREYAA ENTERPRISES)
[2026-03-03 15:16:02] [WARNING] [DUPLICATE SKIPPED] 'JEYAM TRACTOR WORKS' (owned by SHREYAA ENTERPRISES, attempted by SHREYAA ENTERPRISES)
[2026-03-03 15:16:02] [WARNING] [DUPLICATE SKIPPED] 'J J  EARTH MOVERS' (owned by SHREYAA ENTERPRISES, attempted by SHREYAA ENTERPRISES)
[2026-03-03 15:16:02] [WARNING] [DUPLICATE SKIPPED] 'JKANS HOTEL, MADURAI' (owned by SHREYAA ENTERPRISES, attempted by SHREYAA ENTERPRISES)
[2026-03-03 15:16:02] [WARNING] [DUPLICATE SKIPPED] 'JK TRADERS' (owned by SHREYAA ENTERPRISES, attempted by SHREYAA ENTERPRISES)
[2026-03-03 15:16:02] [WARNING] [DUPLICATE SKIPPED] 'J.M.BLUE METAL' (owned by SHREYAA ENTERPRISES, attempted by SHREYAA ENTERPRISES)
[2026-03-03 15:16:02] [WARNING] [DUPLICATE SKIPPED] 'Jum Jum Traders' (owned by SHREYAA ENTERPRISES, attempted by SHREYAA ENTERPRISES)
[2026-03-03 15:16:02] [WARNING] [DUPLICATE SKIPPED] 'KADASARI AUTOMOBILES' (owned by SHREYAA ENTERPRISES, attempted by SHREYAA ENTERPRISES)
[2026-03-03 15:16:02] [WARNING] [DUPLICATE SKIPPED] 'KALIDASSAN' (owned by SHREYAA ENTERPRISES, attempted by SHREYAA ENTERPRISES)
[2026-03-03 15:16:02] [WARNING] [DUPLICATE SKIPPED] 'Kamatchi  Agencies' (owned by SHREYAA ENTERPRISES, attempted by SHREYAA ENTERPRISES)
[2026-03-03 15:16:02] [WARNING] [DUPLICATE SKIPPED] 'KANNALAGAN TREDERS .PARAVAI' (owned by SHREYAA ENTERPRISES, attempted by SHREYAA ENTERPRISES)
[2026-03-03 15:16:02] [WARNING] [DUPLICATE SKIPPED] 'Karal Welding' (owned by SHREYAA ENTERPRISES, attempted by SHREYAA ENTERPRISES)
[2026-03-03 15:16:02] [WARNING] [DUPLICATE SKIPPED] 'KARPAGA VINAYAGAR ENGINEERING WORK' (owned by SHREYAA ENTERPRISES, attempted by SHREYAA ENTERPRISES)
[2026-03-03 15:16:02] [WARNING] [DUPLICATE SKIPPED] 'KARTHICK BLUE METAL' (owned by SHREYAA ENTERPRISES, attempted by SHREYAA ENTERPRISES)
[2026-03-03 15:16:02] [WARNING] [DUPLICATE SKIPPED] 'KARTHICK MEDICAL CENTER' (owned by SHREYAA ENTERPRISES, attempted by SHREYAA ENTERPRISES)
[2026-03-03 15:16:02] [WARNING] [DUPLICATE SKIPPED] 'KEREN MATRIC HIGH SCHOOL' (owned by SHREYAA ENTERPRISES, attempted by SHREYAA ENTERPRISES)
[2026-03-03 15:16:02] [WARNING] [DUPLICATE SKIPPED] 'KESAVAN (Contractor)' (owned by SHREYAA ENTERPRISES, attempted by SHREYAA ENTERPRISES)
[2026-03-03 15:16:02] [WARNING] [DUPLICATE SKIPPED] 'K.K. Engineering, Madurai' (owned by SHREYAA ENTERPRISES, attempted by SHREYAA ENTERPRISES)
[2026-03-03 15:16:02] [WARNING] [DUPLICATE SKIPPED] 'KPS AMBULANCE' (owned by SHREYAA ENTERPRISES, attempted by SHREYAA ENTERPRISES)
[2026-03-03 15:16:02] [WARNING] [DUPLICATE SKIPPED] 'K.R. RAJA, PARAMAKUDI' (owned by SHREYAA ENTERPRISES, attempted by SHREYAA ENTERPRISES)
[2026-03-03 15:16:02] [WARNING] [DUPLICATE SKIPPED] 'KS THANVANTH EARTH MOVERS' (owned by SHREYAA ENTERPRISES, attempted by SHREYAA ENTERPRISES)
[2026-03-03 15:16:02] [WARNING] [DUPLICATE SKIPPED] 'LAKSHMANA IRON SHOP' (owned by SHREYAA ENTERPRISES, attempted by SHREYAA ENTERPRISES)
[2026-03-03 15:16:02] [WARNING] [DUPLICATE SKIPPED] 'LAKSHMI DEVI' (owned by SHREYAA ENTERPRISES, attempted by SHREYAA ENTERPRISES)
[2026-03-03 15:16:02] [WARNING] [DUPLICATE SKIPPED] 'LDC' (owned by SHREYAA ENTERPRISES, attempted by SHREYAA ENTERPRISES)
[2026-03-03 15:16:02] [WARNING] [DUPLICATE SKIPPED] 'Lucky Cool Drinks' (owned by SHREYAA ENTERPRISES, attempted by SHREYAA ENTERPRISES)
[2026-03-03 15:16:02] [WARNING] [DUPLICATE SKIPPED] 'MADHU SHANKAR' (owned by SHREYAA ENTERPRISES, attempted by SHREYAA ENTERPRISES)
[2026-03-03 15:16:02] [WARNING] [DUPLICATE SKIPPED] 'MADURAI OXYGEN' (owned by SHREYAA ENTERPRISES, attempted by SHREYAA ENTERPRISES)
[2026-03-03 15:16:02] [WARNING] [DUPLICATE SKIPPED] 'MADURAI REFRIGERATION SERVICE' (owned by SHREYAA ENTERPRISES, attempted by SHREYAA ENTERPRISES)
[2026-03-03 15:16:02] [WARNING] [DUPLICATE SKIPPED] 'Maha Ganapathi Engineering Works' (owned by SHREYAA ENTERPRISES, attempted by SHREYAA ENTERPRISES)
[2026-03-03 15:16:02] [WARNING] [DUPLICATE SKIPPED] 'Mahalingam iron shop' (owned by SHREYAA ENTERPRISES, attempted by SHREYAA ENTERPRISES)
[2026-03-03 15:16:02] [WARNING] [DUPLICATE SKIPPED] 'MAHANICK' (owned by SHREYAA ENTERPRISES, attempted by SHREYAA ENTERPRISES)
[2026-03-03 15:16:02] [WARNING] [DUPLICATE SKIPPED] 'Maharaja Agencies - Othakadai' (owned by SHREYAA ENTERPRISES, attempted by SHREYAA ENTERPRISES)
[2026-03-03 15:16:02] [WARNING] [DUPLICATE SKIPPED] 'MAHENDAR, NATTARMANGALAM' (owned by SHREYAA ENTERPRISES, attempted by SHREYAA ENTERPRISES)
[2026-03-03 15:16:02] [WARNING] [DUPLICATE SKIPPED] 'MAHI TREDERS' (owned by SHREYAA ENTERPRISES, attempted by SHREYAA ENTERPRISES)
[2026-03-03 15:16:02] [WARNING] [DUPLICATE SKIPPED] 'Malliga Infira' (owned by SHREYAA ENTERPRISES, attempted by SHREYAA ENTERPRISES)
[2026-03-03 15:16:02] [WARNING] [DUPLICATE SKIPPED] 'Mani's Steels' (owned by SHREYAA ENTERPRISES, attempted by SHREYAA ENTERPRISES)
[2026-03-03 15:16:02] [WARNING] [DUPLICATE SKIPPED] 'Manikandan' (owned by SHREYAA ENTERPRISES, attempted by SHREYAA ENTERPRISES)
[2026-03-03 15:16:02] [WARNING] [DUPLICATE SKIPPED] 'MANIKKA PRAKASH' (owned by SHREYAA ENTERPRISES, attempted by SHREYAA ENTERPRISES)
[2026-03-03 15:16:02] [WARNING] [DUPLICATE SKIPPED] 'MARIMUTHU SILVER PATTARAI' (owned by SHREYAA ENTERPRISES, attempted by SHREYAA ENTERPRISES)
[2026-03-03 15:16:02] [WARNING] [DUPLICATE SKIPPED] 'MARIYAPPAN SILVER WORKSHOP' (owned by SHREYAA ENTERPRISES, attempted by SHREYAA ENTERPRISES)
[2026-03-03 15:16:02] [WARNING] [DUPLICATE SKIPPED] 'MARUDHU WELDING WORKS' (owned by SHREYAA ENTERPRISES, attempted by SHREYAA ENTERPRISES)
[2026-03-03 15:16:02] [WARNING] [DUPLICATE SKIPPED] 'M.DURAI PANDI' (owned by SHREYAA ENTERPRISES, attempted by SHREYAA ENTERPRISES)
[2026-03-03 15:16:02] [WARNING] [DUPLICATE SKIPPED] 'MENAKA MILLS PRIVATE LIMITED' (owned by SHREYAA ENTERPRISES, attempted by SHREYAA ENTERPRISES)
[2026-03-03 15:16:02] [WARNING] [DUPLICATE SKIPPED] 'Meracle Scans, Ramnad' (owned by SHREYAA ENTERPRISES, attempted by SHREYAA ENTERPRISES)
[2026-03-03 15:16:02] [WARNING] [DUPLICATE SKIPPED] 'MKM ANNAMAYIL BLUE METAL' (owned by SHREYAA ENTERPRISES, attempted by SHREYAA ENTERPRISES)
[2026-03-03 15:16:02] [WARNING] [DUPLICATE SKIPPED] 'MK SWAMY BLUE METAL' (owned by SHREYAA ENTERPRISES, attempted by SHREYAA ENTERPRISES)
[2026-03-03 15:16:02] [WARNING] [DUPLICATE SKIPPED] 'MOBILE BAZAAR' (owned by SHREYAA ENTERPRISES, attempted by SHREYAA ENTERPRISES)
[2026-03-03 15:16:02] [WARNING] [DUPLICATE SKIPPED] 'MOHAN(AVANIYA PURAM)' (owned by SHREYAA ENTERPRISES, attempted by SHREYAA ENTERPRISES)
[2026-03-03 15:16:02] [WARNING] [DUPLICATE SKIPPED] 'Moni's Events' (owned by SHREYAA ENTERPRISES, attempted by SHREYAA ENTERPRISES)
[2026-03-03 15:16:03] [WARNING] [DUPLICATE SKIPPED] 'MOTHER CARE' (owned by SHREYAA ENTERPRISES, attempted by SHREYAA ENTERPRISES)
[2026-03-03 15:16:03] [WARNING] [DUPLICATE SKIPPED] 'M R AMBULANCE' (owned by SHREYAA ENTERPRISES, attempted by SHREYAA ENTERPRISES)
[2026-03-03 15:16:03] [WARNING] [DUPLICATE SKIPPED] 'MR.PANDIYARAJAN' (owned by SHREYAA ENTERPRISES, attempted by SHREYAA ENTERPRISES)
[2026-03-03 15:16:03] [WARNING] [DUPLICATE SKIPPED] 'MR.RATHINAM' (owned by SHREYAA ENTERPRISES, attempted by SHREYAA ENTERPRISES)
[2026-03-03 15:16:03] [WARNING] [DUPLICATE SKIPPED] 'MR.SUTHAKAR' (owned by SHREYAA ENTERPRISES, attempted by SHREYAA ENTERPRISES)
[2026-03-03 15:16:03] [WARNING] [DUPLICATE SKIPPED] 'MSK CONSTRUSAN' (owned by SHREYAA ENTERPRISES, attempted by SHREYAA ENTERPRISES)
[2026-03-03 15:16:03] [WARNING] [DUPLICATE SKIPPED] 'M.S.LASER DESIGN WORKS' (owned by SHREYAA ENTERPRISES, attempted by SHREYAA ENTERPRISES)
[2026-03-03 15:16:03] [WARNING] [DUPLICATE SKIPPED] 'Mugilavan - Tiruppuvanam' (owned by SHREYAA ENTERPRISES, attempted by SHREYAA ENTERPRISES)
[2026-03-03 15:16:03] [WARNING] [DUPLICATE SKIPPED] 'Murali Manokaran' (owned by SHREYAA ENTERPRISES, attempted by SHREYAA ENTERPRISES)
[2026-03-03 15:16:03] [WARNING] [DUPLICATE SKIPPED] 'MURUGAN IRON SHOP' (owned by SHREYAA ENTERPRISES, attempted by SHREYAA ENTERPRISES)
[2026-03-03 15:16:03] [WARNING] [DUPLICATE SKIPPED] 'Murugesan Iron Shop Paramakudi' (owned by SHREYAA ENTERPRISES, attempted by SHREYAA ENTERPRISES)
[2026-03-03 15:16:03] [WARNING] [DUPLICATE SKIPPED] 'MUTHUKUMAR-TMM' (owned by SHREYAA ENTERPRISES, attempted by SHREYAA ENTERPRISES)
[2026-03-03 15:16:03] [WARNING] [DUPLICATE SKIPPED] 'MVC Kumar' (owned by SHREYAA ENTERPRISES, attempted by SHREYAA ENTERPRISES)
[2026-03-03 15:16:03] [WARNING] [DUPLICATE SKIPPED] 'M.VIJAYAN' (owned by SHREYAA ENTERPRISES, attempted by SHREYAA ENTERPRISES)
[2026-03-03 15:16:03] [WARNING] [DUPLICATE SKIPPED] 'MV READYMIX PLANT' (owned by SHREYAA ENTERPRISES, attempted by SHREYAA ENTERPRISES)
[2026-03-03 15:16:03] [WARNING] [DUPLICATE SKIPPED] 'Nannappa Mughamadu' (owned by SHREYAA ENTERPRISES, attempted by SHREYAA ENTERPRISES)
[2026-03-03 15:16:03] [WARNING] [DUPLICATE SKIPPED] 'Nanthini Steel' (owned by SHREYAA ENTERPRISES, attempted by SHREYAA ENTERPRISES)
[2026-03-03 15:16:03] [WARNING] [DUPLICATE SKIPPED] 'Navaneethan' (owned by SHREYAA ENTERPRISES, attempted by SHREYAA ENTERPRISES)
[2026-03-03 15:16:03] [WARNING] [DUPLICATE SKIPPED] 'Nethaji Ambulance' (owned by SHREYAA ENTERPRISES, attempted by SHREYAA ENTERPRISES)
[2026-03-03 15:16:03] [WARNING] [DUPLICATE SKIPPED] 'New Bharath Trailers & Farm Equipments' (owned by SHREYAA ENTERPRISES, attempted by SHREYAA ENTERPRISES)
[2026-03-03 15:16:03] [WARNING] [DUPLICATE SKIPPED] 'New India Steel' (owned by SHREYAA ENTERPRISES, attempted by SHREYAA ENTERPRISES)
[2026-03-03 15:16:03] [WARNING] [DUPLICATE SKIPPED] 'NEW MADHA' (owned by SHREYAA ENTERPRISES, attempted by SHREYAA ENTERPRISES)
[2026-03-03 15:16:03] [WARNING] [DUPLICATE SKIPPED] 'NOOR BHAI' (owned by SHREYAA ENTERPRISES, attempted by SHREYAA ENTERPRISES)
[2026-03-03 15:16:03] [WARNING] [DUPLICATE SKIPPED] 'N. R TRADERS' (owned by SHREYAA ENTERPRISES, attempted by SHREYAA ENTERPRISES)
[2026-03-03 15:16:03] [WARNING] [DUPLICATE SKIPPED] 'N.SUBBURAJ' (owned by SHREYAA ENTERPRISES, attempted by SHREYAA ENTERPRISES)
[2026-03-03 15:16:03] [WARNING] [DUPLICATE SKIPPED] 'OM MURUGA AGENCIES' (owned by SHREYAA ENTERPRISES, attempted by SHREYAA ENTERPRISES)
[2026-03-03 15:16:03] [WARNING] [DUPLICATE SKIPPED] 'OSR FISH COMMISSION SHOP' (owned by SHREYAA ENTERPRISES, attempted by SHREYAA ENTERPRISES)
[2026-03-03 15:16:03] [WARNING] [DUPLICATE SKIPPED] 'PADMA SAGAYA ARAKKATTALAI' (owned by SHREYAA ENTERPRISES, attempted by SHREYAA ENTERPRISES)
[2026-03-03 15:16:03] [WARNING] [DUPLICATE SKIPPED] 'PAMIR TUBES' (owned by SHREYAA ENTERPRISES, attempted by SHREYAA ENTERPRISES)
[2026-03-03 15:16:03] [WARNING] [DUPLICATE SKIPPED] 'PARAMASHIVAM ( TEA )' (owned by SHREYAA ENTERPRISES, attempted by SHREYAA ENTERPRISES)
[2026-03-03 15:16:03] [WARNING] [DUPLICATE SKIPPED] 'PASUMPON' (owned by SHREYAA ENTERPRISES, attempted by SHREYAA ENTERPRISES)
[2026-03-03 15:16:03] [WARNING] [DUPLICATE SKIPPED] 'PBM RAJA TRADERS' (owned by SHREYAA ENTERPRISES, attempted by SHREYAA ENTERPRISES)
[2026-03-03 15:16:03] [WARNING] [DUPLICATE SKIPPED] 'Pechiyamman Body Building' (owned by SHREYAA ENTERPRISES, attempted by SHREYAA ENTERPRISES)
[2026-03-03 15:16:03] [WARNING] [DUPLICATE SKIPPED] 'PITCHAI LATHE WORK' (owned by SHREYAA ENTERPRISES, attempted by SHREYAA ENTERPRISES)
[2026-03-03 15:16:03] [WARNING] [DUPLICATE SKIPPED] 'P. MANI' (owned by SHREYAA ENTERPRISES, attempted by SHREYAA ENTERPRISES)
[2026-03-03 15:16:03] [WARNING] [DUPLICATE SKIPPED] 'Pms Blue Metal' (owned by SHREYAA ENTERPRISES, attempted by SHREYAA ENTERPRISES)
[2026-03-03 15:16:03] [WARNING] [DUPLICATE SKIPPED] 'POONAMCHOWLA KTK' (owned by SHREYAA ENTERPRISES, attempted by SHREYAA ENTERPRISES)
[2026-03-03 15:16:03] [WARNING] [DUPLICATE SKIPPED] 'P.Pandiselvi' (owned by SHREYAA ENTERPRISES, attempted by SHREYAA ENTERPRISES)
[2026-03-03 15:16:03] [WARNING] [DUPLICATE SKIPPED] 'P.SASIKUMAR' (owned by SHREYAA ENTERPRISES, attempted by SHREYAA ENTERPRISES)
[2026-03-03 15:16:03] [WARNING] [DUPLICATE SKIPPED] 'P.VASIYAPPAN' (owned by SHREYAA ENTERPRISES, attempted by SHREYAA ENTERPRISES)
[2026-03-03 15:16:03] [WARNING] [DUPLICATE SKIPPED] 'RAGHAVENDRA FOODS' (owned by SHREYAA ENTERPRISES, attempted by SHREYAA ENTERPRISES)
[2026-03-03 15:16:03] [WARNING] [DUPLICATE SKIPPED] 'RAGURAM FOODS' (owned by SHREYAA ENTERPRISES, attempted by SHREYAA ENTERPRISES)
[2026-03-03 15:16:03] [WARNING] [DUPLICATE SKIPPED] 'RAHA ARTS TMM' (owned by SHREYAA ENTERPRISES, attempted by SHREYAA ENTERPRISES)
[2026-03-03 15:16:03] [WARNING] [DUPLICATE SKIPPED] 'Raja Esakkimuthu' (owned by SHREYAA ENTERPRISES, attempted by SHREYAA ENTERPRISES)
[2026-03-03 15:16:03] [WARNING] [DUPLICATE SKIPPED] 'Raja Mohammed' (owned by SHREYAA ENTERPRISES, attempted by SHREYAA ENTERPRISES)
[2026-03-03 15:16:03] [WARNING] [DUPLICATE SKIPPED] 'Raja Motors' (owned by SHREYAA ENTERPRISES, attempted by SHREYAA ENTERPRISES)
[2026-03-03 15:16:03] [WARNING] [DUPLICATE SKIPPED] 'RAJA U CLAMB, VILLANGUDI' (owned by SHREYAA ENTERPRISES, attempted by SHREYAA ENTERPRISES)
[2026-03-03 15:16:03] [WARNING] [DUPLICATE SKIPPED] 'RAJENDRAN' (owned by SHREYAA ENTERPRISES, attempted by SHREYAA ENTERPRISES)
[2026-03-03 15:16:03] [WARNING] [DUPLICATE SKIPPED] 'RAJESHKUMAR TRADERS' (owned by SHREYAA ENTERPRISES, attempted by SHREYAA ENTERPRISES)
[2026-03-03 15:16:03] [WARNING] [DUPLICATE SKIPPED] 'RAJKUMAR JOSPE ANTHONY THASAN' (owned by SHREYAA ENTERPRISES, attempted by SHREYAA ENTERPRISES)
[2026-03-03 15:16:03] [WARNING] [DUPLICATE SKIPPED] 'RAJMOHAN (GUVARI), ALAMPATTI' (owned by SHREYAA ENTERPRISES, attempted by SHREYAA ENTERPRISES)
[2026-03-03 15:16:03] [WARNING] [DUPLICATE SKIPPED] 'Ramanan SP' (owned by SHREYAA ENTERPRISES, attempted by SHREYAA ENTERPRISES)
[2026-03-03 15:16:03] [WARNING] [DUPLICATE SKIPPED] 'RAM JEEVAN, NATTARMANGALAM' (owned by SHREYAA ENTERPRISES, attempted by SHREYAA ENTERPRISES)
[2026-03-03 15:16:03] [WARNING] [DUPLICATE SKIPPED] 'Rani Store' (owned by SHREYAA ENTERPRISES, attempted by SHREYAA ENTERPRISES)
[2026-03-03 15:16:03] [WARNING] [DUPLICATE SKIPPED] 'RASIK OLD MOTOR PARTS' (owned by SHREYAA ENTERPRISES, attempted by SHREYAA ENTERPRISES)
[2026-03-03 15:16:03] [WARNING] [DUPLICATE SKIPPED] 'RA STEEL' (owned by SHREYAA ENTERPRISES, attempted by SHREYAA ENTERPRISES)
[2026-03-03 15:16:03] [WARNING] [DUPLICATE SKIPPED] 'Rathinavel tinger' (owned by SHREYAA ENTERPRISES, attempted by SHREYAA ENTERPRISES)
[2026-03-03 15:16:03] [WARNING] [DUPLICATE SKIPPED] 'RAVI TRAILOR' (owned by SHREYAA ENTERPRISES, attempted by SHREYAA ENTERPRISES)
[2026-03-03 15:16:03] [WARNING] [DUPLICATE SKIPPED] 'R. Ganesan, VNR' (owned by SHREYAA ENTERPRISES, attempted by SHREYAA ENTERPRISES)
[2026-03-03 15:16:03] [WARNING] [DUPLICATE SKIPPED] 'R.KANNAN TWO WHEELER TINKER WORK' (owned by SHREYAA ENTERPRISES, attempted by SHREYAA ENTERPRISES)
[2026-03-03 15:16:03] [WARNING] [DUPLICATE SKIPPED] 'R.K.SERVICES' (owned by SHREYAA ENTERPRISES, attempted by SHREYAA ENTERPRISES)
[2026-03-03 15:16:03] [WARNING] [DUPLICATE SKIPPED] 'RK TRAILERS' (owned by SHREYAA ENTERPRISES, attempted by SHREYAA ENTERPRISES)
[2026-03-03 15:16:03] [WARNING] [DUPLICATE SKIPPED] 'R. MOHAN, IYANKOTTAI' (owned by SHREYAA ENTERPRISES, attempted by SHREYAA ENTERPRISES)
[2026-03-03 15:16:03] [WARNING] [DUPLICATE SKIPPED] 'R.Paulpandi' (owned by SHREYAA ENTERPRISES, attempted by SHREYAA ENTERPRISES)
[2026-03-03 15:16:03] [WARNING] [DUPLICATE SKIPPED] 'R R LATHE WORKS' (owned by SHREYAA ENTERPRISES, attempted by SHREYAA ENTERPRISES)
[2026-03-03 15:16:03] [WARNING] [DUPLICATE SKIPPED] 'R.SARAVANAN' (owned by SHREYAA ENTERPRISES, attempted by SHREYAA ENTERPRISES)
[2026-03-03 15:16:03] [WARNING] [DUPLICATE SKIPPED] 'Rsk Stainless Steel' (owned by SHREYAA ENTERPRISES, attempted by SHREYAA ENTERPRISES)
[2026-03-03 15:16:03] [WARNING] [DUPLICATE SKIPPED] 'SAI ENTERPRISES' (owned by SHREYAA ENTERPRISES, attempted by SHREYAA ENTERPRISES)
[2026-03-03 15:16:03] [WARNING] [DUPLICATE SKIPPED] 'SAI PRAGATHI IRON WORK' (owned by SHREYAA ENTERPRISES, attempted by SHREYAA ENTERPRISES)
[2026-03-03 15:16:03] [WARNING] [DUPLICATE SKIPPED] 'Sai Pranesh Agency, Natham' (owned by SHREYAA ENTERPRISES, attempted by SHREYAA ENTERPRISES)
[2026-03-03 15:16:03] [WARNING] [DUPLICATE SKIPPED] 'SAI RAM CONTRUCTION, MELAKOTTAI' (owned by SHREYAA ENTERPRISES, attempted by SHREYAA ENTERPRISES)
[2026-03-03 15:16:03] [WARNING] [DUPLICATE SKIPPED] 'SANKAR' (owned by SHREYAA ENTERPRISES, attempted by SHREYAA ENTERPRISES)
[2026-03-03 15:16:03] [WARNING] [DUPLICATE SKIPPED] 'SANKARALINGAM -LN2' (owned by SHREYAA ENTERPRISES, attempted by SHREYAA ENTERPRISES)
[2026-03-03 15:16:03] [WARNING] [DUPLICATE SKIPPED] 'SANKAR AUTO WORKS' (owned by SHREYAA ENTERPRISES, attempted by SHREYAA ENTERPRISES)
[2026-03-03 15:16:03] [WARNING] [DUPLICATE SKIPPED] 'SANTHOSH CLINIC' (owned by SHREYAA ENTERPRISES, attempted by SHREYAA ENTERPRISES)
[2026-03-03 15:16:03] [WARNING] [DUPLICATE SKIPPED] 'SANTHOSH INDUSTRIES' (owned by SHREYAA ENTERPRISES, attempted by SHREYAA ENTERPRISES)
[2026-03-03 15:16:03] [WARNING] [DUPLICATE SKIPPED] 'Sasi Arthanari' (owned by SHREYAA ENTERPRISES, attempted by SHREYAA ENTERPRISES)
[2026-03-03 15:16:03] [WARNING] [DUPLICATE SKIPPED] 'SEKAR BLUE METAL, THENI' (owned by SHREYAA ENTERPRISES, attempted by SHREYAA ENTERPRISES)
[2026-03-03 15:16:03] [WARNING] [DUPLICATE SKIPPED] 'Sekar Iron Shop Theni' (owned by SHREYAA ENTERPRISES, attempted by SHREYAA ENTERPRISES)
[2026-03-03 15:16:03] [WARNING] [DUPLICATE SKIPPED] 'SELVARAJ' (owned by SHREYAA ENTERPRISES, attempted by SHREYAA ENTERPRISES)
[2026-03-03 15:16:03] [WARNING] [DUPLICATE SKIPPED] 'Shahul' (owned by SHREYAA ENTERPRISES, attempted by SHREYAA ENTERPRISES)
[2026-03-03 15:16:03] [WARNING] [DUPLICATE SKIPPED] 'Shajagan' (owned by SHREYAA ENTERPRISES, attempted by SHREYAA ENTERPRISES)
[2026-03-03 15:16:03] [WARNING] [DUPLICATE SKIPPED] 'Shree Guru Govind Enterprises' (owned by SHREYAA ENTERPRISES, attempted by SHREYAA ENTERPRISES)
[2026-03-03 15:16:03] [WARNING] [DUPLICATE SKIPPED] 'SHREE KAMATCHIAMMAN STEELS' (owned by SHREYAA ENTERPRISES, attempted by SHREYAA ENTERPRISES)
[2026-03-03 15:16:03] [WARNING] [DUPLICATE SKIPPED] 'SHRI MEENAKSHI SUNDARESHWARAR GRANITES.' (owned by SHREYAA ENTERPRISES, attempted by SHREYAA ENTERPRISES)
[2026-03-03 15:16:03] [WARNING] [DUPLICATE SKIPPED] 'Shri Perumal Gases' (owned by SHREYAA ENTERPRISES, attempted by SHREYAA ENTERPRISES)
[2026-03-03 15:16:03] [WARNING] [DUPLICATE SKIPPED] 'SIKKANTHAR, VALAYAPATTI' (owned by SHREYAA ENTERPRISES, attempted by SHREYAA ENTERPRISES)
[2026-03-03 15:16:03] [WARNING] [DUPLICATE SKIPPED] 'SIVARANJANI LATHE WORKS' (owned by SHREYAA ENTERPRISES, attempted by SHREYAA ENTERPRISES)
[2026-03-03 15:16:03] [WARNING] [DUPLICATE SKIPPED] 'S K DEVENDRAN' (owned by SHREYAA ENTERPRISES, attempted by SHREYAA ENTERPRISES)
[2026-03-03 15:16:03] [WARNING] [DUPLICATE SKIPPED] 'S.K.M LORRY BODY BUILDERS' (owned by SHREYAA ENTERPRISES, attempted by SHREYAA ENTERPRISES)
[2026-03-03 15:16:03] [WARNING] [DUPLICATE SKIPPED] 'SM PATTARAI' (owned by SHREYAA ENTERPRISES, attempted by SHREYAA ENTERPRISES)
[2026-03-03 15:16:03] [WARNING] [DUPLICATE SKIPPED] 'S.M.S.STEEL' (owned by SHREYAA ENTERPRISES, attempted by SHREYAA ENTERPRISES)
[2026-03-03 15:16:03] [WARNING] [DUPLICATE SKIPPED] 'SOLOMAN CLINIC' (owned by SHREYAA ENTERPRISES, attempted by SHREYAA ENTERPRISES)
[2026-03-03 15:16:03] [WARNING] [DUPLICATE SKIPPED] 'Sree Bairava Trailors & Water Tanker' (owned by SHREYAA ENTERPRISES, attempted by SHREYAA ENTERPRISES)
[2026-03-03 15:16:03] [WARNING] [DUPLICATE SKIPPED] 'SREE JEYAM EXIM' (owned by SHREYAA ENTERPRISES, attempted by SHREYAA ENTERPRISES)
[2026-03-03 15:16:03] [WARNING] [DUPLICATE SKIPPED] 'SRI AMBAL IRON SHOP' (owned by SHREYAA ENTERPRISES, attempted by SHREYAA ENTERPRISES)
[2026-03-03 15:16:03] [WARNING] [DUPLICATE SKIPPED] 'SRI ANGALAMMAN EARTH MOVERS' (owned by SHREYAA ENTERPRISES, attempted by SHREYAA ENTERPRISES)
[2026-03-03 15:16:03] [WARNING] [DUPLICATE SKIPPED] 'SRI BALAJI GAS' (owned by SHREYAA ENTERPRISES, attempted by SHREYAA ENTERPRISES)
[2026-03-03 15:16:03] [WARNING] [DUPLICATE SKIPPED] 'Sri Dhurkai Ammal' (owned by SHREYAA ENTERPRISES, attempted by SHREYAA ENTERPRISES)
[2026-03-03 15:16:03] [WARNING] [DUPLICATE SKIPPED] 'SRI ELECTRONICS  & PLUMPING' (owned by SHREYAA ENTERPRISES, attempted by SHREYAA ENTERPRISES)
[2026-03-03 15:16:03] [WARNING] [DUPLICATE SKIPPED] 'SRI HARI GAS PASUMALAI' (owned by SHREYAA ENTERPRISES, attempted by SHREYAA ENTERPRISES)
[2026-03-03 15:16:03] [WARNING] [DUPLICATE SKIPPED] 'SRI KARPAGA VINAYAGAR SCRAP' (owned by SHREYAA ENTERPRISES, attempted by SHREYAA ENTERPRISES)
[2026-03-03 15:16:03] [WARNING] [DUPLICATE SKIPPED] 'SRI KARPAGA VINAYAKAR TINKER' (owned by SHREYAA ENTERPRISES, attempted by SHREYAA ENTERPRISES)
[2026-03-03 15:16:03] [WARNING] [DUPLICATE SKIPPED] 'SRI KRISHNA WELDDING' (owned by SHREYAA ENTERPRISES, attempted by SHREYAA ENTERPRISES)
[2026-03-03 15:16:03] [WARNING] [DUPLICATE SKIPPED] 'Sri Lakshmi Engineering' (owned by SHREYAA ENTERPRISES, attempted by SHREYAA ENTERPRISES)
[2026-03-03 15:16:03] [WARNING] [DUPLICATE SKIPPED] 'SRI MARI GAS WELDING' (owned by SHREYAA ENTERPRISES, attempted by SHREYAA ENTERPRISES)
[2026-03-03 15:16:03] [WARNING] [DUPLICATE SKIPPED] 'SRI MEENAKSHI SUNDARESWAR' (owned by SHREYAA ENTERPRISES, attempted by SHREYAA ENTERPRISES)
[2026-03-03 15:16:03] [WARNING] [DUPLICATE SKIPPED] 'SRINIVASAN SCRAP COMPANY' (owned by SHREYAA ENTERPRISES, attempted by SHREYAA ENTERPRISES)
[2026-03-03 15:16:03] [WARNING] [DUPLICATE SKIPPED] 'SRINIVASA TINKER PAINTING, CHELLAMPATTI' (owned by SHREYAA ENTERPRISES, attempted by SHREYAA ENTERPRISES)
[2026-03-03 15:16:03] [WARNING] [DUPLICATE SKIPPED] 'Sri Palani Andavar Agencies' (owned by SHREYAA ENTERPRISES, attempted by SHREYAA ENTERPRISES)
[2026-03-03 15:16:03] [WARNING] [DUPLICATE SKIPPED] 'Sri Pothys Steel' (owned by SHREYAA ENTERPRISES, attempted by SHREYAA ENTERPRISES)
[2026-03-03 15:16:03] [WARNING] [DUPLICATE SKIPPED] 'SRI RATHNA AUTO STORE' (owned by SHREYAA ENTERPRISES, attempted by SHREYAA ENTERPRISES)
[2026-03-03 15:16:03] [WARNING] [DUPLICATE SKIPPED] 'SRI SASTHA EARTH MOVERS' (owned by SHREYAA ENTERPRISES, attempted by SHREYAA ENTERPRISES)
[2026-03-03 15:16:03] [WARNING] [DUPLICATE SKIPPED] 'SRI SATHYA, THIRUMANGALAM' (owned by SHREYAA ENTERPRISES, attempted by SHREYAA ENTERPRISES)
[2026-03-03 15:16:03] [WARNING] [DUPLICATE SKIPPED] 'Sri Senthooran Enggineeing Works' (owned by SHREYAA ENTERPRISES, attempted by SHREYAA ENTERPRISES)
[2026-03-03 15:16:03] [WARNING] [DUPLICATE SKIPPED] 'SRI SENTHOOR EARTH MOVERS' (owned by SHREYAA ENTERPRISES, attempted by SHREYAA ENTERPRISES)
[2026-03-03 15:16:03] [WARNING] [DUPLICATE SKIPPED] 'SRI SONAI MUTHAIAHA COOLDRING' (owned by SHREYAA ENTERPRISES, attempted by SHREYAA ENTERPRISES)
[2026-03-03 15:16:03] [WARNING] [DUPLICATE SKIPPED] 'SRS TRADERS' (owned by SHREYAA ENTERPRISES, attempted by SHREYAA ENTERPRISES)
[2026-03-03 15:16:03] [WARNING] [DUPLICATE SKIPPED] 'S S ELECTRICALS & SERVICES' (owned by SHREYAA ENTERPRISES, attempted by SHREYAA ENTERPRISES)
[2026-03-03 15:16:03] [WARNING] [DUPLICATE SKIPPED] 'STAINLESS STEEL' (owned by SHREYAA ENTERPRISES, attempted by SHREYAA ENTERPRISES)
[2026-03-03 15:16:03] [WARNING] [DUPLICATE SKIPPED] 'St Marys Thirunelveli' (owned by SHREYAA ENTERPRISES, attempted by SHREYAA ENTERPRISES)
[2026-03-03 15:16:03] [WARNING] [DUPLICATE SKIPPED] 'Subburaman Iron and Steel,Dgl' (owned by SHREYAA ENTERPRISES, attempted by SHREYAA ENTERPRISES)
[2026-03-03 15:16:03] [WARNING] [DUPLICATE SKIPPED] 'SULTHAN MIETHIN' (owned by SHREYAA ENTERPRISES, attempted by SHREYAA ENTERPRISES)
[2026-03-03 15:16:03] [WARNING] [DUPLICATE SKIPPED] 'SUN AUTO CARRIAGE' (owned by SHREYAA ENTERPRISES, attempted by SHREYAA ENTERPRISES)
[2026-03-03 15:16:03] [WARNING] [DUPLICATE SKIPPED] 'Suresh Agencies' (owned by SHREYAA ENTERPRISES, attempted by SHREYAA ENTERPRISES)
[2026-03-03 15:16:03] [WARNING] [DUPLICATE SKIPPED] 'SURYA STEEL' (owned by SHREYAA ENTERPRISES, attempted by SHREYAA ENTERPRISES)
[2026-03-03 15:16:03] [WARNING] [DUPLICATE SKIPPED] 'SURYA TECH' (owned by Surya Air System, attempted by SHREYAA ENTERPRISES)
[2026-03-03 15:16:03] [WARNING] [DUPLICATE SKIPPED] 'TAMILAN GOLI SODA' (owned by SHREYAA ENTERPRISES, attempted by SHREYAA ENTERPRISES)
[2026-03-03 15:16:03] [WARNING] [DUPLICATE SKIPPED] 'Thamarai Selvi Tinger Works' (owned by SHREYAA ENTERPRISES, attempted by SHREYAA ENTERPRISES)
[2026-03-03 15:16:03] [WARNING] [DUPLICATE SKIPPED] 'THANGAM SODA' (owned by SHREYAA ENTERPRISES, attempted by SHREYAA ENTERPRISES)
[2026-03-03 15:16:03] [WARNING] [DUPLICATE SKIPPED] 'THARUN LATHE WELDING WORKS' (owned by SHREYAA ENTERPRISES, attempted by SHREYAA ENTERPRISES)
[2026-03-03 15:16:03] [WARNING] [DUPLICATE SKIPPED] 'THE MADURA OXYGEN' (owned by SHREYAA ENTERPRISES, attempted by SHREYAA ENTERPRISES)
[2026-03-03 15:16:03] [WARNING] [DUPLICATE SKIPPED] 'THENRAL AMBULANCE' (owned by SHREYAA ENTERPRISES, attempted by SHREYAA ENTERPRISES)
[2026-03-03 15:16:03] [WARNING] [DUPLICATE SKIPPED] 'THE STORES' (owned by SHREYAA ENTERPRISES, attempted by SHREYAA ENTERPRISES)
[2026-03-03 15:16:03] [WARNING] [DUPLICATE SKIPPED] 'THIRUPATHY TRADERS' (owned by SHREYAA ENTERPRISES, attempted by SHREYAA ENTERPRISES)
[2026-03-03 15:16:03] [WARNING] [DUPLICATE SKIPPED] 'THIRUPPATHI(SIVAKASI)' (owned by SHREYAA ENTERPRISES, attempted by SHREYAA ENTERPRISES)
[2026-03-03 15:16:03] [WARNING] [DUPLICATE SKIPPED] 'T M AMBULANCE' (owned by SHREYAA ENTERPRISES, attempted by SHREYAA ENTERPRISES)
[2026-03-03 15:16:03] [WARNING] [DUPLICATE SKIPPED] 'TNTJ AMBULANCE VNR' (owned by SHREYAA ENTERPRISES, attempted by SHREYAA ENTERPRISES)
[2026-03-03 15:16:03] [WARNING] [DUPLICATE SKIPPED] 'URANI EARTH MOVERS, THIRUNAGAR' (owned by SHREYAA ENTERPRISES, attempted by SHREYAA ENTERPRISES)
[2026-03-03 15:16:03] [WARNING] [DUPLICATE SKIPPED] 'Vahitha Agency' (owned by SHREYAA ENTERPRISES, attempted by SHREYAA ENTERPRISES)
[2026-03-03 15:16:03] [WARNING] [DUPLICATE SKIPPED] 'Vava Iron Shop, Ramnad' (owned by SHREYAA ENTERPRISES, attempted by SHREYAA ENTERPRISES)
[2026-03-03 15:16:03] [WARNING] [DUPLICATE SKIPPED] 'VEL GAME WORLD' (owned by SHREYAA ENTERPRISES, attempted by SHREYAA ENTERPRISES)
[2026-03-03 15:16:03] [WARNING] [DUPLICATE SKIPPED] 'VELLMURUGAN WELDING. RAMD' (owned by SHREYAA ENTERPRISES, attempted by SHREYAA ENTERPRISES)
[2026-03-03 15:16:03] [WARNING] [DUPLICATE SKIPPED] 'VEL MANI STONE THENI' (owned by SHREYAA ENTERPRISES, attempted by SHREYAA ENTERPRISES)
[2026-03-03 15:16:03] [WARNING] [DUPLICATE SKIPPED] 'Venkatesh - Thanakkankulam' (owned by SHREYAA ENTERPRISES, attempted by SHREYAA ENTERPRISES)
[2026-03-03 15:16:03] [WARNING] [DUPLICATE SKIPPED] 'Venkateshwara Agency -Madurai' (owned by SHREYAA ENTERPRISES, attempted by SHREYAA ENTERPRISES)
[2026-03-03 15:16:03] [WARNING] [DUPLICATE SKIPPED] 'VIGNESH' (owned by SHREYAA ENTERPRISES, attempted by SHREYAA ENTERPRISES)
[2026-03-03 15:16:03] [WARNING] [DUPLICATE SKIPPED] 'VIJAYARAJAN-SVN' (owned by SHREYAA ENTERPRISES, attempted by SHREYAA ENTERPRISES)
[2026-03-03 15:16:03] [WARNING] [DUPLICATE SKIPPED] 'VIKRAM WELDING' (owned by SHREYAA ENTERPRISES, attempted by SHREYAA ENTERPRISES)
[2026-03-03 15:16:03] [WARNING] [DUPLICATE SKIPPED] 'VIP EVENTS' (owned by SHREYAA ENTERPRISES, attempted by SHREYAA ENTERPRISES)
[2026-03-03 15:16:03] [WARNING] [DUPLICATE SKIPPED] 'VIRUMANDI' (owned by SHREYAA ENTERPRISES, attempted by SHREYAA ENTERPRISES)
[2026-03-03 15:16:03] [WARNING] [DUPLICATE SKIPPED] 'Vitro Lab (Kk Nagar)' (owned by SHREYAA ENTERPRISES, attempted by SHREYAA ENTERPRISES)
[2026-03-03 15:16:03] [WARNING] [DUPLICATE SKIPPED] 'VMA OFFICE, AUNDIPATTI' (owned by SHREYAA ENTERPRISES, attempted by SHREYAA ENTERPRISES)
[2026-03-03 15:16:03] [WARNING] [DUPLICATE SKIPPED] 'VMP STEELS' (owned by SHREYAA ENTERPRISES, attempted by SHREYAA ENTERPRISES)
[2026-03-03 15:16:03] [WARNING] [DUPLICATE SKIPPED] 'VSB BALA' (owned by SHREYAA ENTERPRISES, attempted by SHREYAA ENTERPRISES)
[2026-03-03 15:16:03] [WARNING] [DUPLICATE SKIPPED] 'WEATHER DYNAMICS' (owned by SHREYAA ENTERPRISES, attempted by SHREYAA ENTERPRISES)
[2026-03-03 15:16:03] [WARNING] [DUPLICATE SKIPPED] 'Welcome Car Part' (owned by SHREYAA ENTERPRISES, attempted by SHREYAA ENTERPRISES)
[2026-03-03 15:16:03] [WARNING] [DUPLICATE SKIPPED] 'YASAR JUICE POINT' (owned by SHREYAA ENTERPRISES, attempted by SHREYAA ENTERPRISES)
[2026-03-03 15:16:03] [WARNING] [DUPLICATE SKIPPED] 'YASIN EVENTS' (owned by SHREYAA ENTERPRISES, attempted by SHREYAA ENTERPRISES)
[2026-03-03 15:16:03] [WARNING] [DUPLICATE SKIPPED] 'YUVANESH DHALL MILL' (owned by SHREYAA ENTERPRISES, attempted by SHREYAA ENTERPRISES)
[2026-03-03 15:16:03] [WARNING] [DUPLICATE SKIPPED] 'YUVAN FRESH DRINKS' (owned by SHREYAA ENTERPRISES, attempted by SHREYAA ENTERPRISES)
[2026-03-03 15:16:03] [WARNING] [DUPLICATE SKIPPED] 'ZAKIR HUSSAIN' (owned by SHREYAA ENTERPRISES, attempted by SHREYAA ENTERPRISES)
[2026-03-03 15:16:03] [WARNING] [DUPLICATE SKIPPED] 'ZERO POINT' (owned by SHREYAA ENTERPRISES, attempted by SHREYAA ENTERPRISES)
[2026-03-03 15:16:03] [INFO] 
============================================================
[2026-03-03 15:16:03] [INFO] Processing: Surya Air System (COMPANY_2)
[2026-03-03 15:16:03] [INFO] ============================================================
[2026-03-03 15:16:03] [INFO] Fetched 1 customers from Tally
[2026-03-03 15:16:03] [WARNING] [DUPLICATE SKIPPED] 'SURYA TECH' (owned by Surya Air System, attempted by Surya Air System)
[2026-03-03 15:16:03] [INFO] 
============================================================
[2026-03-03 15:16:03] [INFO] CUSTOMER FETCH SUMMARY
[2026-03-03 15:16:03] [INFO] ============================================================
[2026-03-03 15:16:03] [INFO] Total Fetched from Tally: 312
[2026-03-03 15:16:03] [INFO] New Customers Saved: 1
[2026-03-03 15:16:03] [INFO] Duplicates Skipped: 311
[2026-03-03 15:16:03] [INFO] Errors: 0
[2026-03-03 15:16:03] [INFO] ============================================================
[2026-03-03 15:16:03] [INFO] 
Database Statistics:
[2026-03-03 15:16:03] [INFO] Total Customers: 311
[2026-03-03 15:16:03] [INFO] Customers by Company: {'SHREYAA ENTERPRISES': 310, 'Surya Air System': 1}
[2026-03-03 15:16:03] [INFO] Synced Customers: 310
[2026-03-03 22:17:01] [INFO] Starting customer fetch from 2 companies
[2026-03-03 22:17:01] [INFO] Active companies: SHREYAA ENTERPRISES, Surya Air System
[2026-03-03 22:17:01] [INFO] 
============================================================
[2026-03-03 22:17:01] [INFO] Processing: SHREYAA ENTERPRISES (COMPANY_1)
[2026-03-03 22:17:01] [INFO] ============================================================
[2026-03-03 22:17:02] [INFO] Fetched 311 customers from Tally
[2026-03-03 22:17:02] [WARNING] [DUPLICATE SKIPPED] 'AADHI MANGALA FABRIC' (owned by SHREYAA ENTERPRISES, attempted by SHREYAA ENTERPRISES)
[2026-03-03 22:17:02] [WARNING] [DUPLICATE SKIPPED] 'ABISAK' (owned by SHREYAA ENTERPRISES, attempted by SHREYAA ENTERPRISES)
[2026-03-03 22:17:02] [WARNING] [DUPLICATE SKIPPED] 'ABIShek' (owned by SHREYAA ENTERPRISES, attempted by SHREYAA ENTERPRISES)
[2026-03-03 22:17:02] [WARNING] [DUPLICATE SKIPPED] 'ABI SMOKE BISCUTS (SRM AGENCY)' (owned by SHREYAA ENTERPRISES, attempted by SHREYAA ENTERPRISES)
[2026-03-03 22:17:02] [WARNING] [DUPLICATE SKIPPED] 'Adithiya Car Machanic' (owned by SHREYAA ENTERPRISES, attempted by SHREYAA ENTERPRISES)
[2026-03-03 22:17:02] [WARNING] [DUPLICATE SKIPPED] 'A E Engineering' (owned by SHREYAA ENTERPRISES, attempted by SHREYAA ENTERPRISES)
[2026-03-03 22:17:02] [WARNING] [DUPLICATE SKIPPED] 'AJ ASSOCATES' (owned by SHREYAA ENTERPRISES, attempted by SHREYAA ENTERPRISES)
[2026-03-03 22:17:02] [WARNING] [DUPLICATE SKIPPED] 'AJ HOSPITAL' (owned by SHREYAA ENTERPRISES, attempted by SHREYAA ENTERPRISES)
[2026-03-03 22:17:02] [WARNING] [DUPLICATE SKIPPED] 'A.KANNAN' (owned by SHREYAA ENTERPRISES, attempted by SHREYAA ENTERPRISES)
[2026-03-03 22:17:02] [WARNING] [DUPLICATE SKIPPED] 'AKASH CONSTRUCTIONS' (owned by SHREYAA ENTERPRISES, attempted by SHREYAA ENTERPRISES)
[2026-03-03 22:17:02] [WARNING] [DUPLICATE SKIPPED] 'A.K.Enter Prises' (owned by SHREYAA ENTERPRISES, attempted by SHREYAA ENTERPRISES)
[2026-03-03 22:17:02] [WARNING] [DUPLICATE SKIPPED] 'ALAGERSAMY' (owned by SHREYAA ENTERPRISES, attempted by SHREYAA ENTERPRISES)
[2026-03-03 22:17:02] [WARNING] [DUPLICATE SKIPPED] 'Alagumalayan' (owned by SHREYAA ENTERPRISES, attempted by SHREYAA ENTERPRISES)
[2026-03-03 22:17:02] [WARNING] [DUPLICATE SKIPPED] 'Amaravathy Trailors' (owned by SHREYAA ENTERPRISES, attempted by SHREYAA ENTERPRISES)
[2026-03-03 22:17:02] [WARNING] [DUPLICATE SKIPPED] 'AMMAN EARTH MOVERS' (owned by SHREYAA ENTERPRISES, attempted by SHREYAA ENTERPRISES)
[2026-03-03 22:17:02] [WARNING] [DUPLICATE SKIPPED] 'AMR WELDING' (owned by SHREYAA ENTERPRISES, attempted by SHREYAA ENTERPRISES)
[2026-03-03 22:17:02] [WARNING] [DUPLICATE SKIPPED] 'AMUTHAN REFRIGRATION, MADURAI' (owned by SHREYAA ENTERPRISES, attempted by SHREYAA ENTERPRISES)
[2026-03-03 22:17:02] [WARNING] [DUPLICATE SKIPPED] 'Andal Welding Works' (owned by SHREYAA ENTERPRISES, attempted by SHREYAA ENTERPRISES)
[2026-03-03 22:17:02] [WARNING] [DUPLICATE SKIPPED] 'ANGALA ESWARI COMPONENTS' (owned by SHREYAA ENTERPRISES, attempted by SHREYAA ENTERPRISES)
[2026-03-03 22:17:02] [WARNING] [DUPLICATE SKIPPED] 'ANKIT RASTOGI, HYDERABAD' (owned by SHREYAA ENTERPRISES, attempted by SHREYAA ENTERPRISES)
[2026-03-03 22:17:02] [WARNING] [DUPLICATE SKIPPED] 'Annai Ambulance' (owned by SHREYAA ENTERPRISES, attempted by SHREYAA ENTERPRISES)
[2026-03-03 22:17:02] [WARNING] [DUPLICATE SKIPPED] 'ANTHONY RAJ.K' (owned by SHREYAA ENTERPRISES, attempted by SHREYAA ENTERPRISES)
[2026-03-03 22:17:02] [WARNING] [DUPLICATE SKIPPED] 'ARAVIND AROKKIYA SAMY' (owned by SHREYAA ENTERPRISES, attempted by SHREYAA ENTERPRISES)
[2026-03-03 22:17:02] [WARNING] [DUPLICATE SKIPPED] 'ARJUN DHALL MILL' (owned by SHREYAA ENTERPRISES, attempted by SHREYAA ENTERPRISES)
[2026-03-03 22:17:02] [WARNING] [DUPLICATE SKIPPED] 'A R METALS' (owned by SHREYAA ENTERPRISES, attempted by SHREYAA ENTERPRISES)
[2026-03-03 22:17:02] [WARNING] [DUPLICATE SKIPPED] 'ARUMUGAM (PATIENT)' (owned by SHREYAA ENTERPRISES, attempted by SHREYAA ENTERPRISES)
[2026-03-03 22:17:02] [WARNING] [DUPLICATE SKIPPED] 'ARUMUGAM S. KANNAN' (owned by SHREYAA ENTERPRISES, attempted by SHREYAA ENTERPRISES)
[2026-03-03 22:17:02] [WARNING] [DUPLICATE SKIPPED] 'Arunachalam Lathe' (owned by SHREYAA ENTERPRISES, attempted by SHREYAA ENTERPRISES)
[2026-03-03 22:17:02] [WARNING] [DUPLICATE SKIPPED] 'AR WELDING' (owned by SHREYAA ENTERPRISES, attempted by SHREYAA ENTERPRISES)
[2026-03-03 22:17:02] [WARNING] [DUPLICATE SKIPPED] 'AS AMBULANCE' (owned by SHREYAA ENTERPRISES, attempted by SHREYAA ENTERPRISES)
[2026-03-03 22:17:02] [WARNING] [DUPLICATE SKIPPED] 'ASHOK IRON SHOP' (owned by SHREYAA ENTERPRISES, attempted by SHREYAA ENTERPRISES)
[2026-03-03 22:17:02] [WARNING] [DUPLICATE SKIPPED] 'ASKS BLUE METAL' (owned by SHREYAA ENTERPRISES, attempted by SHREYAA ENTERPRISES)
[2026-03-03 22:17:02] [WARNING] [DUPLICATE SKIPPED] 'BALAGURU SAMY' (owned by SHREYAA ENTERPRISES, attempted by SHREYAA ENTERPRISES)
[2026-03-03 22:17:02] [WARNING] [DUPLICATE SKIPPED] 'BALASUBRAMANIAN FUELS' (owned by SHREYAA ENTERPRISES, attempted by SHREYAA ENTERPRISES)
[2026-03-03 22:17:02] [WARNING] [DUPLICATE SKIPPED] 'BHARATH BRICKS' (owned by SHREYAA ENTERPRISES, attempted by SHREYAA ENTERPRISES)
[2026-03-03 22:17:02] [WARNING] [DUPLICATE SKIPPED] 'BHARATH BRICKS-8525941023' (owned by SHREYAA ENTERPRISES, attempted by SHREYAA ENTERPRISES)
[2026-03-03 22:17:02] [WARNING] [DUPLICATE SKIPPED] 'B.KARTHIK  KUMAR' (owned by SHREYAA ENTERPRISES, attempted by SHREYAA ENTERPRISES)
[2026-03-03 22:17:02] [WARNING] [DUPLICATE SKIPPED] 'Bms Blue Metal' (owned by SHREYAA ENTERPRISES, attempted by SHREYAA ENTERPRISES)
[2026-03-03 22:17:02] [WARNING] [DUPLICATE SKIPPED] 'CDR&CO' (owned by SHREYAA ENTERPRISES, attempted by SHREYAA ENTERPRISES)
[2026-03-03 22:17:02] [WARNING] [DUPLICATE SKIPPED] 'CENMARK IRRIGATION' (owned by SHREYAA ENTERPRISES, attempted by SHREYAA ENTERPRISES)
[2026-03-03 22:17:02] [WARNING] [DUPLICATE SKIPPED] 'CERAMIC PRO MADURAI' (owned by SHREYAA ENTERPRISES, attempted by SHREYAA ENTERPRISES)
[2026-03-03 22:17:02] [WARNING] [DUPLICATE SKIPPED] 'CHAIRMAN SNACKS' (owned by SHREYAA ENTERPRISES, attempted by SHREYAA ENTERPRISES)
[2026-03-03 22:17:02] [WARNING] [DUPLICATE SKIPPED] 'CHALLENGE COLOURS-Usilampatti' (owned by SHREYAA ENTERPRISES, attempted by SHREYAA ENTERPRISES)
[2026-03-03 22:17:02] [WARNING] [DUPLICATE SKIPPED] 'Chandran Welding Works' (owned by SHREYAA ENTERPRISES, attempted by SHREYAA ENTERPRISES)
[2026-03-03 22:17:02] [WARNING] [DUPLICATE SKIPPED] 'CHEELAPANDI' (owned by SHREYAA ENTERPRISES, attempted by SHREYAA ENTERPRISES)
[2026-03-03 22:17:02] [WARNING] [DUPLICATE SKIPPED] 'CHELLAPPA, MADURAI' (owned by SHREYAA ENTERPRISES, attempted by SHREYAA ENTERPRISES)
[2026-03-03 22:17:02] [WARNING] [DUPLICATE SKIPPED] 'CHENNAI STEELS' (owned by SHREYAA ENTERPRISES, attempted by SHREYAA ENTERPRISES)
[2026-03-03 22:17:02] [WARNING] [DUPLICATE SKIPPED] 'CHOKKAN PALANI VILAS' (owned by SHREYAA ENTERPRISES, attempted by SHREYAA ENTERPRISES)
[2026-03-03 22:17:02] [WARNING] [DUPLICATE SKIPPED] 'CLASSIC ROCKS' (owned by SHREYAA ENTERPRISES, attempted by SHREYAA ENTERPRISES)
[2026-03-03 22:17:02] [WARNING] [DUPLICATE SKIPPED] 'CMS BLUE METAL' (owned by SHREYAA ENTERPRISES, attempted by SHREYAA ENTERPRISES)
[2026-03-03 22:17:02] [WARNING] [DUPLICATE SKIPPED] 'COLOUMBS INDUSTRIES , SUNGURAMPATTI' (owned by SHREYAA ENTERPRISES, attempted by SHREYAA ENTERPRISES)
[2026-03-03 22:17:02] [WARNING] [DUPLICATE SKIPPED] 'DEBTOR DIFFERENT' (owned by SHREYAA ENTERPRISES, attempted by SHREYAA ENTERPRISES)
[2026-03-03 22:17:02] [WARNING] [DUPLICATE SKIPPED] 'DEPOIST-ABISHEK KUMAR' (owned by SHREYAA ENTERPRISES, attempted by SHREYAA ENTERPRISES)
[2026-03-03 22:17:02] [WARNING] [DUPLICATE SKIPPED] 'DEPOIST. SRI KRISHNA WELDDING' (owned by SHREYAA ENTERPRISES, attempted by SHREYAA ENTERPRISES)
[2026-03-03 22:17:02] [WARNING] [DUPLICATE SKIPPED] 'DEPOSIT.ALAGAR SAMY' (owned by SHREYAA ENTERPRISES, attempted by SHREYAA ENTERPRISES)
[2026-03-03 22:17:02] [WARNING] [DUPLICATE SKIPPED] 'DEVA TECH' (owned by SHREYAA ENTERPRISES, attempted by SHREYAA ENTERPRISES)
[2026-03-03 22:17:02] [WARNING] [DUPLICATE SKIPPED] 'DHIYA SRI AMBULANCE, THIRUPPUVANAM' (owned by SHREYAA ENTERPRISES, attempted by SHREYAA ENTERPRISES)
[2026-03-03 22:17:02] [WARNING] [DUPLICATE SKIPPED] 'DINESH - THALLAKULAM' (owned by SHREYAA ENTERPRISES, attempted by SHREYAA ENTERPRISES)
[2026-03-03 22:17:02] [WARNING] [DUPLICATE SKIPPED] 'Dk Blue Metal' (owned by SHREYAA ENTERPRISES, attempted by SHREYAA ENTERPRISES)
[2026-03-03 22:17:02] [WARNING] [DUPLICATE SKIPPED] 'DR.PATEN RAJA' (owned by SHREYAA ENTERPRISES, attempted by SHREYAA ENTERPRISES)
[2026-03-03 22:17:02] [WARNING] [DUPLICATE SKIPPED] 'DR.RAMA SUBRAMANIAN' (owned by SHREYAA ENTERPRISES, attempted by SHREYAA ENTERPRISES)
[2026-03-03 22:17:02] [WARNING] [DUPLICATE SKIPPED] 'DR.SRINIVASAN' (owned by SHREYAA ENTERPRISES, attempted by SHREYAA ENTERPRISES)
[2026-03-03 22:17:02] [WARNING] [DUPLICATE SKIPPED] 'DURAI PANDI SAMY' (owned by SHREYAA ENTERPRISES, attempted by SHREYAA ENTERPRISES)
[2026-03-03 22:17:02] [WARNING] [DUPLICATE SKIPPED] 'ENTHU NADAR KARIYAOATTI' (owned by SHREYAA ENTERPRISES, attempted by SHREYAA ENTERPRISES)
[2026-03-03 22:17:02] [WARNING] [DUPLICATE SKIPPED] 'EVERSILVER AND METAL BROKEN LATH' (owned by SHREYAA ENTERPRISES, attempted by SHREYAA ENTERPRISES)
[2026-03-03 22:17:03] [WARNING] [DUPLICATE SKIPPED] 'GAMETE CELLS SCIENCE HEALTH CARE PVT LTD' (owned by SHREYAA ENTERPRISES, attempted by SHREYAA ENTERPRISES)
[2026-03-03 22:17:03] [WARNING] [DUPLICATE SKIPPED] 'Ganesan Lathe' (owned by SHREYAA ENTERPRISES, attempted by SHREYAA ENTERPRISES)
[2026-03-03 22:17:03] [WARNING] [DUPLICATE SKIPPED] 'Gene Art Bank' (owned by SHREYAA ENTERPRISES, attempted by SHREYAA ENTERPRISES)
[2026-03-03 22:17:03] [WARNING] [DUPLICATE SKIPPED] 'GNANAM METAL' (owned by SHREYAA ENTERPRISES, attempted by SHREYAA ENTERPRISES)
[2026-03-03 22:17:03] [WARNING] [DUPLICATE SKIPPED] 'GOLDEN TRADERS' (owned by SHREYAA ENTERPRISES, attempted by SHREYAA ENTERPRISES)
[2026-03-03 22:17:03] [WARNING] [DUPLICATE SKIPPED] 'GOODWILL STEELS' (owned by SHREYAA ENTERPRISES, attempted by SHREYAA ENTERPRISES)
[2026-03-03 22:17:03] [WARNING] [DUPLICATE SKIPPED] 'GOWERI HARI RAM' (owned by SHREYAA ENTERPRISES, attempted by SHREYAA ENTERPRISES)
[2026-03-03 22:17:03] [WARNING] [DUPLICATE SKIPPED] 'GOWTHAM CLINIC' (owned by SHREYAA ENTERPRISES, attempted by SHREYAA ENTERPRISES)
[2026-03-03 22:17:03] [WARNING] [DUPLICATE SKIPPED] 'G.PANDIYARAJ' (owned by SHREYAA ENTERPRISES, attempted by SHREYAA ENTERPRISES)
[2026-03-03 22:17:03] [WARNING] [DUPLICATE SKIPPED] 'GTN WELDING WORK' (owned by SHREYAA ENTERPRISES, attempted by SHREYAA ENTERPRISES)
[2026-03-03 22:17:03] [WARNING] [DUPLICATE SKIPPED] 'GUDLYE MOBITY P LTD' (owned by SHREYAA ENTERPRISES, attempted by SHREYAA ENTERPRISES)
[2026-03-03 22:17:03] [WARNING] [DUPLICATE SKIPPED] 'GUNASEKARAN' (owned by SHREYAA ENTERPRISES, attempted by SHREYAA ENTERPRISES)
[2026-03-03 22:17:03] [WARNING] [DUPLICATE SKIPPED] 'Guru Pradeep - Svk' (owned by SHREYAA ENTERPRISES, attempted by SHREYAA ENTERPRISES)
[2026-03-03 22:17:03] [WARNING] [DUPLICATE SKIPPED] 'Gv Tnfira' (owned by SHREYAA ENTERPRISES, attempted by SHREYAA ENTERPRISES)
[2026-03-03 22:17:03] [WARNING] [DUPLICATE SKIPPED] 'G.V. TRADERS' (owned by SHREYAA ENTERPRISES, attempted by SHREYAA ENTERPRISES)
[2026-03-03 22:17:03] [WARNING] [DUPLICATE SKIPPED] 'HAPPY FIN AQUA' (owned by SHREYAA ENTERPRISES, attempted by SHREYAA ENTERPRISES)
[2026-03-03 22:17:03] [WARNING] [DUPLICATE SKIPPED] 'HARINISRI COLOURS-AANDIPATTI' (owned by SHREYAA ENTERPRISES, attempted by SHREYAA ENTERPRISES)
[2026-03-03 22:17:03] [WARNING] [DUPLICATE SKIPPED] 'HI-TECH STEELS' (owned by SHREYAA ENTERPRISES, attempted by SHREYAA ENTERPRISES)
[2026-03-03 22:17:03] [WARNING] [DUPLICATE SKIPPED] 'HS Gas Agency' (owned by SHREYAA ENTERPRISES, attempted by SHREYAA ENTERPRISES)
[2026-03-03 22:17:03] [WARNING] [DUPLICATE SKIPPED] 'ILAYAYA RAJA, SELLUR' (owned by SHREYAA ENTERPRISES, attempted by SHREYAA ENTERPRISES)
[2026-03-03 22:17:03] [WARNING] [DUPLICATE SKIPPED] 'IMRAN STEEL' (owned by SHREYAA ENTERPRISES, attempted by SHREYAA ENTERPRISES)
[2026-03-03 22:17:03] [WARNING] [DUPLICATE SKIPPED] 'Indira Gas Agency' (owned by SHREYAA ENTERPRISES, attempted by SHREYAA ENTERPRISES)
[2026-03-03 22:17:03] [WARNING] [DUPLICATE SKIPPED] 'INEEYA STEEL' (owned by SHREYAA ENTERPRISES, attempted by SHREYAA ENTERPRISES)
[2026-03-03 22:17:03] [WARNING] [DUPLICATE SKIPPED] 'JACOB' (owned by SHREYAA ENTERPRISES, attempted by SHREYAA ENTERPRISES)
[2026-03-03 22:17:03] [WARNING] [DUPLICATE SKIPPED] 'JACOP' (owned by SHREYAA ENTERPRISES, attempted by SHREYAA ENTERPRISES)
[2026-03-03 22:17:03] [WARNING] [DUPLICATE SKIPPED] 'JALAMAN' (owned by SHREYAA ENTERPRISES, attempted by SHREYAA ENTERPRISES)
[2026-03-03 22:17:03] [WARNING] [DUPLICATE SKIPPED] 'JASMINE BLUE METAL' (owned by SHREYAA ENTERPRISES, attempted by SHREYAA ENTERPRISES)
[2026-03-03 22:17:03] [WARNING] [DUPLICATE SKIPPED] 'JAVED HUSSAIN' (owned by SHREYAA ENTERPRISES, attempted by SHREYAA ENTERPRISES)
[2026-03-03 22:17:03] [WARNING] [DUPLICATE SKIPPED] 'JAWAHAR HOSPITAL - Peraiyur' (owned by SHREYAA ENTERPRISES, attempted by SHREYAA ENTERPRISES)
[2026-03-03 22:17:03] [WARNING] [DUPLICATE SKIPPED] 'JEGADISH ADVERTISING' (owned by SHREYAA ENTERPRISES, attempted by SHREYAA ENTERPRISES)
[2026-03-03 22:17:03] [WARNING] [DUPLICATE SKIPPED] 'JEGA STEELS INDUSTRIAL' (owned by SHREYAA ENTERPRISES, attempted by SHREYAA ENTERPRISES)
[2026-03-03 22:17:03] [WARNING] [DUPLICATE SKIPPED] 'JEYA CHANDIRAN' (owned by SHREYAA ENTERPRISES, attempted by SHREYAA ENTERPRISES)
[2026-03-03 22:17:03] [WARNING] [DUPLICATE SKIPPED] 'JEYAM BLUE METAL' (owned by SHREYAA ENTERPRISES, attempted by SHREYAA ENTERPRISES)
[2026-03-03 22:17:03] [WARNING] [DUPLICATE SKIPPED] 'JEYAM BLUE METAL - KACHAKATTI' (owned by SHREYAA ENTERPRISES, attempted by SHREYAA ENTERPRISES)
[2026-03-03 22:17:03] [WARNING] [DUPLICATE SKIPPED] 'JEYAMEENKSHI STEEL' (owned by SHREYAA ENTERPRISES, attempted by SHREYAA ENTERPRISES)
[2026-03-03 22:17:03] [WARNING] [DUPLICATE SKIPPED] 'JEYAM TRACTOR WORKS' (owned by SHREYAA ENTERPRISES, attempted by SHREYAA ENTERPRISES)
[2026-03-03 22:17:03] [WARNING] [DUPLICATE SKIPPED] 'J J  EARTH MOVERS' (owned by SHREYAA ENTERPRISES, attempted by SHREYAA ENTERPRISES)
[2026-03-03 22:17:03] [WARNING] [DUPLICATE SKIPPED] 'JKANS HOTEL, MADURAI' (owned by SHREYAA ENTERPRISES, attempted by SHREYAA ENTERPRISES)
[2026-03-03 22:17:03] [WARNING] [DUPLICATE SKIPPED] 'JK TRADERS' (owned by SHREYAA ENTERPRISES, attempted by SHREYAA ENTERPRISES)
[2026-03-03 22:17:03] [WARNING] [DUPLICATE SKIPPED] 'J.M.BLUE METAL' (owned by SHREYAA ENTERPRISES, attempted by SHREYAA ENTERPRISES)
[2026-03-03 22:17:03] [WARNING] [DUPLICATE SKIPPED] 'Jum Jum Traders' (owned by SHREYAA ENTERPRISES, attempted by SHREYAA ENTERPRISES)
[2026-03-03 22:17:03] [WARNING] [DUPLICATE SKIPPED] 'KADASARI AUTOMOBILES' (owned by SHREYAA ENTERPRISES, attempted by SHREYAA ENTERPRISES)
[2026-03-03 22:17:03] [WARNING] [DUPLICATE SKIPPED] 'KALIDASSAN' (owned by SHREYAA ENTERPRISES, attempted by SHREYAA ENTERPRISES)
[2026-03-03 22:17:03] [WARNING] [DUPLICATE SKIPPED] 'Kamatchi  Agencies' (owned by SHREYAA ENTERPRISES, attempted by SHREYAA ENTERPRISES)
[2026-03-03 22:17:03] [WARNING] [DUPLICATE SKIPPED] 'KANNALAGAN TREDERS .PARAVAI' (owned by SHREYAA ENTERPRISES, attempted by SHREYAA ENTERPRISES)
[2026-03-03 22:17:03] [WARNING] [DUPLICATE SKIPPED] 'Karal Welding' (owned by SHREYAA ENTERPRISES, attempted by SHREYAA ENTERPRISES)
[2026-03-03 22:17:03] [WARNING] [DUPLICATE SKIPPED] 'KARPAGA VINAYAGAR ENGINEERING WORK' (owned by SHREYAA ENTERPRISES, attempted by SHREYAA ENTERPRISES)
[2026-03-03 22:17:03] [WARNING] [DUPLICATE SKIPPED] 'KARTHICK BLUE METAL' (owned by SHREYAA ENTERPRISES, attempted by SHREYAA ENTERPRISES)
[2026-03-03 22:17:03] [WARNING] [DUPLICATE SKIPPED] 'KARTHICK MEDICAL CENTER' (owned by SHREYAA ENTERPRISES, attempted by SHREYAA ENTERPRISES)
[2026-03-03 22:17:03] [WARNING] [DUPLICATE SKIPPED] 'KEREN MATRIC HIGH SCHOOL' (owned by SHREYAA ENTERPRISES, attempted by SHREYAA ENTERPRISES)
[2026-03-03 22:17:03] [WARNING] [DUPLICATE SKIPPED] 'KESAVAN (Contractor)' (owned by SHREYAA ENTERPRISES, attempted by SHREYAA ENTERPRISES)
[2026-03-03 22:17:03] [WARNING] [DUPLICATE SKIPPED] 'K.K. Engineering, Madurai' (owned by SHREYAA ENTERPRISES, attempted by SHREYAA ENTERPRISES)
[2026-03-03 22:17:03] [WARNING] [DUPLICATE SKIPPED] 'KPS AMBULANCE' (owned by SHREYAA ENTERPRISES, attempted by SHREYAA ENTERPRISES)
[2026-03-03 22:17:03] [WARNING] [DUPLICATE SKIPPED] 'K.R. RAJA, PARAMAKUDI' (owned by SHREYAA ENTERPRISES, attempted by SHREYAA ENTERPRISES)
[2026-03-03 22:17:03] [WARNING] [DUPLICATE SKIPPED] 'KS THANVANTH EARTH MOVERS' (owned by SHREYAA ENTERPRISES, attempted by SHREYAA ENTERPRISES)
[2026-03-03 22:17:03] [WARNING] [DUPLICATE SKIPPED] 'LAKSHMANA IRON SHOP' (owned by SHREYAA ENTERPRISES, attempted by SHREYAA ENTERPRISES)
[2026-03-03 22:17:03] [WARNING] [DUPLICATE SKIPPED] 'LAKSHMI DEVI' (owned by SHREYAA ENTERPRISES, attempted by SHREYAA ENTERPRISES)
[2026-03-03 22:17:03] [WARNING] [DUPLICATE SKIPPED] 'LDC' (owned by SHREYAA ENTERPRISES, attempted by SHREYAA ENTERPRISES)
[2026-03-03 22:17:03] [WARNING] [DUPLICATE SKIPPED] 'Lucky Cool Drinks' (owned by SHREYAA ENTERPRISES, attempted by SHREYAA ENTERPRISES)
[2026-03-03 22:17:03] [WARNING] [DUPLICATE SKIPPED] 'MADHU SHANKAR' (owned by SHREYAA ENTERPRISES, attempted by SHREYAA ENTERPRISES)
[2026-03-03 22:17:03] [WARNING] [DUPLICATE SKIPPED] 'MADURAI OXYGEN' (owned by SHREYAA ENTERPRISES, attempted by SHREYAA ENTERPRISES)
[2026-03-03 22:17:03] [WARNING] [DUPLICATE SKIPPED] 'MADURAI REFRIGERATION SERVICE' (owned by SHREYAA ENTERPRISES, attempted by SHREYAA ENTERPRISES)
[2026-03-03 22:17:03] [WARNING] [DUPLICATE SKIPPED] 'Maha Ganapathi Engineering Works' (owned by SHREYAA ENTERPRISES, attempted by SHREYAA ENTERPRISES)
[2026-03-03 22:17:03] [WARNING] [DUPLICATE SKIPPED] 'Mahalingam iron shop' (owned by SHREYAA ENTERPRISES, attempted by SHREYAA ENTERPRISES)
[2026-03-03 22:17:03] [WARNING] [DUPLICATE SKIPPED] 'MAHANICK' (owned by SHREYAA ENTERPRISES, attempted by SHREYAA ENTERPRISES)
[2026-03-03 22:17:03] [WARNING] [DUPLICATE SKIPPED] 'Maharaja Agencies - Othakadai' (owned by SHREYAA ENTERPRISES, attempted by SHREYAA ENTERPRISES)
[2026-03-03 22:17:03] [WARNING] [DUPLICATE SKIPPED] 'MAHENDAR, NATTARMANGALAM' (owned by SHREYAA ENTERPRISES, attempted by SHREYAA ENTERPRISES)
[2026-03-03 22:17:03] [WARNING] [DUPLICATE SKIPPED] 'MAHI TREDERS' (owned by SHREYAA ENTERPRISES, attempted by SHREYAA ENTERPRISES)
[2026-03-03 22:17:03] [WARNING] [DUPLICATE SKIPPED] 'Malliga Infira' (owned by SHREYAA ENTERPRISES, attempted by SHREYAA ENTERPRISES)
[2026-03-03 22:17:03] [WARNING] [DUPLICATE SKIPPED] 'Mani's Steels' (owned by SHREYAA ENTERPRISES, attempted by SHREYAA ENTERPRISES)
[2026-03-03 22:17:03] [WARNING] [DUPLICATE SKIPPED] 'Manikandan' (owned by SHREYAA ENTERPRISES, attempted by SHREYAA ENTERPRISES)
[2026-03-03 22:17:03] [WARNING] [DUPLICATE SKIPPED] 'MANIKKA PRAKASH' (owned by SHREYAA ENTERPRISES, attempted by SHREYAA ENTERPRISES)
[2026-03-03 22:17:03] [WARNING] [DUPLICATE SKIPPED] 'MARIMUTHU SILVER PATTARAI' (owned by SHREYAA ENTERPRISES, attempted by SHREYAA ENTERPRISES)
[2026-03-03 22:17:03] [WARNING] [DUPLICATE SKIPPED] 'MARIYAPPAN SILVER WORKSHOP' (owned by SHREYAA ENTERPRISES, attempted by SHREYAA ENTERPRISES)
[2026-03-03 22:17:03] [WARNING] [DUPLICATE SKIPPED] 'MARUDHU WELDING WORKS' (owned by SHREYAA ENTERPRISES, attempted by SHREYAA ENTERPRISES)
[2026-03-03 22:17:03] [WARNING] [DUPLICATE SKIPPED] 'M.DURAI PANDI' (owned by SHREYAA ENTERPRISES, attempted by SHREYAA ENTERPRISES)
[2026-03-03 22:17:03] [WARNING] [DUPLICATE SKIPPED] 'MENAKA MILLS PRIVATE LIMITED' (owned by SHREYAA ENTERPRISES, attempted by SHREYAA ENTERPRISES)
[2026-03-03 22:17:03] [WARNING] [DUPLICATE SKIPPED] 'Meracle Scans, Ramnad' (owned by SHREYAA ENTERPRISES, attempted by SHREYAA ENTERPRISES)
[2026-03-03 22:17:03] [WARNING] [DUPLICATE SKIPPED] 'MKM ANNAMAYIL BLUE METAL' (owned by SHREYAA ENTERPRISES, attempted by SHREYAA ENTERPRISES)
[2026-03-03 22:17:03] [WARNING] [DUPLICATE SKIPPED] 'MK SWAMY BLUE METAL' (owned by SHREYAA ENTERPRISES, attempted by SHREYAA ENTERPRISES)
[2026-03-03 22:17:03] [WARNING] [DUPLICATE SKIPPED] 'MOBILE BAZAAR' (owned by SHREYAA ENTERPRISES, attempted by SHREYAA ENTERPRISES)
[2026-03-03 22:17:03] [WARNING] [DUPLICATE SKIPPED] 'MOHAN(AVANIYA PURAM)' (owned by SHREYAA ENTERPRISES, attempted by SHREYAA ENTERPRISES)
[2026-03-03 22:17:03] [WARNING] [DUPLICATE SKIPPED] 'Moni's Events' (owned by SHREYAA ENTERPRISES, attempted by SHREYAA ENTERPRISES)
[2026-03-03 22:17:03] [WARNING] [DUPLICATE SKIPPED] 'MOTHER CARE' (owned by SHREYAA ENTERPRISES, attempted by SHREYAA ENTERPRISES)
[2026-03-03 22:17:03] [WARNING] [DUPLICATE SKIPPED] 'M R AMBULANCE' (owned by SHREYAA ENTERPRISES, attempted by SHREYAA ENTERPRISES)
[2026-03-03 22:17:03] [WARNING] [DUPLICATE SKIPPED] 'MR.PANDIYARAJAN' (owned by SHREYAA ENTERPRISES, attempted by SHREYAA ENTERPRISES)
[2026-03-03 22:17:03] [WARNING] [DUPLICATE SKIPPED] 'MR.RATHINAM' (owned by SHREYAA ENTERPRISES, attempted by SHREYAA ENTERPRISES)
[2026-03-03 22:17:03] [WARNING] [DUPLICATE SKIPPED] 'MR.SUTHAKAR' (owned by SHREYAA ENTERPRISES, attempted by SHREYAA ENTERPRISES)
[2026-03-03 22:17:03] [WARNING] [DUPLICATE SKIPPED] 'MSK CONSTRUSAN' (owned by SHREYAA ENTERPRISES, attempted by SHREYAA ENTERPRISES)
[2026-03-03 22:17:03] [WARNING] [DUPLICATE SKIPPED] 'M.S.LASER DESIGN WORKS' (owned by SHREYAA ENTERPRISES, attempted by SHREYAA ENTERPRISES)
[2026-03-03 22:17:03] [WARNING] [DUPLICATE SKIPPED] 'Mugilavan - Tiruppuvanam' (owned by SHREYAA ENTERPRISES, attempted by SHREYAA ENTERPRISES)
[2026-03-03 22:17:03] [WARNING] [DUPLICATE SKIPPED] 'Murali Manokaran' (owned by SHREYAA ENTERPRISES, attempted by SHREYAA ENTERPRISES)
[2026-03-03 22:17:03] [WARNING] [DUPLICATE SKIPPED] 'MURUGAN IRON SHOP' (owned by SHREYAA ENTERPRISES, attempted by SHREYAA ENTERPRISES)
[2026-03-03 22:17:03] [WARNING] [DUPLICATE SKIPPED] 'Murugesan Iron Shop Paramakudi' (owned by SHREYAA ENTERPRISES, attempted by SHREYAA ENTERPRISES)
[2026-03-03 22:17:03] [WARNING] [DUPLICATE SKIPPED] 'MUTHUKUMAR-TMM' (owned by SHREYAA ENTERPRISES, attempted by SHREYAA ENTERPRISES)
[2026-03-03 22:17:03] [WARNING] [DUPLICATE SKIPPED] 'MVC Kumar' (owned by SHREYAA ENTERPRISES, attempted by SHREYAA ENTERPRISES)
[2026-03-03 22:17:03] [WARNING] [DUPLICATE SKIPPED] 'M.VIJAYAN' (owned by SHREYAA ENTERPRISES, attempted by SHREYAA ENTERPRISES)
[2026-03-03 22:17:03] [WARNING] [DUPLICATE SKIPPED] 'MV READYMIX PLANT' (owned by SHREYAA ENTERPRISES, attempted by SHREYAA ENTERPRISES)
[2026-03-03 22:17:03] [WARNING] [DUPLICATE SKIPPED] 'Nannappa Mughamadu' (owned by SHREYAA ENTERPRISES, attempted by SHREYAA ENTERPRISES)
[2026-03-03 22:17:03] [WARNING] [DUPLICATE SKIPPED] 'Nanthini Steel' (owned by SHREYAA ENTERPRISES, attempted by SHREYAA ENTERPRISES)
[2026-03-03 22:17:03] [WARNING] [DUPLICATE SKIPPED] 'Navaneethan' (owned by SHREYAA ENTERPRISES, attempted by SHREYAA ENTERPRISES)
[2026-03-03 22:17:03] [WARNING] [DUPLICATE SKIPPED] 'Nethaji Ambulance' (owned by SHREYAA ENTERPRISES, attempted by SHREYAA ENTERPRISES)
[2026-03-03 22:17:03] [WARNING] [DUPLICATE SKIPPED] 'New Bharath Trailers & Farm Equipments' (owned by SHREYAA ENTERPRISES, attempted by SHREYAA ENTERPRISES)
[2026-03-03 22:17:03] [WARNING] [DUPLICATE SKIPPED] 'New India Steel' (owned by SHREYAA ENTERPRISES, attempted by SHREYAA ENTERPRISES)
[2026-03-03 22:17:03] [WARNING] [DUPLICATE SKIPPED] 'NEW MADHA' (owned by SHREYAA ENTERPRISES, attempted by SHREYAA ENTERPRISES)
[2026-03-03 22:17:03] [WARNING] [DUPLICATE SKIPPED] 'NOOR BHAI' (owned by SHREYAA ENTERPRISES, attempted by SHREYAA ENTERPRISES)
[2026-03-03 22:17:03] [WARNING] [DUPLICATE SKIPPED] 'N. R TRADERS' (owned by SHREYAA ENTERPRISES, attempted by SHREYAA ENTERPRISES)
[2026-03-03 22:17:03] [WARNING] [DUPLICATE SKIPPED] 'N.SUBBURAJ' (owned by SHREYAA ENTERPRISES, attempted by SHREYAA ENTERPRISES)
[2026-03-03 22:17:03] [WARNING] [DUPLICATE SKIPPED] 'OM MURUGA AGENCIES' (owned by SHREYAA ENTERPRISES, attempted by SHREYAA ENTERPRISES)
[2026-03-03 22:17:03] [WARNING] [DUPLICATE SKIPPED] 'OSR FISH COMMISSION SHOP' (owned by SHREYAA ENTERPRISES, attempted by SHREYAA ENTERPRISES)
[2026-03-03 22:17:03] [WARNING] [DUPLICATE SKIPPED] 'PADMA SAGAYA ARAKKATTALAI' (owned by SHREYAA ENTERPRISES, attempted by SHREYAA ENTERPRISES)
[2026-03-03 22:17:03] [WARNING] [DUPLICATE SKIPPED] 'PAMIR TUBES' (owned by SHREYAA ENTERPRISES, attempted by SHREYAA ENTERPRISES)
[2026-03-03 22:17:03] [WARNING] [DUPLICATE SKIPPED] 'PARAMASHIVAM ( TEA )' (owned by SHREYAA ENTERPRISES, attempted by SHREYAA ENTERPRISES)
[2026-03-03 22:17:03] [WARNING] [DUPLICATE SKIPPED] 'PASUMPON' (owned by SHREYAA ENTERPRISES, attempted by SHREYAA ENTERPRISES)
[2026-03-03 22:17:03] [WARNING] [DUPLICATE SKIPPED] 'PBM RAJA TRADERS' (owned by SHREYAA ENTERPRISES, attempted by SHREYAA ENTERPRISES)
[2026-03-03 22:17:03] [WARNING] [DUPLICATE SKIPPED] 'Pechiyamman Body Building' (owned by SHREYAA ENTERPRISES, attempted by SHREYAA ENTERPRISES)
[2026-03-03 22:17:03] [WARNING] [DUPLICATE SKIPPED] 'PITCHAI LATHE WORK' (owned by SHREYAA ENTERPRISES, attempted by SHREYAA ENTERPRISES)
[2026-03-03 22:17:03] [WARNING] [DUPLICATE SKIPPED] 'P. MANI' (owned by SHREYAA ENTERPRISES, attempted by SHREYAA ENTERPRISES)
[2026-03-03 22:17:03] [WARNING] [DUPLICATE SKIPPED] 'Pms Blue Metal' (owned by SHREYAA ENTERPRISES, attempted by SHREYAA ENTERPRISES)
[2026-03-03 22:17:03] [WARNING] [DUPLICATE SKIPPED] 'POONAMCHOWLA KTK' (owned by SHREYAA ENTERPRISES, attempted by SHREYAA ENTERPRISES)
[2026-03-03 22:17:03] [WARNING] [DUPLICATE SKIPPED] 'P.Pandiselvi' (owned by SHREYAA ENTERPRISES, attempted by SHREYAA ENTERPRISES)
[2026-03-03 22:17:03] [WARNING] [DUPLICATE SKIPPED] 'P.SASIKUMAR' (owned by SHREYAA ENTERPRISES, attempted by SHREYAA ENTERPRISES)
[2026-03-03 22:17:03] [WARNING] [DUPLICATE SKIPPED] 'P.VASIYAPPAN' (owned by SHREYAA ENTERPRISES, attempted by SHREYAA ENTERPRISES)
[2026-03-03 22:17:03] [WARNING] [DUPLICATE SKIPPED] 'RAGHAVENDRA FOODS' (owned by SHREYAA ENTERPRISES, attempted by SHREYAA ENTERPRISES)
[2026-03-03 22:17:03] [WARNING] [DUPLICATE SKIPPED] 'RAGURAM FOODS' (owned by SHREYAA ENTERPRISES, attempted by SHREYAA ENTERPRISES)
[2026-03-03 22:17:03] [WARNING] [DUPLICATE SKIPPED] 'RAHA ARTS TMM' (owned by SHREYAA ENTERPRISES, attempted by SHREYAA ENTERPRISES)
[2026-03-03 22:17:03] [WARNING] [DUPLICATE SKIPPED] 'Raja Esakkimuthu' (owned by SHREYAA ENTERPRISES, attempted by SHREYAA ENTERPRISES)
[2026-03-03 22:17:03] [WARNING] [DUPLICATE SKIPPED] 'Raja Mohammed' (owned by SHREYAA ENTERPRISES, attempted by SHREYAA ENTERPRISES)
[2026-03-03 22:17:03] [WARNING] [DUPLICATE SKIPPED] 'Raja Motors' (owned by SHREYAA ENTERPRISES, attempted by SHREYAA ENTERPRISES)
[2026-03-03 22:17:03] [WARNING] [DUPLICATE SKIPPED] 'RAJA U CLAMB, VILLANGUDI' (owned by SHREYAA ENTERPRISES, attempted by SHREYAA ENTERPRISES)
[2026-03-03 22:17:03] [WARNING] [DUPLICATE SKIPPED] 'RAJENDRAN' (owned by SHREYAA ENTERPRISES, attempted by SHREYAA ENTERPRISES)
[2026-03-03 22:17:03] [WARNING] [DUPLICATE SKIPPED] 'RAJESHKUMAR TRADERS' (owned by SHREYAA ENTERPRISES, attempted by SHREYAA ENTERPRISES)
[2026-03-03 22:17:03] [WARNING] [DUPLICATE SKIPPED] 'RAJKUMAR JOSPE ANTHONY THASAN' (owned by SHREYAA ENTERPRISES, attempted by SHREYAA ENTERPRISES)
[2026-03-03 22:17:03] [WARNING] [DUPLICATE SKIPPED] 'RAJMOHAN (GUVARI), ALAMPATTI' (owned by SHREYAA ENTERPRISES, attempted by SHREYAA ENTERPRISES)
[2026-03-03 22:17:03] [WARNING] [DUPLICATE SKIPPED] 'Ramanan SP' (owned by SHREYAA ENTERPRISES, attempted by SHREYAA ENTERPRISES)
[2026-03-03 22:17:03] [WARNING] [DUPLICATE SKIPPED] 'RAM JEEVAN, NATTARMANGALAM' (owned by SHREYAA ENTERPRISES, attempted by SHREYAA ENTERPRISES)
[2026-03-03 22:17:03] [WARNING] [DUPLICATE SKIPPED] 'Rani Store' (owned by SHREYAA ENTERPRISES, attempted by SHREYAA ENTERPRISES)
[2026-03-03 22:17:03] [WARNING] [DUPLICATE SKIPPED] 'RASIK OLD MOTOR PARTS' (owned by SHREYAA ENTERPRISES, attempted by SHREYAA ENTERPRISES)
[2026-03-03 22:17:03] [WARNING] [DUPLICATE SKIPPED] 'RA STEEL' (owned by SHREYAA ENTERPRISES, attempted by SHREYAA ENTERPRISES)
[2026-03-03 22:17:03] [WARNING] [DUPLICATE SKIPPED] 'Rathinavel tinger' (owned by SHREYAA ENTERPRISES, attempted by SHREYAA ENTERPRISES)
[2026-03-03 22:17:03] [WARNING] [DUPLICATE SKIPPED] 'RAVI TRAILOR' (owned by SHREYAA ENTERPRISES, attempted by SHREYAA ENTERPRISES)
[2026-03-03 22:17:03] [WARNING] [DUPLICATE SKIPPED] 'R. Ganesan, VNR' (owned by SHREYAA ENTERPRISES, attempted by SHREYAA ENTERPRISES)
[2026-03-03 22:17:03] [WARNING] [DUPLICATE SKIPPED] 'R.KANNAN TWO WHEELER TINKER WORK' (owned by SHREYAA ENTERPRISES, attempted by SHREYAA ENTERPRISES)
[2026-03-03 22:17:03] [WARNING] [DUPLICATE SKIPPED] 'R.K.SERVICES' (owned by SHREYAA ENTERPRISES, attempted by SHREYAA ENTERPRISES)
[2026-03-03 22:17:03] [WARNING] [DUPLICATE SKIPPED] 'RK TRAILERS' (owned by SHREYAA ENTERPRISES, attempted by SHREYAA ENTERPRISES)
[2026-03-03 22:17:03] [WARNING] [DUPLICATE SKIPPED] 'R. MOHAN, IYANKOTTAI' (owned by SHREYAA ENTERPRISES, attempted by SHREYAA ENTERPRISES)
[2026-03-03 22:17:03] [WARNING] [DUPLICATE SKIPPED] 'R.Paulpandi' (owned by SHREYAA ENTERPRISES, attempted by SHREYAA ENTERPRISES)
[2026-03-03 22:17:03] [WARNING] [DUPLICATE SKIPPED] 'R R LATHE WORKS' (owned by SHREYAA ENTERPRISES, attempted by SHREYAA ENTERPRISES)
[2026-03-03 22:17:03] [WARNING] [DUPLICATE SKIPPED] 'R.SARAVANAN' (owned by SHREYAA ENTERPRISES, attempted by SHREYAA ENTERPRISES)
[2026-03-03 22:17:03] [WARNING] [DUPLICATE SKIPPED] 'Rsk Stainless Steel' (owned by SHREYAA ENTERPRISES, attempted by SHREYAA ENTERPRISES)
[2026-03-03 22:17:03] [WARNING] [DUPLICATE SKIPPED] 'SAI ENTERPRISES' (owned by SHREYAA ENTERPRISES, attempted by SHREYAA ENTERPRISES)
[2026-03-03 22:17:03] [WARNING] [DUPLICATE SKIPPED] 'SAI PRAGATHI IRON WORK' (owned by SHREYAA ENTERPRISES, attempted by SHREYAA ENTERPRISES)
[2026-03-03 22:17:03] [WARNING] [DUPLICATE SKIPPED] 'Sai Pranesh Agency, Natham' (owned by SHREYAA ENTERPRISES, attempted by SHREYAA ENTERPRISES)
[2026-03-03 22:17:03] [WARNING] [DUPLICATE SKIPPED] 'SAI RAM CONTRUCTION, MELAKOTTAI' (owned by SHREYAA ENTERPRISES, attempted by SHREYAA ENTERPRISES)
[2026-03-03 22:17:03] [WARNING] [DUPLICATE SKIPPED] 'SANKAR' (owned by SHREYAA ENTERPRISES, attempted by SHREYAA ENTERPRISES)
[2026-03-03 22:17:03] [WARNING] [DUPLICATE SKIPPED] 'SANKARALINGAM -LN2' (owned by SHREYAA ENTERPRISES, attempted by SHREYAA ENTERPRISES)
[2026-03-03 22:17:03] [WARNING] [DUPLICATE SKIPPED] 'SANKAR AUTO WORKS' (owned by SHREYAA ENTERPRISES, attempted by SHREYAA ENTERPRISES)
[2026-03-03 22:17:03] [WARNING] [DUPLICATE SKIPPED] 'SANTHOSH CLINIC' (owned by SHREYAA ENTERPRISES, attempted by SHREYAA ENTERPRISES)
[2026-03-03 22:17:03] [WARNING] [DUPLICATE SKIPPED] 'SANTHOSH INDUSTRIES' (owned by SHREYAA ENTERPRISES, attempted by SHREYAA ENTERPRISES)
[2026-03-03 22:17:03] [WARNING] [DUPLICATE SKIPPED] 'Sasi Arthanari' (owned by SHREYAA ENTERPRISES, attempted by SHREYAA ENTERPRISES)
[2026-03-03 22:17:03] [WARNING] [DUPLICATE SKIPPED] 'SEKAR BLUE METAL, THENI' (owned by SHREYAA ENTERPRISES, attempted by SHREYAA ENTERPRISES)
[2026-03-03 22:17:03] [WARNING] [DUPLICATE SKIPPED] 'Sekar Iron Shop Theni' (owned by SHREYAA ENTERPRISES, attempted by SHREYAA ENTERPRISES)
[2026-03-03 22:17:03] [WARNING] [DUPLICATE SKIPPED] 'SELVARAJ' (owned by SHREYAA ENTERPRISES, attempted by SHREYAA ENTERPRISES)
[2026-03-03 22:17:03] [WARNING] [DUPLICATE SKIPPED] 'Shahul' (owned by SHREYAA ENTERPRISES, attempted by SHREYAA ENTERPRISES)
[2026-03-03 22:17:03] [WARNING] [DUPLICATE SKIPPED] 'Shajagan' (owned by SHREYAA ENTERPRISES, attempted by SHREYAA ENTERPRISES)
[2026-03-03 22:17:03] [WARNING] [DUPLICATE SKIPPED] 'Shree Guru Govind Enterprises' (owned by SHREYAA ENTERPRISES, attempted by SHREYAA ENTERPRISES)
[2026-03-03 22:17:03] [WARNING] [DUPLICATE SKIPPED] 'SHREE KAMATCHIAMMAN STEELS' (owned by SHREYAA ENTERPRISES, attempted by SHREYAA ENTERPRISES)
[2026-03-03 22:17:03] [WARNING] [DUPLICATE SKIPPED] 'SHRI MEENAKSHI SUNDARESHWARAR GRANITES.' (owned by SHREYAA ENTERPRISES, attempted by SHREYAA ENTERPRISES)
[2026-03-03 22:17:03] [WARNING] [DUPLICATE SKIPPED] 'Shri Perumal Gases' (owned by SHREYAA ENTERPRISES, attempted by SHREYAA ENTERPRISES)
[2026-03-03 22:17:03] [WARNING] [DUPLICATE SKIPPED] 'SIKKANTHAR, VALAYAPATTI' (owned by SHREYAA ENTERPRISES, attempted by SHREYAA ENTERPRISES)
[2026-03-03 22:17:03] [WARNING] [DUPLICATE SKIPPED] 'SIVARANJANI LATHE WORKS' (owned by SHREYAA ENTERPRISES, attempted by SHREYAA ENTERPRISES)
[2026-03-03 22:17:03] [WARNING] [DUPLICATE SKIPPED] 'S K DEVENDRAN' (owned by SHREYAA ENTERPRISES, attempted by SHREYAA ENTERPRISES)
[2026-03-03 22:17:03] [WARNING] [DUPLICATE SKIPPED] 'S.K.M LORRY BODY BUILDERS' (owned by SHREYAA ENTERPRISES, attempted by SHREYAA ENTERPRISES)
[2026-03-03 22:17:03] [WARNING] [DUPLICATE SKIPPED] 'SM PATTARAI' (owned by SHREYAA ENTERPRISES, attempted by SHREYAA ENTERPRISES)
[2026-03-03 22:17:03] [WARNING] [DUPLICATE SKIPPED] 'S.M.S.STEEL' (owned by SHREYAA ENTERPRISES, attempted by SHREYAA ENTERPRISES)
[2026-03-03 22:17:03] [WARNING] [DUPLICATE SKIPPED] 'SOLOMAN CLINIC' (owned by SHREYAA ENTERPRISES, attempted by SHREYAA ENTERPRISES)
[2026-03-03 22:17:03] [WARNING] [DUPLICATE SKIPPED] 'Sree Bairava Trailors & Water Tanker' (owned by SHREYAA ENTERPRISES, attempted by SHREYAA ENTERPRISES)
[2026-03-03 22:17:03] [WARNING] [DUPLICATE SKIPPED] 'SREE JEYAM EXIM' (owned by SHREYAA ENTERPRISES, attempted by SHREYAA ENTERPRISES)
[2026-03-03 22:17:03] [WARNING] [DUPLICATE SKIPPED] 'SRI AMBAL IRON SHOP' (owned by SHREYAA ENTERPRISES, attempted by SHREYAA ENTERPRISES)
[2026-03-03 22:17:03] [WARNING] [DUPLICATE SKIPPED] 'SRI ANGALAMMAN EARTH MOVERS' (owned by SHREYAA ENTERPRISES, attempted by SHREYAA ENTERPRISES)
[2026-03-03 22:17:03] [WARNING] [DUPLICATE SKIPPED] 'SRI BALAJI GAS' (owned by SHREYAA ENTERPRISES, attempted by SHREYAA ENTERPRISES)
[2026-03-03 22:17:03] [WARNING] [DUPLICATE SKIPPED] 'Sri Dhurkai Ammal' (owned by SHREYAA ENTERPRISES, attempted by SHREYAA ENTERPRISES)
[2026-03-03 22:17:03] [WARNING] [DUPLICATE SKIPPED] 'SRI ELECTRONICS  & PLUMPING' (owned by SHREYAA ENTERPRISES, attempted by SHREYAA ENTERPRISES)
[2026-03-03 22:17:03] [WARNING] [DUPLICATE SKIPPED] 'SRI HARI GAS PASUMALAI' (owned by SHREYAA ENTERPRISES, attempted by SHREYAA ENTERPRISES)
[2026-03-03 22:17:03] [WARNING] [DUPLICATE SKIPPED] 'SRI KARPAGA VINAYAGAR SCRAP' (owned by SHREYAA ENTERPRISES, attempted by SHREYAA ENTERPRISES)
[2026-03-03 22:17:03] [WARNING] [DUPLICATE SKIPPED] 'SRI KARPAGA VINAYAKAR TINKER' (owned by SHREYAA ENTERPRISES, attempted by SHREYAA ENTERPRISES)
[2026-03-03 22:17:03] [WARNING] [DUPLICATE SKIPPED] 'SRI KRISHNA WELDDING' (owned by SHREYAA ENTERPRISES, attempted by SHREYAA ENTERPRISES)
[2026-03-03 22:17:03] [WARNING] [DUPLICATE SKIPPED] 'Sri Lakshmi Engineering' (owned by SHREYAA ENTERPRISES, attempted by SHREYAA ENTERPRISES)
[2026-03-03 22:17:03] [WARNING] [DUPLICATE SKIPPED] 'SRI MARI GAS WELDING' (owned by SHREYAA ENTERPRISES, attempted by SHREYAA ENTERPRISES)
[2026-03-03 22:17:03] [WARNING] [DUPLICATE SKIPPED] 'SRI MEENAKSHI SUNDARESWAR' (owned by SHREYAA ENTERPRISES, attempted by SHREYAA ENTERPRISES)
[2026-03-03 22:17:03] [WARNING] [DUPLICATE SKIPPED] 'SRINIVASAN SCRAP COMPANY' (owned by SHREYAA ENTERPRISES, attempted by SHREYAA ENTERPRISES)
[2026-03-03 22:17:03] [WARNING] [DUPLICATE SKIPPED] 'SRINIVASA TINKER PAINTING, CHELLAMPATTI' (owned by SHREYAA ENTERPRISES, attempted by SHREYAA ENTERPRISES)
[2026-03-03 22:17:03] [WARNING] [DUPLICATE SKIPPED] 'Sri Palani Andavar Agencies' (owned by SHREYAA ENTERPRISES, attempted by SHREYAA ENTERPRISES)
[2026-03-03 22:17:03] [WARNING] [DUPLICATE SKIPPED] 'Sri Pothys Steel' (owned by SHREYAA ENTERPRISES, attempted by SHREYAA ENTERPRISES)
[2026-03-03 22:17:03] [WARNING] [DUPLICATE SKIPPED] 'SRI RATHNA AUTO STORE' (owned by SHREYAA ENTERPRISES, attempted by SHREYAA ENTERPRISES)
[2026-03-03 22:17:03] [WARNING] [DUPLICATE SKIPPED] 'SRI SASTHA EARTH MOVERS' (owned by SHREYAA ENTERPRISES, attempted by SHREYAA ENTERPRISES)
[2026-03-03 22:17:03] [WARNING] [DUPLICATE SKIPPED] 'SRI SATHYA, THIRUMANGALAM' (owned by SHREYAA ENTERPRISES, attempted by SHREYAA ENTERPRISES)
[2026-03-03 22:17:03] [WARNING] [DUPLICATE SKIPPED] 'Sri Senthooran Enggineeing Works' (owned by SHREYAA ENTERPRISES, attempted by SHREYAA ENTERPRISES)
[2026-03-03 22:17:03] [WARNING] [DUPLICATE SKIPPED] 'SRI SENTHOOR EARTH MOVERS' (owned by SHREYAA ENTERPRISES, attempted by SHREYAA ENTERPRISES)
[2026-03-03 22:17:03] [WARNING] [DUPLICATE SKIPPED] 'SRI SONAI MUTHAIAHA COOLDRING' (owned by SHREYAA ENTERPRISES, attempted by SHREYAA ENTERPRISES)
[2026-03-03 22:17:03] [WARNING] [DUPLICATE SKIPPED] 'SRS TRADERS' (owned by SHREYAA ENTERPRISES, attempted by SHREYAA ENTERPRISES)
[2026-03-03 22:17:03] [WARNING] [DUPLICATE SKIPPED] 'S S ELECTRICALS & SERVICES' (owned by SHREYAA ENTERPRISES, attempted by SHREYAA ENTERPRISES)
[2026-03-03 22:17:03] [WARNING] [DUPLICATE SKIPPED] 'STAINLESS STEEL' (owned by SHREYAA ENTERPRISES, attempted by SHREYAA ENTERPRISES)
[2026-03-03 22:17:03] [WARNING] [DUPLICATE SKIPPED] 'St Marys Thirunelveli' (owned by SHREYAA ENTERPRISES, attempted by SHREYAA ENTERPRISES)
[2026-03-03 22:17:03] [WARNING] [DUPLICATE SKIPPED] 'Subburaman Iron and Steel,Dgl' (owned by SHREYAA ENTERPRISES, attempted by SHREYAA ENTERPRISES)
[2026-03-03 22:17:03] [WARNING] [DUPLICATE SKIPPED] 'SULTHAN MIETHIN' (owned by SHREYAA ENTERPRISES, attempted by SHREYAA ENTERPRISES)
[2026-03-03 22:17:03] [WARNING] [DUPLICATE SKIPPED] 'SUN AUTO CARRIAGE' (owned by SHREYAA ENTERPRISES, attempted by SHREYAA ENTERPRISES)
[2026-03-03 22:17:03] [WARNING] [DUPLICATE SKIPPED] 'Suresh Agencies' (owned by SHREYAA ENTERPRISES, attempted by SHREYAA ENTERPRISES)
[2026-03-03 22:17:03] [WARNING] [DUPLICATE SKIPPED] 'SURYA STEEL' (owned by SHREYAA ENTERPRISES, attempted by SHREYAA ENTERPRISES)
[2026-03-03 22:17:03] [WARNING] [DUPLICATE SKIPPED] 'SURYA TECH' (owned by Surya Air System, attempted by SHREYAA ENTERPRISES)
[2026-03-03 22:17:03] [WARNING] [DUPLICATE SKIPPED] 'TAMILAN GOLI SODA' (owned by SHREYAA ENTERPRISES, attempted by SHREYAA ENTERPRISES)
[2026-03-03 22:17:03] [WARNING] [DUPLICATE SKIPPED] 'Thamarai Selvi Tinger Works' (owned by SHREYAA ENTERPRISES, attempted by SHREYAA ENTERPRISES)
[2026-03-03 22:17:03] [WARNING] [DUPLICATE SKIPPED] 'THANGAM SODA' (owned by SHREYAA ENTERPRISES, attempted by SHREYAA ENTERPRISES)
[2026-03-03 22:17:03] [WARNING] [DUPLICATE SKIPPED] 'THARUN LATHE WELDING WORKS' (owned by SHREYAA ENTERPRISES, attempted by SHREYAA ENTERPRISES)
[2026-03-03 22:17:03] [WARNING] [DUPLICATE SKIPPED] 'THE MADURA OXYGEN' (owned by SHREYAA ENTERPRISES, attempted by SHREYAA ENTERPRISES)
[2026-03-03 22:17:03] [WARNING] [DUPLICATE SKIPPED] 'THENRAL AMBULANCE' (owned by SHREYAA ENTERPRISES, attempted by SHREYAA ENTERPRISES)
[2026-03-03 22:17:03] [WARNING] [DUPLICATE SKIPPED] 'THE STORES' (owned by SHREYAA ENTERPRISES, attempted by SHREYAA ENTERPRISES)
[2026-03-03 22:17:03] [WARNING] [DUPLICATE SKIPPED] 'THIRUPATHY TRADERS' (owned by SHREYAA ENTERPRISES, attempted by SHREYAA ENTERPRISES)
[2026-03-03 22:17:03] [WARNING] [DUPLICATE SKIPPED] 'THIRUPPATHI(SIVAKASI)' (owned by SHREYAA ENTERPRISES, attempted by SHREYAA ENTERPRISES)
[2026-03-03 22:17:03] [WARNING] [DUPLICATE SKIPPED] 'T M AMBULANCE' (owned by SHREYAA ENTERPRISES, attempted by SHREYAA ENTERPRISES)
[2026-03-03 22:17:03] [WARNING] [DUPLICATE SKIPPED] 'TNTJ AMBULANCE VNR' (owned by SHREYAA ENTERPRISES, attempted by SHREYAA ENTERPRISES)
[2026-03-03 22:17:03] [WARNING] [DUPLICATE SKIPPED] 'URANI EARTH MOVERS, THIRUNAGAR' (owned by SHREYAA ENTERPRISES, attempted by SHREYAA ENTERPRISES)
[2026-03-03 22:17:03] [WARNING] [DUPLICATE SKIPPED] 'Vahitha Agency' (owned by SHREYAA ENTERPRISES, attempted by SHREYAA ENTERPRISES)
[2026-03-03 22:17:03] [WARNING] [DUPLICATE SKIPPED] 'Vava Iron Shop, Ramnad' (owned by SHREYAA ENTERPRISES, attempted by SHREYAA ENTERPRISES)
[2026-03-03 22:17:03] [WARNING] [DUPLICATE SKIPPED] 'VEL GAME WORLD' (owned by SHREYAA ENTERPRISES, attempted by SHREYAA ENTERPRISES)
[2026-03-03 22:17:03] [WARNING] [DUPLICATE SKIPPED] 'VELLMURUGAN WELDING. RAMD' (owned by SHREYAA ENTERPRISES, attempted by SHREYAA ENTERPRISES)
[2026-03-03 22:17:03] [WARNING] [DUPLICATE SKIPPED] 'VEL MANI STONE THENI' (owned by SHREYAA ENTERPRISES, attempted by SHREYAA ENTERPRISES)
[2026-03-03 22:17:03] [WARNING] [DUPLICATE SKIPPED] 'Venkatesh - Thanakkankulam' (owned by SHREYAA ENTERPRISES, attempted by SHREYAA ENTERPRISES)
[2026-03-03 22:17:03] [WARNING] [DUPLICATE SKIPPED] 'Venkateshwara Agency -Madurai' (owned by SHREYAA ENTERPRISES, attempted by SHREYAA ENTERPRISES)
[2026-03-03 22:17:03] [WARNING] [DUPLICATE SKIPPED] 'VIGNESH' (owned by SHREYAA ENTERPRISES, attempted by SHREYAA ENTERPRISES)
[2026-03-03 22:17:03] [WARNING] [DUPLICATE SKIPPED] 'VIJAYARAJAN-SVN' (owned by SHREYAA ENTERPRISES, attempted by SHREYAA ENTERPRISES)
[2026-03-03 22:17:03] [WARNING] [DUPLICATE SKIPPED] 'VIKRAM WELDING' (owned by SHREYAA ENTERPRISES, attempted by SHREYAA ENTERPRISES)
[2026-03-03 22:17:03] [WARNING] [DUPLICATE SKIPPED] 'VIP EVENTS' (owned by SHREYAA ENTERPRISES, attempted by SHREYAA ENTERPRISES)
[2026-03-03 22:17:03] [WARNING] [DUPLICATE SKIPPED] 'VIRUMANDI' (owned by SHREYAA ENTERPRISES, attempted by SHREYAA ENTERPRISES)
[2026-03-03 22:17:03] [WARNING] [DUPLICATE SKIPPED] 'Vitro Lab (Kk Nagar)' (owned by SHREYAA ENTERPRISES, attempted by SHREYAA ENTERPRISES)
[2026-03-03 22:17:03] [WARNING] [DUPLICATE SKIPPED] 'VMA OFFICE, AUNDIPATTI' (owned by SHREYAA ENTERPRISES, attempted by SHREYAA ENTERPRISES)
[2026-03-03 22:17:03] [WARNING] [DUPLICATE SKIPPED] 'VMP STEELS' (owned by SHREYAA ENTERPRISES, attempted by SHREYAA ENTERPRISES)
[2026-03-03 22:17:03] [WARNING] [DUPLICATE SKIPPED] 'VSB BALA' (owned by SHREYAA ENTERPRISES, attempted by SHREYAA ENTERPRISES)
[2026-03-03 22:17:03] [WARNING] [DUPLICATE SKIPPED] 'WEATHER DYNAMICS' (owned by SHREYAA ENTERPRISES, attempted by SHREYAA ENTERPRISES)
[2026-03-03 22:17:03] [WARNING] [DUPLICATE SKIPPED] 'Welcome Car Part' (owned by SHREYAA ENTERPRISES, attempted by SHREYAA ENTERPRISES)
[2026-03-03 22:17:03] [WARNING] [DUPLICATE SKIPPED] 'YASAR JUICE POINT' (owned by SHREYAA ENTERPRISES, attempted by SHREYAA ENTERPRISES)
[2026-03-03 22:17:03] [WARNING] [DUPLICATE SKIPPED] 'YASIN EVENTS' (owned by SHREYAA ENTERPRISES, attempted by SHREYAA ENTERPRISES)
[2026-03-03 22:17:03] [WARNING] [DUPLICATE SKIPPED] 'YUVANESH DHALL MILL' (owned by SHREYAA ENTERPRISES, attempted by SHREYAA ENTERPRISES)
[2026-03-03 22:17:03] [WARNING] [DUPLICATE SKIPPED] 'YUVAN FRESH DRINKS' (owned by SHREYAA ENTERPRISES, attempted by SHREYAA ENTERPRISES)
[2026-03-03 22:17:03] [WARNING] [DUPLICATE SKIPPED] 'ZAKIR HUSSAIN' (owned by SHREYAA ENTERPRISES, attempted by SHREYAA ENTERPRISES)
[2026-03-03 22:17:03] [WARNING] [DUPLICATE SKIPPED] 'ZERO POINT' (owned by SHREYAA ENTERPRISES, attempted by SHREYAA ENTERPRISES)
[2026-03-03 22:17:03] [INFO] 
============================================================
[2026-03-03 22:17:03] [INFO] Processing: Surya Air System (COMPANY_2)
[2026-03-03 22:17:03] [INFO] ============================================================
[2026-03-03 22:17:03] [INFO] Fetched 1 customers from Tally
[2026-03-03 22:17:03] [WARNING] [DUPLICATE SKIPPED] 'SURYA TECH' (owned by Surya Air System, attempted by Surya Air System)
[2026-03-03 22:17:03] [INFO] 
============================================================
[2026-03-03 22:17:03] [INFO] CUSTOMER FETCH SUMMARY
[2026-03-03 22:17:03] [INFO] ============================================================
[2026-03-03 22:17:03] [INFO] Total Fetched from Tally: 312
[2026-03-03 22:17:03] [INFO] New Customers Saved: 0
[2026-03-03 22:17:03] [INFO] Duplicates Skipped: 312
[2026-03-03 22:17:03] [INFO] Errors: 0
[2026-03-03 22:17:03] [INFO] ============================================================
[2026-03-03 22:17:03] [INFO] 
Database Statistics:
[2026-03-03 22:17:03] [INFO] Total Customers: 311
[2026-03-03 22:17:03] [INFO] Customers by Company: {'SHREYAA ENTERPRISES': 310, 'Surya Air System': 1}
[2026-03-03 22:17:03] [INFO] Synced Customers: 311
[2026-03-03 22:19:32] [INFO] Starting customer fetch from 2 companies
[2026-03-03 22:19:32] [INFO] Active companies: SHREYAA ENTERPRISES, Surya Air System
[2026-03-03 22:19:32] [INFO] 
============================================================
[2026-03-03 22:19:32] [INFO] Processing: SHREYAA ENTERPRISES (COMPANY_1)
[2026-03-03 22:19:32] [INFO] ============================================================
[2026-03-03 22:19:32] [INFO] Fetched 312 customers from Tally
[2026-03-03 22:19:32] [WARNING] [DUPLICATE SKIPPED] 'AADHI MANGALA FABRIC' (owned by SHREYAA ENTERPRISES, attempted by SHREYAA ENTERPRISES)
[2026-03-03 22:19:32] [WARNING] [DUPLICATE SKIPPED] 'ABISAK' (owned by SHREYAA ENTERPRISES, attempted by SHREYAA ENTERPRISES)
[2026-03-03 22:19:32] [WARNING] [DUPLICATE SKIPPED] 'ABIShek' (owned by SHREYAA ENTERPRISES, attempted by SHREYAA ENTERPRISES)
[2026-03-03 22:19:32] [WARNING] [DUPLICATE SKIPPED] 'ABI SMOKE BISCUTS (SRM AGENCY)' (owned by SHREYAA ENTERPRISES, attempted by SHREYAA ENTERPRISES)
[2026-03-03 22:19:32] [WARNING] [DUPLICATE SKIPPED] 'Adithiya Car Machanic' (owned by SHREYAA ENTERPRISES, attempted by SHREYAA ENTERPRISES)
[2026-03-03 22:19:32] [WARNING] [DUPLICATE SKIPPED] 'A E Engineering' (owned by SHREYAA ENTERPRISES, attempted by SHREYAA ENTERPRISES)
[2026-03-03 22:19:32] [WARNING] [DUPLICATE SKIPPED] 'AJ ASSOCATES' (owned by SHREYAA ENTERPRISES, attempted by SHREYAA ENTERPRISES)
[2026-03-03 22:19:32] [WARNING] [DUPLICATE SKIPPED] 'AJ HOSPITAL' (owned by SHREYAA ENTERPRISES, attempted by SHREYAA ENTERPRISES)
[2026-03-03 22:19:32] [WARNING] [DUPLICATE SKIPPED] 'A.KANNAN' (owned by SHREYAA ENTERPRISES, attempted by SHREYAA ENTERPRISES)
[2026-03-03 22:19:32] [WARNING] [DUPLICATE SKIPPED] 'AKASH CONSTRUCTIONS' (owned by SHREYAA ENTERPRISES, attempted by SHREYAA ENTERPRISES)
[2026-03-03 22:19:32] [WARNING] [DUPLICATE SKIPPED] 'A.K.Enter Prises' (owned by SHREYAA ENTERPRISES, attempted by SHREYAA ENTERPRISES)
[2026-03-03 22:19:32] [WARNING] [DUPLICATE SKIPPED] 'ALAGERSAMY' (owned by SHREYAA ENTERPRISES, attempted by SHREYAA ENTERPRISES)
[2026-03-03 22:19:32] [WARNING] [DUPLICATE SKIPPED] 'Alagumalayan' (owned by SHREYAA ENTERPRISES, attempted by SHREYAA ENTERPRISES)
[2026-03-03 22:19:32] [WARNING] [DUPLICATE SKIPPED] 'Amaravathy Trailors' (owned by SHREYAA ENTERPRISES, attempted by SHREYAA ENTERPRISES)
[2026-03-03 22:19:32] [WARNING] [DUPLICATE SKIPPED] 'AMMAN EARTH MOVERS' (owned by SHREYAA ENTERPRISES, attempted by SHREYAA ENTERPRISES)
[2026-03-03 22:19:32] [WARNING] [DUPLICATE SKIPPED] 'AMR WELDING' (owned by SHREYAA ENTERPRISES, attempted by SHREYAA ENTERPRISES)
[2026-03-03 22:19:32] [WARNING] [DUPLICATE SKIPPED] 'AMUTHAN REFRIGRATION, MADURAI' (owned by SHREYAA ENTERPRISES, attempted by SHREYAA ENTERPRISES)
[2026-03-03 22:19:32] [WARNING] [DUPLICATE SKIPPED] 'Andal Welding Works' (owned by SHREYAA ENTERPRISES, attempted by SHREYAA ENTERPRISES)
[2026-03-03 22:19:32] [WARNING] [DUPLICATE SKIPPED] 'ANGALA ESWARI COMPONENTS' (owned by SHREYAA ENTERPRISES, attempted by SHREYAA ENTERPRISES)
[2026-03-03 22:19:32] [WARNING] [DUPLICATE SKIPPED] 'ANKIT RASTOGI, HYDERABAD' (owned by SHREYAA ENTERPRISES, attempted by SHREYAA ENTERPRISES)
[2026-03-03 22:19:32] [WARNING] [DUPLICATE SKIPPED] 'Annai Ambulance' (owned by SHREYAA ENTERPRISES, attempted by SHREYAA ENTERPRISES)
[2026-03-03 22:19:32] [WARNING] [DUPLICATE SKIPPED] 'ANTHONY RAJ.K' (owned by SHREYAA ENTERPRISES, attempted by SHREYAA ENTERPRISES)
[2026-03-03 22:19:32] [WARNING] [DUPLICATE SKIPPED] 'ARAVIND AROKKIYA SAMY' (owned by SHREYAA ENTERPRISES, attempted by SHREYAA ENTERPRISES)
[2026-03-03 22:19:32] [WARNING] [DUPLICATE SKIPPED] 'ARJUN DHALL MILL' (owned by SHREYAA ENTERPRISES, attempted by SHREYAA ENTERPRISES)
[2026-03-03 22:19:32] [WARNING] [DUPLICATE SKIPPED] 'A R METALS' (owned by SHREYAA ENTERPRISES, attempted by SHREYAA ENTERPRISES)
[2026-03-03 22:19:32] [WARNING] [DUPLICATE SKIPPED] 'ARUMUGAM (PATIENT)' (owned by SHREYAA ENTERPRISES, attempted by SHREYAA ENTERPRISES)
[2026-03-03 22:19:32] [WARNING] [DUPLICATE SKIPPED] 'ARUMUGAM S. KANNAN' (owned by SHREYAA ENTERPRISES, attempted by SHREYAA ENTERPRISES)
[2026-03-03 22:19:32] [WARNING] [DUPLICATE SKIPPED] 'Arunachalam Lathe' (owned by SHREYAA ENTERPRISES, attempted by SHREYAA ENTERPRISES)
[2026-03-03 22:19:32] [WARNING] [DUPLICATE SKIPPED] 'AR WELDING' (owned by SHREYAA ENTERPRISES, attempted by SHREYAA ENTERPRISES)
[2026-03-03 22:19:32] [WARNING] [DUPLICATE SKIPPED] 'AS AMBULANCE' (owned by SHREYAA ENTERPRISES, attempted by SHREYAA ENTERPRISES)
[2026-03-03 22:19:32] [WARNING] [DUPLICATE SKIPPED] 'ASHOK IRON SHOP' (owned by SHREYAA ENTERPRISES, attempted by SHREYAA ENTERPRISES)
[2026-03-03 22:19:32] [WARNING] [DUPLICATE SKIPPED] 'ASKS BLUE METAL' (owned by SHREYAA ENTERPRISES, attempted by SHREYAA ENTERPRISES)
[2026-03-03 22:19:32] [WARNING] [DUPLICATE SKIPPED] 'BALAGURU SAMY' (owned by SHREYAA ENTERPRISES, attempted by SHREYAA ENTERPRISES)
[2026-03-03 22:19:32] [WARNING] [DUPLICATE SKIPPED] 'BALASUBRAMANIAN FUELS' (owned by SHREYAA ENTERPRISES, attempted by SHREYAA ENTERPRISES)
[2026-03-03 22:19:32] [WARNING] [DUPLICATE SKIPPED] 'BHARATH BRICKS' (owned by SHREYAA ENTERPRISES, attempted by SHREYAA ENTERPRISES)
[2026-03-03 22:19:32] [WARNING] [DUPLICATE SKIPPED] 'BHARATH BRICKS-8525941023' (owned by SHREYAA ENTERPRISES, attempted by SHREYAA ENTERPRISES)
[2026-03-03 22:19:32] [WARNING] [DUPLICATE SKIPPED] 'B.KARTHIK  KUMAR' (owned by SHREYAA ENTERPRISES, attempted by SHREYAA ENTERPRISES)
[2026-03-03 22:19:32] [WARNING] [DUPLICATE SKIPPED] 'Bms Blue Metal' (owned by SHREYAA ENTERPRISES, attempted by SHREYAA ENTERPRISES)
[2026-03-03 22:19:32] [WARNING] [DUPLICATE SKIPPED] 'CDR&CO' (owned by SHREYAA ENTERPRISES, attempted by SHREYAA ENTERPRISES)
[2026-03-03 22:19:32] [WARNING] [DUPLICATE SKIPPED] 'CENMARK IRRIGATION' (owned by SHREYAA ENTERPRISES, attempted by SHREYAA ENTERPRISES)
[2026-03-03 22:19:32] [WARNING] [DUPLICATE SKIPPED] 'CERAMIC PRO MADURAI' (owned by SHREYAA ENTERPRISES, attempted by SHREYAA ENTERPRISES)
[2026-03-03 22:19:32] [WARNING] [DUPLICATE SKIPPED] 'CHAIRMAN SNACKS' (owned by SHREYAA ENTERPRISES, attempted by SHREYAA ENTERPRISES)
[2026-03-03 22:19:32] [WARNING] [DUPLICATE SKIPPED] 'CHALLENGE COLOURS-Usilampatti' (owned by SHREYAA ENTERPRISES, attempted by SHREYAA ENTERPRISES)
[2026-03-03 22:19:32] [WARNING] [DUPLICATE SKIPPED] 'Chandran Welding Works' (owned by SHREYAA ENTERPRISES, attempted by SHREYAA ENTERPRISES)
[2026-03-03 22:19:32] [WARNING] [DUPLICATE SKIPPED] 'CHEELAPANDI' (owned by SHREYAA ENTERPRISES, attempted by SHREYAA ENTERPRISES)
[2026-03-03 22:19:32] [WARNING] [DUPLICATE SKIPPED] 'CHELLAPPA, MADURAI' (owned by SHREYAA ENTERPRISES, attempted by SHREYAA ENTERPRISES)
[2026-03-03 22:19:32] [WARNING] [DUPLICATE SKIPPED] 'CHENNAI STEELS' (owned by SHREYAA ENTERPRISES, attempted by SHREYAA ENTERPRISES)
[2026-03-03 22:19:32] [WARNING] [DUPLICATE SKIPPED] 'CHOKKAN PALANI VILAS' (owned by SHREYAA ENTERPRISES, attempted by SHREYAA ENTERPRISES)
[2026-03-03 22:19:32] [WARNING] [DUPLICATE SKIPPED] 'CLASSIC ROCKS' (owned by SHREYAA ENTERPRISES, attempted by SHREYAA ENTERPRISES)
[2026-03-03 22:19:33] [WARNING] [DUPLICATE SKIPPED] 'CMS BLUE METAL' (owned by SHREYAA ENTERPRISES, attempted by SHREYAA ENTERPRISES)
[2026-03-03 22:19:33] [WARNING] [DUPLICATE SKIPPED] 'COLOUMBS INDUSTRIES , SUNGURAMPATTI' (owned by SHREYAA ENTERPRISES, attempted by SHREYAA ENTERPRISES)
[2026-03-03 22:19:33] [WARNING] [DUPLICATE SKIPPED] 'DEBTOR DIFFERENT' (owned by SHREYAA ENTERPRISES, attempted by SHREYAA ENTERPRISES)
[2026-03-03 22:19:33] [WARNING] [DUPLICATE SKIPPED] 'DEPOIST-ABISHEK KUMAR' (owned by SHREYAA ENTERPRISES, attempted by SHREYAA ENTERPRISES)
[2026-03-03 22:19:33] [WARNING] [DUPLICATE SKIPPED] 'DEPOIST. SRI KRISHNA WELDDING' (owned by SHREYAA ENTERPRISES, attempted by SHREYAA ENTERPRISES)
[2026-03-03 22:19:33] [WARNING] [DUPLICATE SKIPPED] 'DEPOSIT.ALAGAR SAMY' (owned by SHREYAA ENTERPRISES, attempted by SHREYAA ENTERPRISES)
[2026-03-03 22:19:33] [WARNING] [DUPLICATE SKIPPED] 'DEVA TECH' (owned by SHREYAA ENTERPRISES, attempted by SHREYAA ENTERPRISES)
[2026-03-03 22:19:33] [WARNING] [DUPLICATE SKIPPED] 'DHIYA SRI AMBULANCE, THIRUPPUVANAM' (owned by SHREYAA ENTERPRISES, attempted by SHREYAA ENTERPRISES)
[2026-03-03 22:19:33] [WARNING] [DUPLICATE SKIPPED] 'DINESH - THALLAKULAM' (owned by SHREYAA ENTERPRISES, attempted by SHREYAA ENTERPRISES)
[2026-03-03 22:19:33] [WARNING] [DUPLICATE SKIPPED] 'Dk Blue Metal' (owned by SHREYAA ENTERPRISES, attempted by SHREYAA ENTERPRISES)
[2026-03-03 22:19:33] [WARNING] [DUPLICATE SKIPPED] 'DR.PATEN RAJA' (owned by SHREYAA ENTERPRISES, attempted by SHREYAA ENTERPRISES)
[2026-03-03 22:19:33] [WARNING] [DUPLICATE SKIPPED] 'DR.RAMA SUBRAMANIAN' (owned by SHREYAA ENTERPRISES, attempted by SHREYAA ENTERPRISES)
[2026-03-03 22:19:33] [WARNING] [DUPLICATE SKIPPED] 'DR.SRINIVASAN' (owned by SHREYAA ENTERPRISES, attempted by SHREYAA ENTERPRISES)
[2026-03-03 22:19:33] [WARNING] [DUPLICATE SKIPPED] 'DURAI PANDI SAMY' (owned by SHREYAA ENTERPRISES, attempted by SHREYAA ENTERPRISES)
[2026-03-03 22:19:33] [WARNING] [DUPLICATE SKIPPED] 'ENTHU NADAR KARIYAOATTI' (owned by SHREYAA ENTERPRISES, attempted by SHREYAA ENTERPRISES)
[2026-03-03 22:19:33] [WARNING] [DUPLICATE SKIPPED] 'EVERSILVER AND METAL BROKEN LATH' (owned by SHREYAA ENTERPRISES, attempted by SHREYAA ENTERPRISES)
[2026-03-03 22:19:33] [WARNING] [DUPLICATE SKIPPED] 'GAMETE CELLS SCIENCE HEALTH CARE PVT LTD' (owned by SHREYAA ENTERPRISES, attempted by SHREYAA ENTERPRISES)
[2026-03-03 22:19:33] [WARNING] [DUPLICATE SKIPPED] 'Ganesan Lathe' (owned by SHREYAA ENTERPRISES, attempted by SHREYAA ENTERPRISES)
[2026-03-03 22:19:33] [WARNING] [DUPLICATE SKIPPED] 'Gene Art Bank' (owned by SHREYAA ENTERPRISES, attempted by SHREYAA ENTERPRISES)
[2026-03-03 22:19:33] [WARNING] [DUPLICATE SKIPPED] 'GNANAM METAL' (owned by SHREYAA ENTERPRISES, attempted by SHREYAA ENTERPRISES)
[2026-03-03 22:19:33] [WARNING] [DUPLICATE SKIPPED] 'GOLDEN TRADERS' (owned by SHREYAA ENTERPRISES, attempted by SHREYAA ENTERPRISES)
[2026-03-03 22:19:33] [WARNING] [DUPLICATE SKIPPED] 'GOODWILL STEELS' (owned by SHREYAA ENTERPRISES, attempted by SHREYAA ENTERPRISES)
[2026-03-03 22:19:33] [WARNING] [DUPLICATE SKIPPED] 'GOWERI HARI RAM' (owned by SHREYAA ENTERPRISES, attempted by SHREYAA ENTERPRISES)
[2026-03-03 22:19:33] [WARNING] [DUPLICATE SKIPPED] 'GOWTHAM CLINIC' (owned by SHREYAA ENTERPRISES, attempted by SHREYAA ENTERPRISES)
[2026-03-03 22:19:33] [WARNING] [DUPLICATE SKIPPED] 'G.PANDIYARAJ' (owned by SHREYAA ENTERPRISES, attempted by SHREYAA ENTERPRISES)
[2026-03-03 22:19:33] [WARNING] [DUPLICATE SKIPPED] 'GTN WELDING WORK' (owned by SHREYAA ENTERPRISES, attempted by SHREYAA ENTERPRISES)
[2026-03-03 22:19:33] [WARNING] [DUPLICATE SKIPPED] 'GUDLYE MOBITY P LTD' (owned by SHREYAA ENTERPRISES, attempted by SHREYAA ENTERPRISES)
[2026-03-03 22:19:33] [WARNING] [DUPLICATE SKIPPED] 'GUNASEKARAN' (owned by SHREYAA ENTERPRISES, attempted by SHREYAA ENTERPRISES)
[2026-03-03 22:19:33] [WARNING] [DUPLICATE SKIPPED] 'Guru Pradeep - Svk' (owned by SHREYAA ENTERPRISES, attempted by SHREYAA ENTERPRISES)
[2026-03-03 22:19:33] [WARNING] [DUPLICATE SKIPPED] 'Gv Tnfira' (owned by SHREYAA ENTERPRISES, attempted by SHREYAA ENTERPRISES)
[2026-03-03 22:19:33] [WARNING] [DUPLICATE SKIPPED] 'G.V. TRADERS' (owned by SHREYAA ENTERPRISES, attempted by SHREYAA ENTERPRISES)
[2026-03-03 22:19:33] [WARNING] [DUPLICATE SKIPPED] 'HAPPY FIN AQUA' (owned by SHREYAA ENTERPRISES, attempted by SHREYAA ENTERPRISES)
[2026-03-03 22:19:33] [WARNING] [DUPLICATE SKIPPED] 'HARINISRI COLOURS-AANDIPATTI' (owned by SHREYAA ENTERPRISES, attempted by SHREYAA ENTERPRISES)
[2026-03-03 22:19:33] [WARNING] [DUPLICATE SKIPPED] 'HI-TECH STEELS' (owned by SHREYAA ENTERPRISES, attempted by SHREYAA ENTERPRISES)
[2026-03-03 22:19:33] [WARNING] [DUPLICATE SKIPPED] 'HS Gas Agency' (owned by SHREYAA ENTERPRISES, attempted by SHREYAA ENTERPRISES)
[2026-03-03 22:19:33] [WARNING] [DUPLICATE SKIPPED] 'ILAYAYA RAJA, SELLUR' (owned by SHREYAA ENTERPRISES, attempted by SHREYAA ENTERPRISES)
[2026-03-03 22:19:33] [WARNING] [DUPLICATE SKIPPED] 'IMRAN STEEL' (owned by SHREYAA ENTERPRISES, attempted by SHREYAA ENTERPRISES)
[2026-03-03 22:19:33] [WARNING] [DUPLICATE SKIPPED] 'Indira Gas Agency' (owned by SHREYAA ENTERPRISES, attempted by SHREYAA ENTERPRISES)
[2026-03-03 22:19:33] [WARNING] [DUPLICATE SKIPPED] 'INEEYA STEEL' (owned by SHREYAA ENTERPRISES, attempted by SHREYAA ENTERPRISES)
[2026-03-03 22:19:33] [WARNING] [DUPLICATE SKIPPED] 'JACOB' (owned by SHREYAA ENTERPRISES, attempted by SHREYAA ENTERPRISES)
[2026-03-03 22:19:33] [WARNING] [DUPLICATE SKIPPED] 'JACOP' (owned by SHREYAA ENTERPRISES, attempted by SHREYAA ENTERPRISES)
[2026-03-03 22:19:33] [WARNING] [DUPLICATE SKIPPED] 'JALAMAN' (owned by SHREYAA ENTERPRISES, attempted by SHREYAA ENTERPRISES)
[2026-03-03 22:19:33] [WARNING] [DUPLICATE SKIPPED] 'JASMINE BLUE METAL' (owned by SHREYAA ENTERPRISES, attempted by SHREYAA ENTERPRISES)
[2026-03-03 22:19:33] [WARNING] [DUPLICATE SKIPPED] 'JAVED HUSSAIN' (owned by SHREYAA ENTERPRISES, attempted by SHREYAA ENTERPRISES)
[2026-03-03 22:19:33] [WARNING] [DUPLICATE SKIPPED] 'JAWAHAR HOSPITAL - Peraiyur' (owned by SHREYAA ENTERPRISES, attempted by SHREYAA ENTERPRISES)
[2026-03-03 22:19:33] [WARNING] [DUPLICATE SKIPPED] 'JEGADISH ADVERTISING' (owned by SHREYAA ENTERPRISES, attempted by SHREYAA ENTERPRISES)
[2026-03-03 22:19:33] [WARNING] [DUPLICATE SKIPPED] 'JEGA STEELS INDUSTRIAL' (owned by SHREYAA ENTERPRISES, attempted by SHREYAA ENTERPRISES)
[2026-03-03 22:19:33] [WARNING] [DUPLICATE SKIPPED] 'JEYA CHANDIRAN' (owned by SHREYAA ENTERPRISES, attempted by SHREYAA ENTERPRISES)
[2026-03-03 22:19:33] [WARNING] [DUPLICATE SKIPPED] 'JEYAM BLUE METAL' (owned by SHREYAA ENTERPRISES, attempted by SHREYAA ENTERPRISES)
[2026-03-03 22:19:33] [WARNING] [DUPLICATE SKIPPED] 'JEYAM BLUE METAL - KACHAKATTI' (owned by SHREYAA ENTERPRISES, attempted by SHREYAA ENTERPRISES)
[2026-03-03 22:19:33] [WARNING] [DUPLICATE SKIPPED] 'JEYAMEENKSHI STEEL' (owned by SHREYAA ENTERPRISES, attempted by SHREYAA ENTERPRISES)
[2026-03-03 22:19:33] [WARNING] [DUPLICATE SKIPPED] 'JEYAM TRACTOR WORKS' (owned by SHREYAA ENTERPRISES, attempted by SHREYAA ENTERPRISES)
[2026-03-03 22:19:33] [WARNING] [DUPLICATE SKIPPED] 'J J  EARTH MOVERS' (owned by SHREYAA ENTERPRISES, attempted by SHREYAA ENTERPRISES)
[2026-03-03 22:19:33] [WARNING] [DUPLICATE SKIPPED] 'JKANS HOTEL, MADURAI' (owned by SHREYAA ENTERPRISES, attempted by SHREYAA ENTERPRISES)
[2026-03-03 22:19:33] [WARNING] [DUPLICATE SKIPPED] 'JK TRADERS' (owned by SHREYAA ENTERPRISES, attempted by SHREYAA ENTERPRISES)
[2026-03-03 22:19:33] [WARNING] [DUPLICATE SKIPPED] 'J.M.BLUE METAL' (owned by SHREYAA ENTERPRISES, attempted by SHREYAA ENTERPRISES)
[2026-03-03 22:19:33] [WARNING] [DUPLICATE SKIPPED] 'Jum Jum Traders' (owned by SHREYAA ENTERPRISES, attempted by SHREYAA ENTERPRISES)
[2026-03-03 22:19:33] [WARNING] [DUPLICATE SKIPPED] 'KADASARI AUTOMOBILES' (owned by SHREYAA ENTERPRISES, attempted by SHREYAA ENTERPRISES)
[2026-03-03 22:19:33] [WARNING] [DUPLICATE SKIPPED] 'KALIDASSAN' (owned by SHREYAA ENTERPRISES, attempted by SHREYAA ENTERPRISES)
[2026-03-03 22:19:33] [WARNING] [DUPLICATE SKIPPED] 'Kamatchi  Agencies' (owned by SHREYAA ENTERPRISES, attempted by SHREYAA ENTERPRISES)
[2026-03-03 22:19:33] [WARNING] [DUPLICATE SKIPPED] 'KANNALAGAN TREDERS .PARAVAI' (owned by SHREYAA ENTERPRISES, attempted by SHREYAA ENTERPRISES)
[2026-03-03 22:19:33] [WARNING] [DUPLICATE SKIPPED] 'Karal Welding' (owned by SHREYAA ENTERPRISES, attempted by SHREYAA ENTERPRISES)
[2026-03-03 22:19:33] [WARNING] [DUPLICATE SKIPPED] 'KARPAGA VINAYAGAR ENGINEERING WORK' (owned by SHREYAA ENTERPRISES, attempted by SHREYAA ENTERPRISES)
[2026-03-03 22:19:33] [WARNING] [DUPLICATE SKIPPED] 'KARTHICK BLUE METAL' (owned by SHREYAA ENTERPRISES, attempted by SHREYAA ENTERPRISES)
[2026-03-03 22:19:33] [WARNING] [DUPLICATE SKIPPED] 'KARTHICK MEDICAL CENTER' (owned by SHREYAA ENTERPRISES, attempted by SHREYAA ENTERPRISES)
[2026-03-03 22:19:33] [WARNING] [DUPLICATE SKIPPED] 'KEREN MATRIC HIGH SCHOOL' (owned by SHREYAA ENTERPRISES, attempted by SHREYAA ENTERPRISES)
[2026-03-03 22:19:33] [WARNING] [DUPLICATE SKIPPED] 'KESAVAN (Contractor)' (owned by SHREYAA ENTERPRISES, attempted by SHREYAA ENTERPRISES)
[2026-03-03 22:19:33] [WARNING] [DUPLICATE SKIPPED] 'K.K. Engineering, Madurai' (owned by SHREYAA ENTERPRISES, attempted by SHREYAA ENTERPRISES)
[2026-03-03 22:19:33] [WARNING] [DUPLICATE SKIPPED] 'KPS AMBULANCE' (owned by SHREYAA ENTERPRISES, attempted by SHREYAA ENTERPRISES)
[2026-03-03 22:19:33] [WARNING] [DUPLICATE SKIPPED] 'K.R. RAJA, PARAMAKUDI' (owned by SHREYAA ENTERPRISES, attempted by SHREYAA ENTERPRISES)
[2026-03-03 22:19:33] [WARNING] [DUPLICATE SKIPPED] 'KS THANVANTH EARTH MOVERS' (owned by SHREYAA ENTERPRISES, attempted by SHREYAA ENTERPRISES)
[2026-03-03 22:19:33] [WARNING] [DUPLICATE SKIPPED] 'LAKSHMANA IRON SHOP' (owned by SHREYAA ENTERPRISES, attempted by SHREYAA ENTERPRISES)
[2026-03-03 22:19:33] [WARNING] [DUPLICATE SKIPPED] 'LAKSHMI DEVI' (owned by SHREYAA ENTERPRISES, attempted by SHREYAA ENTERPRISES)
[2026-03-03 22:19:33] [WARNING] [DUPLICATE SKIPPED] 'LDC' (owned by SHREYAA ENTERPRISES, attempted by SHREYAA ENTERPRISES)
[2026-03-03 22:19:33] [WARNING] [DUPLICATE SKIPPED] 'Lucky Cool Drinks' (owned by SHREYAA ENTERPRISES, attempted by SHREYAA ENTERPRISES)
[2026-03-03 22:19:33] [WARNING] [DUPLICATE SKIPPED] 'MADHU SHANKAR' (owned by SHREYAA ENTERPRISES, attempted by SHREYAA ENTERPRISES)
[2026-03-03 22:19:33] [WARNING] [DUPLICATE SKIPPED] 'MADURAI OXYGEN' (owned by SHREYAA ENTERPRISES, attempted by SHREYAA ENTERPRISES)
[2026-03-03 22:19:33] [WARNING] [DUPLICATE SKIPPED] 'MADURAI REFRIGERATION SERVICE' (owned by SHREYAA ENTERPRISES, attempted by SHREYAA ENTERPRISES)
[2026-03-03 22:19:33] [WARNING] [DUPLICATE SKIPPED] 'Maha Ganapathi Engineering Works' (owned by SHREYAA ENTERPRISES, attempted by SHREYAA ENTERPRISES)
[2026-03-03 22:19:33] [WARNING] [DUPLICATE SKIPPED] 'Mahalingam iron shop' (owned by SHREYAA ENTERPRISES, attempted by SHREYAA ENTERPRISES)
[2026-03-03 22:19:33] [WARNING] [DUPLICATE SKIPPED] 'MAHANICK' (owned by SHREYAA ENTERPRISES, attempted by SHREYAA ENTERPRISES)
[2026-03-03 22:19:33] [WARNING] [DUPLICATE SKIPPED] 'Maharaja Agencies - Othakadai' (owned by SHREYAA ENTERPRISES, attempted by SHREYAA ENTERPRISES)
[2026-03-03 22:19:33] [WARNING] [DUPLICATE SKIPPED] 'MAHENDAR, NATTARMANGALAM' (owned by SHREYAA ENTERPRISES, attempted by SHREYAA ENTERPRISES)
[2026-03-03 22:19:33] [WARNING] [DUPLICATE SKIPPED] 'MAHI TREDERS' (owned by SHREYAA ENTERPRISES, attempted by SHREYAA ENTERPRISES)
[2026-03-03 22:19:33] [WARNING] [DUPLICATE SKIPPED] 'Malliga Infira' (owned by SHREYAA ENTERPRISES, attempted by SHREYAA ENTERPRISES)
[2026-03-03 22:19:33] [WARNING] [DUPLICATE SKIPPED] 'Mani's Steels' (owned by SHREYAA ENTERPRISES, attempted by SHREYAA ENTERPRISES)
[2026-03-03 22:19:33] [WARNING] [DUPLICATE SKIPPED] 'Manikandan' (owned by SHREYAA ENTERPRISES, attempted by SHREYAA ENTERPRISES)
[2026-03-03 22:19:33] [WARNING] [DUPLICATE SKIPPED] 'MANIKKA PRAKASH' (owned by SHREYAA ENTERPRISES, attempted by SHREYAA ENTERPRISES)
[2026-03-03 22:19:33] [WARNING] [DUPLICATE SKIPPED] 'MARIMUTHU SILVER PATTARAI' (owned by SHREYAA ENTERPRISES, attempted by SHREYAA ENTERPRISES)
[2026-03-03 22:19:33] [WARNING] [DUPLICATE SKIPPED] 'MARIYAPPAN SILVER WORKSHOP' (owned by SHREYAA ENTERPRISES, attempted by SHREYAA ENTERPRISES)
[2026-03-03 22:19:33] [WARNING] [DUPLICATE SKIPPED] 'MARUDHU WELDING WORKS' (owned by SHREYAA ENTERPRISES, attempted by SHREYAA ENTERPRISES)
[2026-03-03 22:19:33] [WARNING] [DUPLICATE SKIPPED] 'M.DURAI PANDI' (owned by SHREYAA ENTERPRISES, attempted by SHREYAA ENTERPRISES)
[2026-03-03 22:19:33] [WARNING] [DUPLICATE SKIPPED] 'MENAKA MILLS PRIVATE LIMITED' (owned by SHREYAA ENTERPRISES, attempted by SHREYAA ENTERPRISES)
[2026-03-03 22:19:33] [WARNING] [DUPLICATE SKIPPED] 'Meracle Scans, Ramnad' (owned by SHREYAA ENTERPRISES, attempted by SHREYAA ENTERPRISES)
[2026-03-03 22:19:33] [WARNING] [DUPLICATE SKIPPED] 'MKM ANNAMAYIL BLUE METAL' (owned by SHREYAA ENTERPRISES, attempted by SHREYAA ENTERPRISES)
[2026-03-03 22:19:33] [WARNING] [DUPLICATE SKIPPED] 'MK SWAMY BLUE METAL' (owned by SHREYAA ENTERPRISES, attempted by SHREYAA ENTERPRISES)
[2026-03-03 22:19:33] [WARNING] [DUPLICATE SKIPPED] 'MOBILE BAZAAR' (owned by SHREYAA ENTERPRISES, attempted by SHREYAA ENTERPRISES)
[2026-03-03 22:19:33] [WARNING] [DUPLICATE SKIPPED] 'MOHAN(AVANIYA PURAM)' (owned by SHREYAA ENTERPRISES, attempted by SHREYAA ENTERPRISES)
[2026-03-03 22:19:33] [WARNING] [DUPLICATE SKIPPED] 'Moni's Events' (owned by SHREYAA ENTERPRISES, attempted by SHREYAA ENTERPRISES)
[2026-03-03 22:19:33] [WARNING] [DUPLICATE SKIPPED] 'MOTHER CARE' (owned by SHREYAA ENTERPRISES, attempted by SHREYAA ENTERPRISES)
[2026-03-03 22:19:33] [WARNING] [DUPLICATE SKIPPED] 'M R AMBULANCE' (owned by SHREYAA ENTERPRISES, attempted by SHREYAA ENTERPRISES)
[2026-03-03 22:19:33] [WARNING] [DUPLICATE SKIPPED] 'MR.PANDIYARAJAN' (owned by SHREYAA ENTERPRISES, attempted by SHREYAA ENTERPRISES)
[2026-03-03 22:19:33] [WARNING] [DUPLICATE SKIPPED] 'MR.RATHINAM' (owned by SHREYAA ENTERPRISES, attempted by SHREYAA ENTERPRISES)
[2026-03-03 22:19:33] [WARNING] [DUPLICATE SKIPPED] 'MR.SUTHAKAR' (owned by SHREYAA ENTERPRISES, attempted by SHREYAA ENTERPRISES)
[2026-03-03 22:19:33] [WARNING] [DUPLICATE SKIPPED] 'MSK CONSTRUSAN' (owned by SHREYAA ENTERPRISES, attempted by SHREYAA ENTERPRISES)
[2026-03-03 22:19:33] [WARNING] [DUPLICATE SKIPPED] 'M.S.LASER DESIGN WORKS' (owned by SHREYAA ENTERPRISES, attempted by SHREYAA ENTERPRISES)
[2026-03-03 22:19:33] [WARNING] [DUPLICATE SKIPPED] 'Mugilavan - Tiruppuvanam' (owned by SHREYAA ENTERPRISES, attempted by SHREYAA ENTERPRISES)
[2026-03-03 22:19:33] [WARNING] [DUPLICATE SKIPPED] 'Murali Manokaran' (owned by SHREYAA ENTERPRISES, attempted by SHREYAA ENTERPRISES)
[2026-03-03 22:19:33] [WARNING] [DUPLICATE SKIPPED] 'MURUGAN IRON SHOP' (owned by SHREYAA ENTERPRISES, attempted by SHREYAA ENTERPRISES)
[2026-03-03 22:19:33] [WARNING] [DUPLICATE SKIPPED] 'Murugesan Iron Shop Paramakudi' (owned by SHREYAA ENTERPRISES, attempted by SHREYAA ENTERPRISES)
[2026-03-03 22:19:33] [WARNING] [DUPLICATE SKIPPED] 'MUTHUKUMAR-TMM' (owned by SHREYAA ENTERPRISES, attempted by SHREYAA ENTERPRISES)
[2026-03-03 22:19:33] [WARNING] [DUPLICATE SKIPPED] 'MVC Kumar' (owned by SHREYAA ENTERPRISES, attempted by SHREYAA ENTERPRISES)
[2026-03-03 22:19:33] [WARNING] [DUPLICATE SKIPPED] 'M.VIJAYAN' (owned by SHREYAA ENTERPRISES, attempted by SHREYAA ENTERPRISES)
[2026-03-03 22:19:33] [WARNING] [DUPLICATE SKIPPED] 'MV READYMIX PLANT' (owned by SHREYAA ENTERPRISES, attempted by SHREYAA ENTERPRISES)
[2026-03-03 22:19:33] [WARNING] [DUPLICATE SKIPPED] 'Nannappa Mughamadu' (owned by SHREYAA ENTERPRISES, attempted by SHREYAA ENTERPRISES)
[2026-03-03 22:19:33] [WARNING] [DUPLICATE SKIPPED] 'Nanthini Steel' (owned by SHREYAA ENTERPRISES, attempted by SHREYAA ENTERPRISES)
[2026-03-03 22:19:33] [WARNING] [DUPLICATE SKIPPED] 'Navaneethan' (owned by SHREYAA ENTERPRISES, attempted by SHREYAA ENTERPRISES)
[2026-03-03 22:19:33] [INFO] [NEW CUSTOMER] 'NAVEEEN TECH' saved (company: SHREYAA ENTERPRISES, GSTIN: )
[2026-03-03 22:19:33] [WARNING] [DUPLICATE SKIPPED] 'Nethaji Ambulance' (owned by SHREYAA ENTERPRISES, attempted by SHREYAA ENTERPRISES)
[2026-03-03 22:19:33] [WARNING] [DUPLICATE SKIPPED] 'New Bharath Trailers & Farm Equipments' (owned by SHREYAA ENTERPRISES, attempted by SHREYAA ENTERPRISES)
[2026-03-03 22:19:33] [WARNING] [DUPLICATE SKIPPED] 'New India Steel' (owned by SHREYAA ENTERPRISES, attempted by SHREYAA ENTERPRISES)
[2026-03-03 22:19:33] [WARNING] [DUPLICATE SKIPPED] 'NEW MADHA' (owned by SHREYAA ENTERPRISES, attempted by SHREYAA ENTERPRISES)
[2026-03-03 22:19:33] [WARNING] [DUPLICATE SKIPPED] 'NOOR BHAI' (owned by SHREYAA ENTERPRISES, attempted by SHREYAA ENTERPRISES)
[2026-03-03 22:19:33] [WARNING] [DUPLICATE SKIPPED] 'N. R TRADERS' (owned by SHREYAA ENTERPRISES, attempted by SHREYAA ENTERPRISES)
[2026-03-03 22:19:33] [WARNING] [DUPLICATE SKIPPED] 'N.SUBBURAJ' (owned by SHREYAA ENTERPRISES, attempted by SHREYAA ENTERPRISES)
[2026-03-03 22:19:33] [WARNING] [DUPLICATE SKIPPED] 'OM MURUGA AGENCIES' (owned by SHREYAA ENTERPRISES, attempted by SHREYAA ENTERPRISES)
[2026-03-03 22:19:33] [WARNING] [DUPLICATE SKIPPED] 'OSR FISH COMMISSION SHOP' (owned by SHREYAA ENTERPRISES, attempted by SHREYAA ENTERPRISES)
[2026-03-03 22:19:33] [WARNING] [DUPLICATE SKIPPED] 'PADMA SAGAYA ARAKKATTALAI' (owned by SHREYAA ENTERPRISES, attempted by SHREYAA ENTERPRISES)
[2026-03-03 22:19:33] [WARNING] [DUPLICATE SKIPPED] 'PAMIR TUBES' (owned by SHREYAA ENTERPRISES, attempted by SHREYAA ENTERPRISES)
[2026-03-03 22:19:33] [WARNING] [DUPLICATE SKIPPED] 'PARAMASHIVAM ( TEA )' (owned by SHREYAA ENTERPRISES, attempted by SHREYAA ENTERPRISES)
[2026-03-03 22:19:33] [WARNING] [DUPLICATE SKIPPED] 'PASUMPON' (owned by SHREYAA ENTERPRISES, attempted by SHREYAA ENTERPRISES)
[2026-03-03 22:19:33] [WARNING] [DUPLICATE SKIPPED] 'PBM RAJA TRADERS' (owned by SHREYAA ENTERPRISES, attempted by SHREYAA ENTERPRISES)
[2026-03-03 22:19:33] [WARNING] [DUPLICATE SKIPPED] 'Pechiyamman Body Building' (owned by SHREYAA ENTERPRISES, attempted by SHREYAA ENTERPRISES)
[2026-03-03 22:19:33] [WARNING] [DUPLICATE SKIPPED] 'PITCHAI LATHE WORK' (owned by SHREYAA ENTERPRISES, attempted by SHREYAA ENTERPRISES)
[2026-03-03 22:19:33] [WARNING] [DUPLICATE SKIPPED] 'P. MANI' (owned by SHREYAA ENTERPRISES, attempted by SHREYAA ENTERPRISES)
[2026-03-03 22:19:33] [WARNING] [DUPLICATE SKIPPED] 'Pms Blue Metal' (owned by SHREYAA ENTERPRISES, attempted by SHREYAA ENTERPRISES)
[2026-03-03 22:19:33] [WARNING] [DUPLICATE SKIPPED] 'POONAMCHOWLA KTK' (owned by SHREYAA ENTERPRISES, attempted by SHREYAA ENTERPRISES)
[2026-03-03 22:19:33] [WARNING] [DUPLICATE SKIPPED] 'P.Pandiselvi' (owned by SHREYAA ENTERPRISES, attempted by SHREYAA ENTERPRISES)
[2026-03-03 22:19:33] [WARNING] [DUPLICATE SKIPPED] 'P.SASIKUMAR' (owned by SHREYAA ENTERPRISES, attempted by SHREYAA ENTERPRISES)
[2026-03-03 22:19:33] [WARNING] [DUPLICATE SKIPPED] 'P.VASIYAPPAN' (owned by SHREYAA ENTERPRISES, attempted by SHREYAA ENTERPRISES)
[2026-03-03 22:19:33] [WARNING] [DUPLICATE SKIPPED] 'RAGHAVENDRA FOODS' (owned by SHREYAA ENTERPRISES, attempted by SHREYAA ENTERPRISES)
[2026-03-03 22:19:33] [WARNING] [DUPLICATE SKIPPED] 'RAGURAM FOODS' (owned by SHREYAA ENTERPRISES, attempted by SHREYAA ENTERPRISES)
[2026-03-03 22:19:33] [WARNING] [DUPLICATE SKIPPED] 'RAHA ARTS TMM' (owned by SHREYAA ENTERPRISES, attempted by SHREYAA ENTERPRISES)
[2026-03-03 22:19:33] [WARNING] [DUPLICATE SKIPPED] 'Raja Esakkimuthu' (owned by SHREYAA ENTERPRISES, attempted by SHREYAA ENTERPRISES)
[2026-03-03 22:19:33] [WARNING] [DUPLICATE SKIPPED] 'Raja Mohammed' (owned by SHREYAA ENTERPRISES, attempted by SHREYAA ENTERPRISES)
[2026-03-03 22:19:33] [WARNING] [DUPLICATE SKIPPED] 'Raja Motors' (owned by SHREYAA ENTERPRISES, attempted by SHREYAA ENTERPRISES)
[2026-03-03 22:19:33] [WARNING] [DUPLICATE SKIPPED] 'RAJA U CLAMB, VILLANGUDI' (owned by SHREYAA ENTERPRISES, attempted by SHREYAA ENTERPRISES)
[2026-03-03 22:19:33] [WARNING] [DUPLICATE SKIPPED] 'RAJENDRAN' (owned by SHREYAA ENTERPRISES, attempted by SHREYAA ENTERPRISES)
[2026-03-03 22:19:33] [WARNING] [DUPLICATE SKIPPED] 'RAJESHKUMAR TRADERS' (owned by SHREYAA ENTERPRISES, attempted by SHREYAA ENTERPRISES)
[2026-03-03 22:19:33] [WARNING] [DUPLICATE SKIPPED] 'RAJKUMAR JOSPE ANTHONY THASAN' (owned by SHREYAA ENTERPRISES, attempted by SHREYAA ENTERPRISES)
[2026-03-03 22:19:33] [WARNING] [DUPLICATE SKIPPED] 'RAJMOHAN (GUVARI), ALAMPATTI' (owned by SHREYAA ENTERPRISES, attempted by SHREYAA ENTERPRISES)
[2026-03-03 22:19:33] [WARNING] [DUPLICATE SKIPPED] 'Ramanan SP' (owned by SHREYAA ENTERPRISES, attempted by SHREYAA ENTERPRISES)
[2026-03-03 22:19:33] [WARNING] [DUPLICATE SKIPPED] 'RAM JEEVAN, NATTARMANGALAM' (owned by SHREYAA ENTERPRISES, attempted by SHREYAA ENTERPRISES)
[2026-03-03 22:19:33] [WARNING] [DUPLICATE SKIPPED] 'Rani Store' (owned by SHREYAA ENTERPRISES, attempted by SHREYAA ENTERPRISES)
[2026-03-03 22:19:33] [WARNING] [DUPLICATE SKIPPED] 'RASIK OLD MOTOR PARTS' (owned by SHREYAA ENTERPRISES, attempted by SHREYAA ENTERPRISES)
[2026-03-03 22:19:33] [WARNING] [DUPLICATE SKIPPED] 'RA STEEL' (owned by SHREYAA ENTERPRISES, attempted by SHREYAA ENTERPRISES)
[2026-03-03 22:19:33] [WARNING] [DUPLICATE SKIPPED] 'Rathinavel tinger' (owned by SHREYAA ENTERPRISES, attempted by SHREYAA ENTERPRISES)
[2026-03-03 22:19:33] [WARNING] [DUPLICATE SKIPPED] 'RAVI TRAILOR' (owned by SHREYAA ENTERPRISES, attempted by SHREYAA ENTERPRISES)
[2026-03-03 22:19:33] [WARNING] [DUPLICATE SKIPPED] 'R. Ganesan, VNR' (owned by SHREYAA ENTERPRISES, attempted by SHREYAA ENTERPRISES)
[2026-03-03 22:19:33] [WARNING] [DUPLICATE SKIPPED] 'R.KANNAN TWO WHEELER TINKER WORK' (owned by SHREYAA ENTERPRISES, attempted by SHREYAA ENTERPRISES)
[2026-03-03 22:19:33] [WARNING] [DUPLICATE SKIPPED] 'R.K.SERVICES' (owned by SHREYAA ENTERPRISES, attempted by SHREYAA ENTERPRISES)
[2026-03-03 22:19:33] [WARNING] [DUPLICATE SKIPPED] 'RK TRAILERS' (owned by SHREYAA ENTERPRISES, attempted by SHREYAA ENTERPRISES)
[2026-03-03 22:19:33] [WARNING] [DUPLICATE SKIPPED] 'R. MOHAN, IYANKOTTAI' (owned by SHREYAA ENTERPRISES, attempted by SHREYAA ENTERPRISES)
[2026-03-03 22:19:33] [WARNING] [DUPLICATE SKIPPED] 'R.Paulpandi' (owned by SHREYAA ENTERPRISES, attempted by SHREYAA ENTERPRISES)
[2026-03-03 22:19:33] [WARNING] [DUPLICATE SKIPPED] 'R R LATHE WORKS' (owned by SHREYAA ENTERPRISES, attempted by SHREYAA ENTERPRISES)
[2026-03-03 22:19:33] [WARNING] [DUPLICATE SKIPPED] 'R.SARAVANAN' (owned by SHREYAA ENTERPRISES, attempted by SHREYAA ENTERPRISES)
[2026-03-03 22:19:33] [WARNING] [DUPLICATE SKIPPED] 'Rsk Stainless Steel' (owned by SHREYAA ENTERPRISES, attempted by SHREYAA ENTERPRISES)
[2026-03-03 22:19:33] [WARNING] [DUPLICATE SKIPPED] 'SAI ENTERPRISES' (owned by SHREYAA ENTERPRISES, attempted by SHREYAA ENTERPRISES)
[2026-03-03 22:19:33] [WARNING] [DUPLICATE SKIPPED] 'SAI PRAGATHI IRON WORK' (owned by SHREYAA ENTERPRISES, attempted by SHREYAA ENTERPRISES)
[2026-03-03 22:19:33] [WARNING] [DUPLICATE SKIPPED] 'Sai Pranesh Agency, Natham' (owned by SHREYAA ENTERPRISES, attempted by SHREYAA ENTERPRISES)
[2026-03-03 22:19:33] [WARNING] [DUPLICATE SKIPPED] 'SAI RAM CONTRUCTION, MELAKOTTAI' (owned by SHREYAA ENTERPRISES, attempted by SHREYAA ENTERPRISES)
[2026-03-03 22:19:33] [WARNING] [DUPLICATE SKIPPED] 'SANKAR' (owned by SHREYAA ENTERPRISES, attempted by SHREYAA ENTERPRISES)
[2026-03-03 22:19:33] [WARNING] [DUPLICATE SKIPPED] 'SANKARALINGAM -LN2' (owned by SHREYAA ENTERPRISES, attempted by SHREYAA ENTERPRISES)
[2026-03-03 22:19:33] [WARNING] [DUPLICATE SKIPPED] 'SANKAR AUTO WORKS' (owned by SHREYAA ENTERPRISES, attempted by SHREYAA ENTERPRISES)
[2026-03-03 22:19:33] [WARNING] [DUPLICATE SKIPPED] 'SANTHOSH CLINIC' (owned by SHREYAA ENTERPRISES, attempted by SHREYAA ENTERPRISES)
[2026-03-03 22:19:33] [WARNING] [DUPLICATE SKIPPED] 'SANTHOSH INDUSTRIES' (owned by SHREYAA ENTERPRISES, attempted by SHREYAA ENTERPRISES)
[2026-03-03 22:19:33] [WARNING] [DUPLICATE SKIPPED] 'Sasi Arthanari' (owned by SHREYAA ENTERPRISES, attempted by SHREYAA ENTERPRISES)
[2026-03-03 22:19:33] [WARNING] [DUPLICATE SKIPPED] 'SEKAR BLUE METAL, THENI' (owned by SHREYAA ENTERPRISES, attempted by SHREYAA ENTERPRISES)
[2026-03-03 22:19:33] [WARNING] [DUPLICATE SKIPPED] 'Sekar Iron Shop Theni' (owned by SHREYAA ENTERPRISES, attempted by SHREYAA ENTERPRISES)
[2026-03-03 22:19:33] [WARNING] [DUPLICATE SKIPPED] 'SELVARAJ' (owned by SHREYAA ENTERPRISES, attempted by SHREYAA ENTERPRISES)
[2026-03-03 22:19:33] [WARNING] [DUPLICATE SKIPPED] 'Shahul' (owned by SHREYAA ENTERPRISES, attempted by SHREYAA ENTERPRISES)
[2026-03-03 22:19:33] [WARNING] [DUPLICATE SKIPPED] 'Shajagan' (owned by SHREYAA ENTERPRISES, attempted by SHREYAA ENTERPRISES)
[2026-03-03 22:19:33] [WARNING] [DUPLICATE SKIPPED] 'Shree Guru Govind Enterprises' (owned by SHREYAA ENTERPRISES, attempted by SHREYAA ENTERPRISES)
[2026-03-03 22:19:33] [WARNING] [DUPLICATE SKIPPED] 'SHREE KAMATCHIAMMAN STEELS' (owned by SHREYAA ENTERPRISES, attempted by SHREYAA ENTERPRISES)
[2026-03-03 22:19:33] [WARNING] [DUPLICATE SKIPPED] 'SHRI MEENAKSHI SUNDARESHWARAR GRANITES.' (owned by SHREYAA ENTERPRISES, attempted by SHREYAA ENTERPRISES)
[2026-03-03 22:19:33] [WARNING] [DUPLICATE SKIPPED] 'Shri Perumal Gases' (owned by SHREYAA ENTERPRISES, attempted by SHREYAA ENTERPRISES)
[2026-03-03 22:19:33] [WARNING] [DUPLICATE SKIPPED] 'SIKKANTHAR, VALAYAPATTI' (owned by SHREYAA ENTERPRISES, attempted by SHREYAA ENTERPRISES)
[2026-03-03 22:19:33] [WARNING] [DUPLICATE SKIPPED] 'SIVARANJANI LATHE WORKS' (owned by SHREYAA ENTERPRISES, attempted by SHREYAA ENTERPRISES)
[2026-03-03 22:19:33] [WARNING] [DUPLICATE SKIPPED] 'S K DEVENDRAN' (owned by SHREYAA ENTERPRISES, attempted by SHREYAA ENTERPRISES)
[2026-03-03 22:19:33] [WARNING] [DUPLICATE SKIPPED] 'S.K.M LORRY BODY BUILDERS' (owned by SHREYAA ENTERPRISES, attempted by SHREYAA ENTERPRISES)
[2026-03-03 22:19:33] [WARNING] [DUPLICATE SKIPPED] 'SM PATTARAI' (owned by SHREYAA ENTERPRISES, attempted by SHREYAA ENTERPRISES)
[2026-03-03 22:19:33] [WARNING] [DUPLICATE SKIPPED] 'S.M.S.STEEL' (owned by SHREYAA ENTERPRISES, attempted by SHREYAA ENTERPRISES)
[2026-03-03 22:19:33] [WARNING] [DUPLICATE SKIPPED] 'SOLOMAN CLINIC' (owned by SHREYAA ENTERPRISES, attempted by SHREYAA ENTERPRISES)
[2026-03-03 22:19:33] [WARNING] [DUPLICATE SKIPPED] 'Sree Bairava Trailors & Water Tanker' (owned by SHREYAA ENTERPRISES, attempted by SHREYAA ENTERPRISES)
[2026-03-03 22:19:33] [WARNING] [DUPLICATE SKIPPED] 'SREE JEYAM EXIM' (owned by SHREYAA ENTERPRISES, attempted by SHREYAA ENTERPRISES)
[2026-03-03 22:19:33] [WARNING] [DUPLICATE SKIPPED] 'SRI AMBAL IRON SHOP' (owned by SHREYAA ENTERPRISES, attempted by SHREYAA ENTERPRISES)
[2026-03-03 22:19:33] [WARNING] [DUPLICATE SKIPPED] 'SRI ANGALAMMAN EARTH MOVERS' (owned by SHREYAA ENTERPRISES, attempted by SHREYAA ENTERPRISES)
[2026-03-03 22:19:33] [WARNING] [DUPLICATE SKIPPED] 'SRI BALAJI GAS' (owned by SHREYAA ENTERPRISES, attempted by SHREYAA ENTERPRISES)
[2026-03-03 22:19:33] [WARNING] [DUPLICATE SKIPPED] 'Sri Dhurkai Ammal' (owned by SHREYAA ENTERPRISES, attempted by SHREYAA ENTERPRISES)
[2026-03-03 22:19:33] [WARNING] [DUPLICATE SKIPPED] 'SRI ELECTRONICS  & PLUMPING' (owned by SHREYAA ENTERPRISES, attempted by SHREYAA ENTERPRISES)
[2026-03-03 22:19:33] [WARNING] [DUPLICATE SKIPPED] 'SRI HARI GAS PASUMALAI' (owned by SHREYAA ENTERPRISES, attempted by SHREYAA ENTERPRISES)
[2026-03-03 22:19:33] [WARNING] [DUPLICATE SKIPPED] 'SRI KARPAGA VINAYAGAR SCRAP' (owned by SHREYAA ENTERPRISES, attempted by SHREYAA ENTERPRISES)
[2026-03-03 22:19:33] [WARNING] [DUPLICATE SKIPPED] 'SRI KARPAGA VINAYAKAR TINKER' (owned by SHREYAA ENTERPRISES, attempted by SHREYAA ENTERPRISES)
[2026-03-03 22:19:33] [WARNING] [DUPLICATE SKIPPED] 'SRI KRISHNA WELDDING' (owned by SHREYAA ENTERPRISES, attempted by SHREYAA ENTERPRISES)
[2026-03-03 22:19:33] [WARNING] [DUPLICATE SKIPPED] 'Sri Lakshmi Engineering' (owned by SHREYAA ENTERPRISES, attempted by SHREYAA ENTERPRISES)
[2026-03-03 22:19:33] [WARNING] [DUPLICATE SKIPPED] 'SRI MARI GAS WELDING' (owned by SHREYAA ENTERPRISES, attempted by SHREYAA ENTERPRISES)
[2026-03-03 22:19:33] [WARNING] [DUPLICATE SKIPPED] 'SRI MEENAKSHI SUNDARESWAR' (owned by SHREYAA ENTERPRISES, attempted by SHREYAA ENTERPRISES)
[2026-03-03 22:19:33] [WARNING] [DUPLICATE SKIPPED] 'SRINIVASAN SCRAP COMPANY' (owned by SHREYAA ENTERPRISES, attempted by SHREYAA ENTERPRISES)
[2026-03-03 22:19:33] [WARNING] [DUPLICATE SKIPPED] 'SRINIVASA TINKER PAINTING, CHELLAMPATTI' (owned by SHREYAA ENTERPRISES, attempted by SHREYAA ENTERPRISES)
[2026-03-03 22:19:33] [WARNING] [DUPLICATE SKIPPED] 'Sri Palani Andavar Agencies' (owned by SHREYAA ENTERPRISES, attempted by SHREYAA ENTERPRISES)
[2026-03-03 22:19:33] [WARNING] [DUPLICATE SKIPPED] 'Sri Pothys Steel' (owned by SHREYAA ENTERPRISES, attempted by SHREYAA ENTERPRISES)
[2026-03-03 22:19:33] [WARNING] [DUPLICATE SKIPPED] 'SRI RATHNA AUTO STORE' (owned by SHREYAA ENTERPRISES, attempted by SHREYAA ENTERPRISES)
[2026-03-03 22:19:33] [WARNING] [DUPLICATE SKIPPED] 'SRI SASTHA EARTH MOVERS' (owned by SHREYAA ENTERPRISES, attempted by SHREYAA ENTERPRISES)
[2026-03-03 22:19:33] [WARNING] [DUPLICATE SKIPPED] 'SRI SATHYA, THIRUMANGALAM' (owned by SHREYAA ENTERPRISES, attempted by SHREYAA ENTERPRISES)
[2026-03-03 22:19:33] [WARNING] [DUPLICATE SKIPPED] 'Sri Senthooran Enggineeing Works' (owned by SHREYAA ENTERPRISES, attempted by SHREYAA ENTERPRISES)
[2026-03-03 22:19:33] [WARNING] [DUPLICATE SKIPPED] 'SRI SENTHOOR EARTH MOVERS' (owned by SHREYAA ENTERPRISES, attempted by SHREYAA ENTERPRISES)
[2026-03-03 22:19:33] [WARNING] [DUPLICATE SKIPPED] 'SRI SONAI MUTHAIAHA COOLDRING' (owned by SHREYAA ENTERPRISES, attempted by SHREYAA ENTERPRISES)
[2026-03-03 22:19:33] [WARNING] [DUPLICATE SKIPPED] 'SRS TRADERS' (owned by SHREYAA ENTERPRISES, attempted by SHREYAA ENTERPRISES)
[2026-03-03 22:19:33] [WARNING] [DUPLICATE SKIPPED] 'S S ELECTRICALS & SERVICES' (owned by SHREYAA ENTERPRISES, attempted by SHREYAA ENTERPRISES)
[2026-03-03 22:19:33] [WARNING] [DUPLICATE SKIPPED] 'STAINLESS STEEL' (owned by SHREYAA ENTERPRISES, attempted by SHREYAA ENTERPRISES)
[2026-03-03 22:19:33] [WARNING] [DUPLICATE SKIPPED] 'St Marys Thirunelveli' (owned by SHREYAA ENTERPRISES, attempted by SHREYAA ENTERPRISES)
[2026-03-03 22:19:33] [WARNING] [DUPLICATE SKIPPED] 'Subburaman Iron and Steel,Dgl' (owned by SHREYAA ENTERPRISES, attempted by SHREYAA ENTERPRISES)
[2026-03-03 22:19:33] [WARNING] [DUPLICATE SKIPPED] 'SULTHAN MIETHIN' (owned by SHREYAA ENTERPRISES, attempted by SHREYAA ENTERPRISES)
[2026-03-03 22:19:33] [WARNING] [DUPLICATE SKIPPED] 'SUN AUTO CARRIAGE' (owned by SHREYAA ENTERPRISES, attempted by SHREYAA ENTERPRISES)
[2026-03-03 22:19:33] [WARNING] [DUPLICATE SKIPPED] 'Suresh Agencies' (owned by SHREYAA ENTERPRISES, attempted by SHREYAA ENTERPRISES)
[2026-03-03 22:19:33] [WARNING] [DUPLICATE SKIPPED] 'SURYA STEEL' (owned by SHREYAA ENTERPRISES, attempted by SHREYAA ENTERPRISES)
[2026-03-03 22:19:33] [WARNING] [DUPLICATE SKIPPED] 'SURYA TECH' (owned by Surya Air System, attempted by SHREYAA ENTERPRISES)
[2026-03-03 22:19:33] [WARNING] [DUPLICATE SKIPPED] 'TAMILAN GOLI SODA' (owned by SHREYAA ENTERPRISES, attempted by SHREYAA ENTERPRISES)
[2026-03-03 22:19:33] [WARNING] [DUPLICATE SKIPPED] 'Thamarai Selvi Tinger Works' (owned by SHREYAA ENTERPRISES, attempted by SHREYAA ENTERPRISES)
[2026-03-03 22:19:33] [WARNING] [DUPLICATE SKIPPED] 'THANGAM SODA' (owned by SHREYAA ENTERPRISES, attempted by SHREYAA ENTERPRISES)
[2026-03-03 22:19:33] [WARNING] [DUPLICATE SKIPPED] 'THARUN LATHE WELDING WORKS' (owned by SHREYAA ENTERPRISES, attempted by SHREYAA ENTERPRISES)
[2026-03-03 22:19:33] [WARNING] [DUPLICATE SKIPPED] 'THE MADURA OXYGEN' (owned by SHREYAA ENTERPRISES, attempted by SHREYAA ENTERPRISES)
[2026-03-03 22:19:33] [WARNING] [DUPLICATE SKIPPED] 'THENRAL AMBULANCE' (owned by SHREYAA ENTERPRISES, attempted by SHREYAA ENTERPRISES)
[2026-03-03 22:19:33] [WARNING] [DUPLICATE SKIPPED] 'THE STORES' (owned by SHREYAA ENTERPRISES, attempted by SHREYAA ENTERPRISES)
[2026-03-03 22:19:33] [WARNING] [DUPLICATE SKIPPED] 'THIRUPATHY TRADERS' (owned by SHREYAA ENTERPRISES, attempted by SHREYAA ENTERPRISES)
[2026-03-03 22:19:33] [WARNING] [DUPLICATE SKIPPED] 'THIRUPPATHI(SIVAKASI)' (owned by SHREYAA ENTERPRISES, attempted by SHREYAA ENTERPRISES)
[2026-03-03 22:19:33] [WARNING] [DUPLICATE SKIPPED] 'T M AMBULANCE' (owned by SHREYAA ENTERPRISES, attempted by SHREYAA ENTERPRISES)
[2026-03-03 22:19:33] [WARNING] [DUPLICATE SKIPPED] 'TNTJ AMBULANCE VNR' (owned by SHREYAA ENTERPRISES, attempted by SHREYAA ENTERPRISES)
[2026-03-03 22:19:33] [WARNING] [DUPLICATE SKIPPED] 'URANI EARTH MOVERS, THIRUNAGAR' (owned by SHREYAA ENTERPRISES, attempted by SHREYAA ENTERPRISES)
[2026-03-03 22:19:33] [WARNING] [DUPLICATE SKIPPED] 'Vahitha Agency' (owned by SHREYAA ENTERPRISES, attempted by SHREYAA ENTERPRISES)
[2026-03-03 22:19:33] [WARNING] [DUPLICATE SKIPPED] 'Vava Iron Shop, Ramnad' (owned by SHREYAA ENTERPRISES, attempted by SHREYAA ENTERPRISES)
[2026-03-03 22:19:33] [WARNING] [DUPLICATE SKIPPED] 'VEL GAME WORLD' (owned by SHREYAA ENTERPRISES, attempted by SHREYAA ENTERPRISES)
[2026-03-03 22:19:33] [WARNING] [DUPLICATE SKIPPED] 'VELLMURUGAN WELDING. RAMD' (owned by SHREYAA ENTERPRISES, attempted by SHREYAA ENTERPRISES)
[2026-03-03 22:19:33] [WARNING] [DUPLICATE SKIPPED] 'VEL MANI STONE THENI' (owned by SHREYAA ENTERPRISES, attempted by SHREYAA ENTERPRISES)
[2026-03-03 22:19:33] [WARNING] [DUPLICATE SKIPPED] 'Venkatesh - Thanakkankulam' (owned by SHREYAA ENTERPRISES, attempted by SHREYAA ENTERPRISES)
[2026-03-03 22:19:33] [WARNING] [DUPLICATE SKIPPED] 'Venkateshwara Agency -Madurai' (owned by SHREYAA ENTERPRISES, attempted by SHREYAA ENTERPRISES)
[2026-03-03 22:19:33] [WARNING] [DUPLICATE SKIPPED] 'VIGNESH' (owned by SHREYAA ENTERPRISES, attempted by SHREYAA ENTERPRISES)
[2026-03-03 22:19:33] [WARNING] [DUPLICATE SKIPPED] 'VIJAYARAJAN-SVN' (owned by SHREYAA ENTERPRISES, attempted by SHREYAA ENTERPRISES)
[2026-03-03 22:19:33] [WARNING] [DUPLICATE SKIPPED] 'VIKRAM WELDING' (owned by SHREYAA ENTERPRISES, attempted by SHREYAA ENTERPRISES)
[2026-03-03 22:19:33] [WARNING] [DUPLICATE SKIPPED] 'VIP EVENTS' (owned by SHREYAA ENTERPRISES, attempted by SHREYAA ENTERPRISES)
[2026-03-03 22:19:33] [WARNING] [DUPLICATE SKIPPED] 'VIRUMANDI' (owned by SHREYAA ENTERPRISES, attempted by SHREYAA ENTERPRISES)
[2026-03-03 22:19:33] [WARNING] [DUPLICATE SKIPPED] 'Vitro Lab (Kk Nagar)' (owned by SHREYAA ENTERPRISES, attempted by SHREYAA ENTERPRISES)
[2026-03-03 22:19:33] [WARNING] [DUPLICATE SKIPPED] 'VMA OFFICE, AUNDIPATTI' (owned by SHREYAA ENTERPRISES, attempted by SHREYAA ENTERPRISES)
[2026-03-03 22:19:33] [WARNING] [DUPLICATE SKIPPED] 'VMP STEELS' (owned by SHREYAA ENTERPRISES, attempted by SHREYAA ENTERPRISES)
[2026-03-03 22:19:33] [WARNING] [DUPLICATE SKIPPED] 'VSB BALA' (owned by SHREYAA ENTERPRISES, attempted by SHREYAA ENTERPRISES)
[2026-03-03 22:19:33] [WARNING] [DUPLICATE SKIPPED] 'WEATHER DYNAMICS' (owned by SHREYAA ENTERPRISES, attempted by SHREYAA ENTERPRISES)
[2026-03-03 22:19:33] [WARNING] [DUPLICATE SKIPPED] 'Welcome Car Part' (owned by SHREYAA ENTERPRISES, attempted by SHREYAA ENTERPRISES)
[2026-03-03 22:19:33] [WARNING] [DUPLICATE SKIPPED] 'YASAR JUICE POINT' (owned by SHREYAA ENTERPRISES, attempted by SHREYAA ENTERPRISES)
[2026-03-03 22:19:33] [WARNING] [DUPLICATE SKIPPED] 'YASIN EVENTS' (owned by SHREYAA ENTERPRISES, attempted by SHREYAA ENTERPRISES)
[2026-03-03 22:19:33] [WARNING] [DUPLICATE SKIPPED] 'YUVANESH DHALL MILL' (owned by SHREYAA ENTERPRISES, attempted by SHREYAA ENTERPRISES)
[2026-03-03 22:19:33] [WARNING] [DUPLICATE SKIPPED] 'YUVAN FRESH DRINKS' (owned by SHREYAA ENTERPRISES, attempted by SHREYAA ENTERPRISES)
[2026-03-03 22:19:33] [WARNING] [DUPLICATE SKIPPED] 'ZAKIR HUSSAIN' (owned by SHREYAA ENTERPRISES, attempted by SHREYAA ENTERPRISES)
[2026-03-03 22:19:33] [WARNING] [DUPLICATE SKIPPED] 'ZERO POINT' (owned by SHREYAA ENTERPRISES, attempted by SHREYAA ENTERPRISES)
[2026-03-03 22:19:33] [INFO] 
============================================================
[2026-03-03 22:19:33] [INFO] Processing: Surya Air System (COMPANY_2)
[2026-03-03 22:19:33] [INFO] ============================================================
[2026-03-03 22:19:34] [INFO] Fetched 1 customers from Tally
[2026-03-03 22:19:34] [WARNING] [DUPLICATE SKIPPED] 'SURYA TECH' (owned by Surya Air System, attempted by Surya Air System)
[2026-03-03 22:19:34] [INFO] 
============================================================
[2026-03-03 22:19:34] [INFO] CUSTOMER FETCH SUMMARY
[2026-03-03 22:19:34] [INFO] ============================================================
[2026-03-03 22:19:34] [INFO] Total Fetched from Tally: 313
[2026-03-03 22:19:34] [INFO] New Customers Saved: 1
[2026-03-03 22:19:34] [INFO] Duplicates Skipped: 312
[2026-03-03 22:19:34] [INFO] Errors: 0
[2026-03-03 22:19:34] [INFO] ============================================================
[2026-03-03 22:19:34] [INFO] 
Database Statistics:
[2026-03-03 22:19:34] [INFO] Total Customers: 312
[2026-03-03 22:19:34] [INFO] Customers by Company: {'SHREYAA ENTERPRISES': 311, 'Surya Air System': 1}
[2026-03-03 22:19:34] [INFO] Synced Customers: 311
[2026-03-03 22:24:28] [INFO] Starting customer fetch from 2 companies
[2026-03-03 22:24:28] [INFO] Active companies: SHREYAA ENTERPRISES, Surya Air System
[2026-03-03 22:24:28] [INFO] 
============================================================
[2026-03-03 22:24:28] [INFO] Processing: SHREYAA ENTERPRISES (COMPANY_1)
[2026-03-03 22:24:28] [INFO] ============================================================
[2026-03-03 22:24:29] [INFO] Fetched 313 customers from Tally
[2026-03-03 22:24:29] [INFO] [NEW CUSTOMER] '7' saved (company: SHREYAA ENTERPRISES, GSTIN: )
[2026-03-03 22:24:29] [WARNING] [DUPLICATE SKIPPED] 'AADHI MANGALA FABRIC' (owned by SHREYAA ENTERPRISES, attempted by SHREYAA ENTERPRISES)
[2026-03-03 22:24:29] [WARNING] [DUPLICATE SKIPPED] 'ABISAK' (owned by SHREYAA ENTERPRISES, attempted by SHREYAA ENTERPRISES)
[2026-03-03 22:24:29] [WARNING] [DUPLICATE SKIPPED] 'ABIShek' (owned by SHREYAA ENTERPRISES, attempted by SHREYAA ENTERPRISES)
[2026-03-03 22:24:29] [WARNING] [DUPLICATE SKIPPED] 'ABI SMOKE BISCUTS (SRM AGENCY)' (owned by SHREYAA ENTERPRISES, attempted by SHREYAA ENTERPRISES)
[2026-03-03 22:24:29] [WARNING] [DUPLICATE SKIPPED] 'Adithiya Car Machanic' (owned by SHREYAA ENTERPRISES, attempted by SHREYAA ENTERPRISES)
[2026-03-03 22:24:29] [WARNING] [DUPLICATE SKIPPED] 'A E Engineering' (owned by SHREYAA ENTERPRISES, attempted by SHREYAA ENTERPRISES)
[2026-03-03 22:24:29] [WARNING] [DUPLICATE SKIPPED] 'AJ ASSOCATES' (owned by SHREYAA ENTERPRISES, attempted by SHREYAA ENTERPRISES)
[2026-03-03 22:24:29] [WARNING] [DUPLICATE SKIPPED] 'AJ HOSPITAL' (owned by SHREYAA ENTERPRISES, attempted by SHREYAA ENTERPRISES)
[2026-03-03 22:24:29] [WARNING] [DUPLICATE SKIPPED] 'A.KANNAN' (owned by SHREYAA ENTERPRISES, attempted by SHREYAA ENTERPRISES)
[2026-03-03 22:24:29] [WARNING] [DUPLICATE SKIPPED] 'AKASH CONSTRUCTIONS' (owned by SHREYAA ENTERPRISES, attempted by SHREYAA ENTERPRISES)
[2026-03-03 22:24:29] [WARNING] [DUPLICATE SKIPPED] 'A.K.Enter Prises' (owned by SHREYAA ENTERPRISES, attempted by SHREYAA ENTERPRISES)
[2026-03-03 22:24:29] [WARNING] [DUPLICATE SKIPPED] 'ALAGERSAMY' (owned by SHREYAA ENTERPRISES, attempted by SHREYAA ENTERPRISES)
[2026-03-03 22:24:29] [WARNING] [DUPLICATE SKIPPED] 'Alagumalayan' (owned by SHREYAA ENTERPRISES, attempted by SHREYAA ENTERPRISES)
[2026-03-03 22:24:29] [WARNING] [DUPLICATE SKIPPED] 'Amaravathy Trailors' (owned by SHREYAA ENTERPRISES, attempted by SHREYAA ENTERPRISES)
[2026-03-03 22:24:29] [WARNING] [DUPLICATE SKIPPED] 'AMMAN EARTH MOVERS' (owned by SHREYAA ENTERPRISES, attempted by SHREYAA ENTERPRISES)
[2026-03-03 22:24:29] [WARNING] [DUPLICATE SKIPPED] 'AMR WELDING' (owned by SHREYAA ENTERPRISES, attempted by SHREYAA ENTERPRISES)
[2026-03-03 22:24:29] [WARNING] [DUPLICATE SKIPPED] 'AMUTHAN REFRIGRATION, MADURAI' (owned by SHREYAA ENTERPRISES, attempted by SHREYAA ENTERPRISES)
[2026-03-03 22:24:29] [WARNING] [DUPLICATE SKIPPED] 'Andal Welding Works' (owned by SHREYAA ENTERPRISES, attempted by SHREYAA ENTERPRISES)
[2026-03-03 22:24:29] [WARNING] [DUPLICATE SKIPPED] 'ANGALA ESWARI COMPONENTS' (owned by SHREYAA ENTERPRISES, attempted by SHREYAA ENTERPRISES)
[2026-03-03 22:24:29] [WARNING] [DUPLICATE SKIPPED] 'ANKIT RASTOGI, HYDERABAD' (owned by SHREYAA ENTERPRISES, attempted by SHREYAA ENTERPRISES)
[2026-03-03 22:24:29] [WARNING] [DUPLICATE SKIPPED] 'Annai Ambulance' (owned by SHREYAA ENTERPRISES, attempted by SHREYAA ENTERPRISES)
[2026-03-03 22:24:29] [WARNING] [DUPLICATE SKIPPED] 'ANTHONY RAJ.K' (owned by SHREYAA ENTERPRISES, attempted by SHREYAA ENTERPRISES)
[2026-03-03 22:24:29] [WARNING] [DUPLICATE SKIPPED] 'ARAVIND AROKKIYA SAMY' (owned by SHREYAA ENTERPRISES, attempted by SHREYAA ENTERPRISES)
[2026-03-03 22:24:29] [WARNING] [DUPLICATE SKIPPED] 'ARJUN DHALL MILL' (owned by SHREYAA ENTERPRISES, attempted by SHREYAA ENTERPRISES)
[2026-03-03 22:24:29] [WARNING] [DUPLICATE SKIPPED] 'A R METALS' (owned by SHREYAA ENTERPRISES, attempted by SHREYAA ENTERPRISES)
[2026-03-03 22:24:29] [WARNING] [DUPLICATE SKIPPED] 'ARUMUGAM (PATIENT)' (owned by SHREYAA ENTERPRISES, attempted by SHREYAA ENTERPRISES)
[2026-03-03 22:24:29] [WARNING] [DUPLICATE SKIPPED] 'ARUMUGAM S. KANNAN' (owned by SHREYAA ENTERPRISES, attempted by SHREYAA ENTERPRISES)
[2026-03-03 22:24:29] [WARNING] [DUPLICATE SKIPPED] 'Arunachalam Lathe' (owned by SHREYAA ENTERPRISES, attempted by SHREYAA ENTERPRISES)
[2026-03-03 22:24:29] [WARNING] [DUPLICATE SKIPPED] 'AR WELDING' (owned by SHREYAA ENTERPRISES, attempted by SHREYAA ENTERPRISES)
[2026-03-03 22:24:29] [WARNING] [DUPLICATE SKIPPED] 'AS AMBULANCE' (owned by SHREYAA ENTERPRISES, attempted by SHREYAA ENTERPRISES)
[2026-03-03 22:24:29] [WARNING] [DUPLICATE SKIPPED] 'ASHOK IRON SHOP' (owned by SHREYAA ENTERPRISES, attempted by SHREYAA ENTERPRISES)
[2026-03-03 22:24:29] [WARNING] [DUPLICATE SKIPPED] 'ASKS BLUE METAL' (owned by SHREYAA ENTERPRISES, attempted by SHREYAA ENTERPRISES)
[2026-03-03 22:24:29] [WARNING] [DUPLICATE SKIPPED] 'BALAGURU SAMY' (owned by SHREYAA ENTERPRISES, attempted by SHREYAA ENTERPRISES)
[2026-03-03 22:24:29] [WARNING] [DUPLICATE SKIPPED] 'BALASUBRAMANIAN FUELS' (owned by SHREYAA ENTERPRISES, attempted by SHREYAA ENTERPRISES)
[2026-03-03 22:24:29] [WARNING] [DUPLICATE SKIPPED] 'BHARATH BRICKS' (owned by SHREYAA ENTERPRISES, attempted by SHREYAA ENTERPRISES)
[2026-03-03 22:24:29] [WARNING] [DUPLICATE SKIPPED] 'BHARATH BRICKS-8525941023' (owned by SHREYAA ENTERPRISES, attempted by SHREYAA ENTERPRISES)
[2026-03-03 22:24:29] [WARNING] [DUPLICATE SKIPPED] 'B.KARTHIK  KUMAR' (owned by SHREYAA ENTERPRISES, attempted by SHREYAA ENTERPRISES)
[2026-03-03 22:24:29] [WARNING] [DUPLICATE SKIPPED] 'Bms Blue Metal' (owned by SHREYAA ENTERPRISES, attempted by SHREYAA ENTERPRISES)
[2026-03-03 22:24:29] [WARNING] [DUPLICATE SKIPPED] 'CDR&CO' (owned by SHREYAA ENTERPRISES, attempted by SHREYAA ENTERPRISES)
[2026-03-03 22:24:29] [WARNING] [DUPLICATE SKIPPED] 'CENMARK IRRIGATION' (owned by SHREYAA ENTERPRISES, attempted by SHREYAA ENTERPRISES)
[2026-03-03 22:24:29] [WARNING] [DUPLICATE SKIPPED] 'CERAMIC PRO MADURAI' (owned by SHREYAA ENTERPRISES, attempted by SHREYAA ENTERPRISES)
[2026-03-03 22:24:29] [WARNING] [DUPLICATE SKIPPED] 'CHAIRMAN SNACKS' (owned by SHREYAA ENTERPRISES, attempted by SHREYAA ENTERPRISES)
[2026-03-03 22:24:29] [WARNING] [DUPLICATE SKIPPED] 'CHALLENGE COLOURS-Usilampatti' (owned by SHREYAA ENTERPRISES, attempted by SHREYAA ENTERPRISES)
[2026-03-03 22:24:29] [WARNING] [DUPLICATE SKIPPED] 'Chandran Welding Works' (owned by SHREYAA ENTERPRISES, attempted by SHREYAA ENTERPRISES)
[2026-03-03 22:24:29] [WARNING] [DUPLICATE SKIPPED] 'CHEELAPANDI' (owned by SHREYAA ENTERPRISES, attempted by SHREYAA ENTERPRISES)
[2026-03-03 22:24:29] [WARNING] [DUPLICATE SKIPPED] 'CHELLAPPA, MADURAI' (owned by SHREYAA ENTERPRISES, attempted by SHREYAA ENTERPRISES)
[2026-03-03 22:24:29] [WARNING] [DUPLICATE SKIPPED] 'CHENNAI STEELS' (owned by SHREYAA ENTERPRISES, attempted by SHREYAA ENTERPRISES)
[2026-03-03 22:24:29] [WARNING] [DUPLICATE SKIPPED] 'CHOKKAN PALANI VILAS' (owned by SHREYAA ENTERPRISES, attempted by SHREYAA ENTERPRISES)
[2026-03-03 22:24:29] [WARNING] [DUPLICATE SKIPPED] 'CLASSIC ROCKS' (owned by SHREYAA ENTERPRISES, attempted by SHREYAA ENTERPRISES)
[2026-03-03 22:24:29] [WARNING] [DUPLICATE SKIPPED] 'CMS BLUE METAL' (owned by SHREYAA ENTERPRISES, attempted by SHREYAA ENTERPRISES)
[2026-03-03 22:24:29] [WARNING] [DUPLICATE SKIPPED] 'COLOUMBS INDUSTRIES , SUNGURAMPATTI' (owned by SHREYAA ENTERPRISES, attempted by SHREYAA ENTERPRISES)
[2026-03-03 22:24:29] [WARNING] [DUPLICATE SKIPPED] 'DEBTOR DIFFERENT' (owned by SHREYAA ENTERPRISES, attempted by SHREYAA ENTERPRISES)
[2026-03-03 22:24:29] [WARNING] [DUPLICATE SKIPPED] 'DEPOIST-ABISHEK KUMAR' (owned by SHREYAA ENTERPRISES, attempted by SHREYAA ENTERPRISES)
[2026-03-03 22:24:29] [WARNING] [DUPLICATE SKIPPED] 'DEPOIST. SRI KRISHNA WELDDING' (owned by SHREYAA ENTERPRISES, attempted by SHREYAA ENTERPRISES)
[2026-03-03 22:24:29] [WARNING] [DUPLICATE SKIPPED] 'DEPOSIT.ALAGAR SAMY' (owned by SHREYAA ENTERPRISES, attempted by SHREYAA ENTERPRISES)
[2026-03-03 22:24:29] [WARNING] [DUPLICATE SKIPPED] 'DEVA TECH' (owned by SHREYAA ENTERPRISES, attempted by SHREYAA ENTERPRISES)
[2026-03-03 22:24:29] [WARNING] [DUPLICATE SKIPPED] 'DHIYA SRI AMBULANCE, THIRUPPUVANAM' (owned by SHREYAA ENTERPRISES, attempted by SHREYAA ENTERPRISES)
[2026-03-03 22:24:29] [WARNING] [DUPLICATE SKIPPED] 'DINESH - THALLAKULAM' (owned by SHREYAA ENTERPRISES, attempted by SHREYAA ENTERPRISES)
[2026-03-03 22:24:29] [WARNING] [DUPLICATE SKIPPED] 'Dk Blue Metal' (owned by SHREYAA ENTERPRISES, attempted by SHREYAA ENTERPRISES)
[2026-03-03 22:24:29] [WARNING] [DUPLICATE SKIPPED] 'DR.PATEN RAJA' (owned by SHREYAA ENTERPRISES, attempted by SHREYAA ENTERPRISES)
[2026-03-03 22:24:29] [WARNING] [DUPLICATE SKIPPED] 'DR.RAMA SUBRAMANIAN' (owned by SHREYAA ENTERPRISES, attempted by SHREYAA ENTERPRISES)
[2026-03-03 22:24:29] [WARNING] [DUPLICATE SKIPPED] 'DR.SRINIVASAN' (owned by SHREYAA ENTERPRISES, attempted by SHREYAA ENTERPRISES)
[2026-03-03 22:24:29] [WARNING] [DUPLICATE SKIPPED] 'DURAI PANDI SAMY' (owned by SHREYAA ENTERPRISES, attempted by SHREYAA ENTERPRISES)
[2026-03-03 22:24:29] [WARNING] [DUPLICATE SKIPPED] 'ENTHU NADAR KARIYAOATTI' (owned by SHREYAA ENTERPRISES, attempted by SHREYAA ENTERPRISES)
[2026-03-03 22:24:29] [WARNING] [DUPLICATE SKIPPED] 'EVERSILVER AND METAL BROKEN LATH' (owned by SHREYAA ENTERPRISES, attempted by SHREYAA ENTERPRISES)
[2026-03-03 22:24:29] [WARNING] [DUPLICATE SKIPPED] 'GAMETE CELLS SCIENCE HEALTH CARE PVT LTD' (owned by SHREYAA ENTERPRISES, attempted by SHREYAA ENTERPRISES)
[2026-03-03 22:24:29] [WARNING] [DUPLICATE SKIPPED] 'Ganesan Lathe' (owned by SHREYAA ENTERPRISES, attempted by SHREYAA ENTERPRISES)
[2026-03-03 22:24:29] [WARNING] [DUPLICATE SKIPPED] 'Gene Art Bank' (owned by SHREYAA ENTERPRISES, attempted by SHREYAA ENTERPRISES)
[2026-03-03 22:24:29] [WARNING] [DUPLICATE SKIPPED] 'GNANAM METAL' (owned by SHREYAA ENTERPRISES, attempted by SHREYAA ENTERPRISES)
[2026-03-03 22:24:29] [WARNING] [DUPLICATE SKIPPED] 'GOLDEN TRADERS' (owned by SHREYAA ENTERPRISES, attempted by SHREYAA ENTERPRISES)
[2026-03-03 22:24:29] [WARNING] [DUPLICATE SKIPPED] 'GOODWILL STEELS' (owned by SHREYAA ENTERPRISES, attempted by SHREYAA ENTERPRISES)
[2026-03-03 22:24:29] [WARNING] [DUPLICATE SKIPPED] 'GOWERI HARI RAM' (owned by SHREYAA ENTERPRISES, attempted by SHREYAA ENTERPRISES)
[2026-03-03 22:24:29] [WARNING] [DUPLICATE SKIPPED] 'GOWTHAM CLINIC' (owned by SHREYAA ENTERPRISES, attempted by SHREYAA ENTERPRISES)
[2026-03-03 22:24:29] [WARNING] [DUPLICATE SKIPPED] 'G.PANDIYARAJ' (owned by SHREYAA ENTERPRISES, attempted by SHREYAA ENTERPRISES)
[2026-03-03 22:24:29] [WARNING] [DUPLICATE SKIPPED] 'GTN WELDING WORK' (owned by SHREYAA ENTERPRISES, attempted by SHREYAA ENTERPRISES)
[2026-03-03 22:24:29] [WARNING] [DUPLICATE SKIPPED] 'GUDLYE MOBITY P LTD' (owned by SHREYAA ENTERPRISES, attempted by SHREYAA ENTERPRISES)
[2026-03-03 22:24:29] [WARNING] [DUPLICATE SKIPPED] 'GUNASEKARAN' (owned by SHREYAA ENTERPRISES, attempted by SHREYAA ENTERPRISES)
[2026-03-03 22:24:29] [WARNING] [DUPLICATE SKIPPED] 'Guru Pradeep - Svk' (owned by SHREYAA ENTERPRISES, attempted by SHREYAA ENTERPRISES)
[2026-03-03 22:24:29] [WARNING] [DUPLICATE SKIPPED] 'Gv Tnfira' (owned by SHREYAA ENTERPRISES, attempted by SHREYAA ENTERPRISES)
[2026-03-03 22:24:29] [WARNING] [DUPLICATE SKIPPED] 'G.V. TRADERS' (owned by SHREYAA ENTERPRISES, attempted by SHREYAA ENTERPRISES)
[2026-03-03 22:24:29] [WARNING] [DUPLICATE SKIPPED] 'HAPPY FIN AQUA' (owned by SHREYAA ENTERPRISES, attempted by SHREYAA ENTERPRISES)
[2026-03-03 22:24:29] [WARNING] [DUPLICATE SKIPPED] 'HARINISRI COLOURS-AANDIPATTI' (owned by SHREYAA ENTERPRISES, attempted by SHREYAA ENTERPRISES)
[2026-03-03 22:24:29] [WARNING] [DUPLICATE SKIPPED] 'HI-TECH STEELS' (owned by SHREYAA ENTERPRISES, attempted by SHREYAA ENTERPRISES)
[2026-03-03 22:24:29] [WARNING] [DUPLICATE SKIPPED] 'HS Gas Agency' (owned by SHREYAA ENTERPRISES, attempted by SHREYAA ENTERPRISES)
[2026-03-03 22:24:29] [WARNING] [DUPLICATE SKIPPED] 'ILAYAYA RAJA, SELLUR' (owned by SHREYAA ENTERPRISES, attempted by SHREYAA ENTERPRISES)
[2026-03-03 22:24:29] [WARNING] [DUPLICATE SKIPPED] 'IMRAN STEEL' (owned by SHREYAA ENTERPRISES, attempted by SHREYAA ENTERPRISES)
[2026-03-03 22:24:29] [WARNING] [DUPLICATE SKIPPED] 'Indira Gas Agency' (owned by SHREYAA ENTERPRISES, attempted by SHREYAA ENTERPRISES)
[2026-03-03 22:24:29] [WARNING] [DUPLICATE SKIPPED] 'INEEYA STEEL' (owned by SHREYAA ENTERPRISES, attempted by SHREYAA ENTERPRISES)
[2026-03-03 22:24:29] [WARNING] [DUPLICATE SKIPPED] 'JACOB' (owned by SHREYAA ENTERPRISES, attempted by SHREYAA ENTERPRISES)
[2026-03-03 22:24:29] [WARNING] [DUPLICATE SKIPPED] 'JACOP' (owned by SHREYAA ENTERPRISES, attempted by SHREYAA ENTERPRISES)
[2026-03-03 22:24:29] [WARNING] [DUPLICATE SKIPPED] 'JALAMAN' (owned by SHREYAA ENTERPRISES, attempted by SHREYAA ENTERPRISES)
[2026-03-03 22:24:29] [WARNING] [DUPLICATE SKIPPED] 'JASMINE BLUE METAL' (owned by SHREYAA ENTERPRISES, attempted by SHREYAA ENTERPRISES)
[2026-03-03 22:24:29] [WARNING] [DUPLICATE SKIPPED] 'JAVED HUSSAIN' (owned by SHREYAA ENTERPRISES, attempted by SHREYAA ENTERPRISES)
[2026-03-03 22:24:29] [WARNING] [DUPLICATE SKIPPED] 'JAWAHAR HOSPITAL - Peraiyur' (owned by SHREYAA ENTERPRISES, attempted by SHREYAA ENTERPRISES)
[2026-03-03 22:24:29] [WARNING] [DUPLICATE SKIPPED] 'JEGADISH ADVERTISING' (owned by SHREYAA ENTERPRISES, attempted by SHREYAA ENTERPRISES)
[2026-03-03 22:24:29] [WARNING] [DUPLICATE SKIPPED] 'JEGA STEELS INDUSTRIAL' (owned by SHREYAA ENTERPRISES, attempted by SHREYAA ENTERPRISES)
[2026-03-03 22:24:29] [WARNING] [DUPLICATE SKIPPED] 'JEYA CHANDIRAN' (owned by SHREYAA ENTERPRISES, attempted by SHREYAA ENTERPRISES)
[2026-03-03 22:24:29] [WARNING] [DUPLICATE SKIPPED] 'JEYAM BLUE METAL' (owned by SHREYAA ENTERPRISES, attempted by SHREYAA ENTERPRISES)
[2026-03-03 22:24:29] [WARNING] [DUPLICATE SKIPPED] 'JEYAM BLUE METAL - KACHAKATTI' (owned by SHREYAA ENTERPRISES, attempted by SHREYAA ENTERPRISES)
[2026-03-03 22:24:29] [WARNING] [DUPLICATE SKIPPED] 'JEYAMEENKSHI STEEL' (owned by SHREYAA ENTERPRISES, attempted by SHREYAA ENTERPRISES)
[2026-03-03 22:24:29] [WARNING] [DUPLICATE SKIPPED] 'JEYAM TRACTOR WORKS' (owned by SHREYAA ENTERPRISES, attempted by SHREYAA ENTERPRISES)
[2026-03-03 22:24:29] [WARNING] [DUPLICATE SKIPPED] 'J J  EARTH MOVERS' (owned by SHREYAA ENTERPRISES, attempted by SHREYAA ENTERPRISES)
[2026-03-03 22:24:29] [WARNING] [DUPLICATE SKIPPED] 'JKANS HOTEL, MADURAI' (owned by SHREYAA ENTERPRISES, attempted by SHREYAA ENTERPRISES)
[2026-03-03 22:24:29] [WARNING] [DUPLICATE SKIPPED] 'JK TRADERS' (owned by SHREYAA ENTERPRISES, attempted by SHREYAA ENTERPRISES)
[2026-03-03 22:24:29] [WARNING] [DUPLICATE SKIPPED] 'J.M.BLUE METAL' (owned by SHREYAA ENTERPRISES, attempted by SHREYAA ENTERPRISES)
[2026-03-03 22:24:29] [WARNING] [DUPLICATE SKIPPED] 'Jum Jum Traders' (owned by SHREYAA ENTERPRISES, attempted by SHREYAA ENTERPRISES)
[2026-03-03 22:24:29] [WARNING] [DUPLICATE SKIPPED] 'KADASARI AUTOMOBILES' (owned by SHREYAA ENTERPRISES, attempted by SHREYAA ENTERPRISES)
[2026-03-03 22:24:29] [WARNING] [DUPLICATE SKIPPED] 'KALIDASSAN' (owned by SHREYAA ENTERPRISES, attempted by SHREYAA ENTERPRISES)
[2026-03-03 22:24:29] [WARNING] [DUPLICATE SKIPPED] 'Kamatchi  Agencies' (owned by SHREYAA ENTERPRISES, attempted by SHREYAA ENTERPRISES)
[2026-03-03 22:24:29] [WARNING] [DUPLICATE SKIPPED] 'KANNALAGAN TREDERS .PARAVAI' (owned by SHREYAA ENTERPRISES, attempted by SHREYAA ENTERPRISES)
[2026-03-03 22:24:29] [WARNING] [DUPLICATE SKIPPED] 'Karal Welding' (owned by SHREYAA ENTERPRISES, attempted by SHREYAA ENTERPRISES)
[2026-03-03 22:24:29] [WARNING] [DUPLICATE SKIPPED] 'KARPAGA VINAYAGAR ENGINEERING WORK' (owned by SHREYAA ENTERPRISES, attempted by SHREYAA ENTERPRISES)
[2026-03-03 22:24:29] [WARNING] [DUPLICATE SKIPPED] 'KARTHICK BLUE METAL' (owned by SHREYAA ENTERPRISES, attempted by SHREYAA ENTERPRISES)
[2026-03-03 22:24:29] [WARNING] [DUPLICATE SKIPPED] 'KARTHICK MEDICAL CENTER' (owned by SHREYAA ENTERPRISES, attempted by SHREYAA ENTERPRISES)
[2026-03-03 22:24:29] [WARNING] [DUPLICATE SKIPPED] 'KEREN MATRIC HIGH SCHOOL' (owned by SHREYAA ENTERPRISES, attempted by SHREYAA ENTERPRISES)
[2026-03-03 22:24:29] [WARNING] [DUPLICATE SKIPPED] 'KESAVAN (Contractor)' (owned by SHREYAA ENTERPRISES, attempted by SHREYAA ENTERPRISES)
[2026-03-03 22:24:29] [WARNING] [DUPLICATE SKIPPED] 'K.K. Engineering, Madurai' (owned by SHREYAA ENTERPRISES, attempted by SHREYAA ENTERPRISES)
[2026-03-03 22:24:29] [WARNING] [DUPLICATE SKIPPED] 'KPS AMBULANCE' (owned by SHREYAA ENTERPRISES, attempted by SHREYAA ENTERPRISES)
[2026-03-03 22:24:29] [WARNING] [DUPLICATE SKIPPED] 'K.R. RAJA, PARAMAKUDI' (owned by SHREYAA ENTERPRISES, attempted by SHREYAA ENTERPRISES)
[2026-03-03 22:24:29] [WARNING] [DUPLICATE SKIPPED] 'KS THANVANTH EARTH MOVERS' (owned by SHREYAA ENTERPRISES, attempted by SHREYAA ENTERPRISES)
[2026-03-03 22:24:29] [WARNING] [DUPLICATE SKIPPED] 'LAKSHMANA IRON SHOP' (owned by SHREYAA ENTERPRISES, attempted by SHREYAA ENTERPRISES)
[2026-03-03 22:24:29] [WARNING] [DUPLICATE SKIPPED] 'LAKSHMI DEVI' (owned by SHREYAA ENTERPRISES, attempted by SHREYAA ENTERPRISES)
[2026-03-03 22:24:29] [WARNING] [DUPLICATE SKIPPED] 'LDC' (owned by SHREYAA ENTERPRISES, attempted by SHREYAA ENTERPRISES)
[2026-03-03 22:24:29] [WARNING] [DUPLICATE SKIPPED] 'Lucky Cool Drinks' (owned by SHREYAA ENTERPRISES, attempted by SHREYAA ENTERPRISES)
[2026-03-03 22:24:29] [WARNING] [DUPLICATE SKIPPED] 'MADHU SHANKAR' (owned by SHREYAA ENTERPRISES, attempted by SHREYAA ENTERPRISES)
[2026-03-03 22:24:29] [WARNING] [DUPLICATE SKIPPED] 'MADURAI OXYGEN' (owned by SHREYAA ENTERPRISES, attempted by SHREYAA ENTERPRISES)
[2026-03-03 22:24:29] [WARNING] [DUPLICATE SKIPPED] 'MADURAI REFRIGERATION SERVICE' (owned by SHREYAA ENTERPRISES, attempted by SHREYAA ENTERPRISES)
[2026-03-03 22:24:29] [WARNING] [DUPLICATE SKIPPED] 'Maha Ganapathi Engineering Works' (owned by SHREYAA ENTERPRISES, attempted by SHREYAA ENTERPRISES)
[2026-03-03 22:24:29] [WARNING] [DUPLICATE SKIPPED] 'Mahalingam iron shop' (owned by SHREYAA ENTERPRISES, attempted by SHREYAA ENTERPRISES)
[2026-03-03 22:24:29] [WARNING] [DUPLICATE SKIPPED] 'MAHANICK' (owned by SHREYAA ENTERPRISES, attempted by SHREYAA ENTERPRISES)
[2026-03-03 22:24:29] [WARNING] [DUPLICATE SKIPPED] 'Maharaja Agencies - Othakadai' (owned by SHREYAA ENTERPRISES, attempted by SHREYAA ENTERPRISES)
[2026-03-03 22:24:29] [WARNING] [DUPLICATE SKIPPED] 'MAHENDAR, NATTARMANGALAM' (owned by SHREYAA ENTERPRISES, attempted by SHREYAA ENTERPRISES)
[2026-03-03 22:24:29] [WARNING] [DUPLICATE SKIPPED] 'MAHI TREDERS' (owned by SHREYAA ENTERPRISES, attempted by SHREYAA ENTERPRISES)
[2026-03-03 22:24:29] [WARNING] [DUPLICATE SKIPPED] 'Malliga Infira' (owned by SHREYAA ENTERPRISES, attempted by SHREYAA ENTERPRISES)
[2026-03-03 22:24:29] [WARNING] [DUPLICATE SKIPPED] 'Mani's Steels' (owned by SHREYAA ENTERPRISES, attempted by SHREYAA ENTERPRISES)
[2026-03-03 22:24:29] [WARNING] [DUPLICATE SKIPPED] 'Manikandan' (owned by SHREYAA ENTERPRISES, attempted by SHREYAA ENTERPRISES)
[2026-03-03 22:24:29] [WARNING] [DUPLICATE SKIPPED] 'MANIKKA PRAKASH' (owned by SHREYAA ENTERPRISES, attempted by SHREYAA ENTERPRISES)
[2026-03-03 22:24:29] [WARNING] [DUPLICATE SKIPPED] 'MARIMUTHU SILVER PATTARAI' (owned by SHREYAA ENTERPRISES, attempted by SHREYAA ENTERPRISES)
[2026-03-03 22:24:29] [WARNING] [DUPLICATE SKIPPED] 'MARIYAPPAN SILVER WORKSHOP' (owned by SHREYAA ENTERPRISES, attempted by SHREYAA ENTERPRISES)
[2026-03-03 22:24:29] [WARNING] [DUPLICATE SKIPPED] 'MARUDHU WELDING WORKS' (owned by SHREYAA ENTERPRISES, attempted by SHREYAA ENTERPRISES)
[2026-03-03 22:24:29] [WARNING] [DUPLICATE SKIPPED] 'M.DURAI PANDI' (owned by SHREYAA ENTERPRISES, attempted by SHREYAA ENTERPRISES)
[2026-03-03 22:24:29] [WARNING] [DUPLICATE SKIPPED] 'MENAKA MILLS PRIVATE LIMITED' (owned by SHREYAA ENTERPRISES, attempted by SHREYAA ENTERPRISES)
[2026-03-03 22:24:29] [WARNING] [DUPLICATE SKIPPED] 'Meracle Scans, Ramnad' (owned by SHREYAA ENTERPRISES, attempted by SHREYAA ENTERPRISES)
[2026-03-03 22:24:29] [WARNING] [DUPLICATE SKIPPED] 'MKM ANNAMAYIL BLUE METAL' (owned by SHREYAA ENTERPRISES, attempted by SHREYAA ENTERPRISES)
[2026-03-03 22:24:29] [WARNING] [DUPLICATE SKIPPED] 'MK SWAMY BLUE METAL' (owned by SHREYAA ENTERPRISES, attempted by SHREYAA ENTERPRISES)
[2026-03-03 22:24:29] [WARNING] [DUPLICATE SKIPPED] 'MOBILE BAZAAR' (owned by SHREYAA ENTERPRISES, attempted by SHREYAA ENTERPRISES)
[2026-03-03 22:24:29] [WARNING] [DUPLICATE SKIPPED] 'MOHAN(AVANIYA PURAM)' (owned by SHREYAA ENTERPRISES, attempted by SHREYAA ENTERPRISES)
[2026-03-03 22:24:29] [WARNING] [DUPLICATE SKIPPED] 'Moni's Events' (owned by SHREYAA ENTERPRISES, attempted by SHREYAA ENTERPRISES)
[2026-03-03 22:24:29] [WARNING] [DUPLICATE SKIPPED] 'MOTHER CARE' (owned by SHREYAA ENTERPRISES, attempted by SHREYAA ENTERPRISES)
[2026-03-03 22:24:29] [WARNING] [DUPLICATE SKIPPED] 'M R AMBULANCE' (owned by SHREYAA ENTERPRISES, attempted by SHREYAA ENTERPRISES)
[2026-03-03 22:24:29] [WARNING] [DUPLICATE SKIPPED] 'MR.PANDIYARAJAN' (owned by SHREYAA ENTERPRISES, attempted by SHREYAA ENTERPRISES)
[2026-03-03 22:24:29] [WARNING] [DUPLICATE SKIPPED] 'MR.RATHINAM' (owned by SHREYAA ENTERPRISES, attempted by SHREYAA ENTERPRISES)
[2026-03-03 22:24:29] [WARNING] [DUPLICATE SKIPPED] 'MR.SUTHAKAR' (owned by SHREYAA ENTERPRISES, attempted by SHREYAA ENTERPRISES)
[2026-03-03 22:24:29] [WARNING] [DUPLICATE SKIPPED] 'MSK CONSTRUSAN' (owned by SHREYAA ENTERPRISES, attempted by SHREYAA ENTERPRISES)
[2026-03-03 22:24:29] [WARNING] [DUPLICATE SKIPPED] 'M.S.LASER DESIGN WORKS' (owned by SHREYAA ENTERPRISES, attempted by SHREYAA ENTERPRISES)
[2026-03-03 22:24:29] [WARNING] [DUPLICATE SKIPPED] 'Mugilavan - Tiruppuvanam' (owned by SHREYAA ENTERPRISES, attempted by SHREYAA ENTERPRISES)
[2026-03-03 22:24:29] [WARNING] [DUPLICATE SKIPPED] 'Murali Manokaran' (owned by SHREYAA ENTERPRISES, attempted by SHREYAA ENTERPRISES)
[2026-03-03 22:24:29] [WARNING] [DUPLICATE SKIPPED] 'MURUGAN IRON SHOP' (owned by SHREYAA ENTERPRISES, attempted by SHREYAA ENTERPRISES)
[2026-03-03 22:24:29] [WARNING] [DUPLICATE SKIPPED] 'Murugesan Iron Shop Paramakudi' (owned by SHREYAA ENTERPRISES, attempted by SHREYAA ENTERPRISES)
[2026-03-03 22:24:29] [WARNING] [DUPLICATE SKIPPED] 'MUTHUKUMAR-TMM' (owned by SHREYAA ENTERPRISES, attempted by SHREYAA ENTERPRISES)
[2026-03-03 22:24:29] [WARNING] [DUPLICATE SKIPPED] 'MVC Kumar' (owned by SHREYAA ENTERPRISES, attempted by SHREYAA ENTERPRISES)
[2026-03-03 22:24:29] [WARNING] [DUPLICATE SKIPPED] 'M.VIJAYAN' (owned by SHREYAA ENTERPRISES, attempted by SHREYAA ENTERPRISES)
[2026-03-03 22:24:29] [WARNING] [DUPLICATE SKIPPED] 'MV READYMIX PLANT' (owned by SHREYAA ENTERPRISES, attempted by SHREYAA ENTERPRISES)
[2026-03-03 22:24:29] [WARNING] [DUPLICATE SKIPPED] 'Nannappa Mughamadu' (owned by SHREYAA ENTERPRISES, attempted by SHREYAA ENTERPRISES)
[2026-03-03 22:24:29] [WARNING] [DUPLICATE SKIPPED] 'Nanthini Steel' (owned by SHREYAA ENTERPRISES, attempted by SHREYAA ENTERPRISES)
[2026-03-03 22:24:29] [WARNING] [DUPLICATE SKIPPED] 'Navaneethan' (owned by SHREYAA ENTERPRISES, attempted by SHREYAA ENTERPRISES)
[2026-03-03 22:24:29] [WARNING] [DUPLICATE SKIPPED] 'NAVEEEN TECH' (owned by SHREYAA ENTERPRISES, attempted by SHREYAA ENTERPRISES)
[2026-03-03 22:24:29] [WARNING] [DUPLICATE SKIPPED] 'Nethaji Ambulance' (owned by SHREYAA ENTERPRISES, attempted by SHREYAA ENTERPRISES)
[2026-03-03 22:24:29] [WARNING] [DUPLICATE SKIPPED] 'New Bharath Trailers & Farm Equipments' (owned by SHREYAA ENTERPRISES, attempted by SHREYAA ENTERPRISES)
[2026-03-03 22:24:29] [WARNING] [DUPLICATE SKIPPED] 'New India Steel' (owned by SHREYAA ENTERPRISES, attempted by SHREYAA ENTERPRISES)
[2026-03-03 22:24:29] [WARNING] [DUPLICATE SKIPPED] 'NEW MADHA' (owned by SHREYAA ENTERPRISES, attempted by SHREYAA ENTERPRISES)
[2026-03-03 22:24:29] [WARNING] [DUPLICATE SKIPPED] 'NOOR BHAI' (owned by SHREYAA ENTERPRISES, attempted by SHREYAA ENTERPRISES)
[2026-03-03 22:24:29] [WARNING] [DUPLICATE SKIPPED] 'N. R TRADERS' (owned by SHREYAA ENTERPRISES, attempted by SHREYAA ENTERPRISES)
[2026-03-03 22:24:29] [WARNING] [DUPLICATE SKIPPED] 'N.SUBBURAJ' (owned by SHREYAA ENTERPRISES, attempted by SHREYAA ENTERPRISES)
[2026-03-03 22:24:29] [WARNING] [DUPLICATE SKIPPED] 'OM MURUGA AGENCIES' (owned by SHREYAA ENTERPRISES, attempted by SHREYAA ENTERPRISES)
[2026-03-03 22:24:29] [WARNING] [DUPLICATE SKIPPED] 'OSR FISH COMMISSION SHOP' (owned by SHREYAA ENTERPRISES, attempted by SHREYAA ENTERPRISES)
[2026-03-03 22:24:29] [WARNING] [DUPLICATE SKIPPED] 'PADMA SAGAYA ARAKKATTALAI' (owned by SHREYAA ENTERPRISES, attempted by SHREYAA ENTERPRISES)
[2026-03-03 22:24:29] [WARNING] [DUPLICATE SKIPPED] 'PAMIR TUBES' (owned by SHREYAA ENTERPRISES, attempted by SHREYAA ENTERPRISES)
[2026-03-03 22:24:29] [WARNING] [DUPLICATE SKIPPED] 'PARAMASHIVAM ( TEA )' (owned by SHREYAA ENTERPRISES, attempted by SHREYAA ENTERPRISES)
[2026-03-03 22:24:29] [WARNING] [DUPLICATE SKIPPED] 'PASUMPON' (owned by SHREYAA ENTERPRISES, attempted by SHREYAA ENTERPRISES)
[2026-03-03 22:24:29] [WARNING] [DUPLICATE SKIPPED] 'PBM RAJA TRADERS' (owned by SHREYAA ENTERPRISES, attempted by SHREYAA ENTERPRISES)
[2026-03-03 22:24:29] [WARNING] [DUPLICATE SKIPPED] 'Pechiyamman Body Building' (owned by SHREYAA ENTERPRISES, attempted by SHREYAA ENTERPRISES)
[2026-03-03 22:24:29] [WARNING] [DUPLICATE SKIPPED] 'PITCHAI LATHE WORK' (owned by SHREYAA ENTERPRISES, attempted by SHREYAA ENTERPRISES)
[2026-03-03 22:24:29] [WARNING] [DUPLICATE SKIPPED] 'P. MANI' (owned by SHREYAA ENTERPRISES, attempted by SHREYAA ENTERPRISES)
[2026-03-03 22:24:29] [WARNING] [DUPLICATE SKIPPED] 'Pms Blue Metal' (owned by SHREYAA ENTERPRISES, attempted by SHREYAA ENTERPRISES)
[2026-03-03 22:24:29] [WARNING] [DUPLICATE SKIPPED] 'POONAMCHOWLA KTK' (owned by SHREYAA ENTERPRISES, attempted by SHREYAA ENTERPRISES)
[2026-03-03 22:24:29] [WARNING] [DUPLICATE SKIPPED] 'P.Pandiselvi' (owned by SHREYAA ENTERPRISES, attempted by SHREYAA ENTERPRISES)
[2026-03-03 22:24:29] [WARNING] [DUPLICATE SKIPPED] 'P.SASIKUMAR' (owned by SHREYAA ENTERPRISES, attempted by SHREYAA ENTERPRISES)
[2026-03-03 22:24:29] [WARNING] [DUPLICATE SKIPPED] 'P.VASIYAPPAN' (owned by SHREYAA ENTERPRISES, attempted by SHREYAA ENTERPRISES)
[2026-03-03 22:24:29] [WARNING] [DUPLICATE SKIPPED] 'RAGHAVENDRA FOODS' (owned by SHREYAA ENTERPRISES, attempted by SHREYAA ENTERPRISES)
[2026-03-03 22:24:29] [WARNING] [DUPLICATE SKIPPED] 'RAGURAM FOODS' (owned by SHREYAA ENTERPRISES, attempted by SHREYAA ENTERPRISES)
[2026-03-03 22:24:29] [WARNING] [DUPLICATE SKIPPED] 'RAHA ARTS TMM' (owned by SHREYAA ENTERPRISES, attempted by SHREYAA ENTERPRISES)
[2026-03-03 22:24:29] [WARNING] [DUPLICATE SKIPPED] 'Raja Esakkimuthu' (owned by SHREYAA ENTERPRISES, attempted by SHREYAA ENTERPRISES)
[2026-03-03 22:24:29] [WARNING] [DUPLICATE SKIPPED] 'Raja Mohammed' (owned by SHREYAA ENTERPRISES, attempted by SHREYAA ENTERPRISES)
[2026-03-03 22:24:29] [WARNING] [DUPLICATE SKIPPED] 'Raja Motors' (owned by SHREYAA ENTERPRISES, attempted by SHREYAA ENTERPRISES)
[2026-03-03 22:24:29] [WARNING] [DUPLICATE SKIPPED] 'RAJA U CLAMB, VILLANGUDI' (owned by SHREYAA ENTERPRISES, attempted by SHREYAA ENTERPRISES)
[2026-03-03 22:24:29] [WARNING] [DUPLICATE SKIPPED] 'RAJENDRAN' (owned by SHREYAA ENTERPRISES, attempted by SHREYAA ENTERPRISES)
[2026-03-03 22:24:29] [WARNING] [DUPLICATE SKIPPED] 'RAJESHKUMAR TRADERS' (owned by SHREYAA ENTERPRISES, attempted by SHREYAA ENTERPRISES)
[2026-03-03 22:24:29] [WARNING] [DUPLICATE SKIPPED] 'RAJKUMAR JOSPE ANTHONY THASAN' (owned by SHREYAA ENTERPRISES, attempted by SHREYAA ENTERPRISES)
[2026-03-03 22:24:29] [WARNING] [DUPLICATE SKIPPED] 'RAJMOHAN (GUVARI), ALAMPATTI' (owned by SHREYAA ENTERPRISES, attempted by SHREYAA ENTERPRISES)
[2026-03-03 22:24:29] [WARNING] [DUPLICATE SKIPPED] 'Ramanan SP' (owned by SHREYAA ENTERPRISES, attempted by SHREYAA ENTERPRISES)
[2026-03-03 22:24:29] [WARNING] [DUPLICATE SKIPPED] 'RAM JEEVAN, NATTARMANGALAM' (owned by SHREYAA ENTERPRISES, attempted by SHREYAA ENTERPRISES)
[2026-03-03 22:24:29] [WARNING] [DUPLICATE SKIPPED] 'Rani Store' (owned by SHREYAA ENTERPRISES, attempted by SHREYAA ENTERPRISES)
[2026-03-03 22:24:29] [WARNING] [DUPLICATE SKIPPED] 'RASIK OLD MOTOR PARTS' (owned by SHREYAA ENTERPRISES, attempted by SHREYAA ENTERPRISES)
[2026-03-03 22:24:29] [WARNING] [DUPLICATE SKIPPED] 'RA STEEL' (owned by SHREYAA ENTERPRISES, attempted by SHREYAA ENTERPRISES)
[2026-03-03 22:24:29] [WARNING] [DUPLICATE SKIPPED] 'Rathinavel tinger' (owned by SHREYAA ENTERPRISES, attempted by SHREYAA ENTERPRISES)
[2026-03-03 22:24:29] [WARNING] [DUPLICATE SKIPPED] 'RAVI TRAILOR' (owned by SHREYAA ENTERPRISES, attempted by SHREYAA ENTERPRISES)
[2026-03-03 22:24:29] [WARNING] [DUPLICATE SKIPPED] 'R. Ganesan, VNR' (owned by SHREYAA ENTERPRISES, attempted by SHREYAA ENTERPRISES)
[2026-03-03 22:24:29] [WARNING] [DUPLICATE SKIPPED] 'R.KANNAN TWO WHEELER TINKER WORK' (owned by SHREYAA ENTERPRISES, attempted by SHREYAA ENTERPRISES)
[2026-03-03 22:24:29] [WARNING] [DUPLICATE SKIPPED] 'R.K.SERVICES' (owned by SHREYAA ENTERPRISES, attempted by SHREYAA ENTERPRISES)
[2026-03-03 22:24:29] [WARNING] [DUPLICATE SKIPPED] 'RK TRAILERS' (owned by SHREYAA ENTERPRISES, attempted by SHREYAA ENTERPRISES)
[2026-03-03 22:24:29] [WARNING] [DUPLICATE SKIPPED] 'R. MOHAN, IYANKOTTAI' (owned by SHREYAA ENTERPRISES, attempted by SHREYAA ENTERPRISES)
[2026-03-03 22:24:29] [WARNING] [DUPLICATE SKIPPED] 'R.Paulpandi' (owned by SHREYAA ENTERPRISES, attempted by SHREYAA ENTERPRISES)
[2026-03-03 22:24:29] [WARNING] [DUPLICATE SKIPPED] 'R R LATHE WORKS' (owned by SHREYAA ENTERPRISES, attempted by SHREYAA ENTERPRISES)
[2026-03-03 22:24:29] [WARNING] [DUPLICATE SKIPPED] 'R.SARAVANAN' (owned by SHREYAA ENTERPRISES, attempted by SHREYAA ENTERPRISES)
[2026-03-03 22:24:29] [WARNING] [DUPLICATE SKIPPED] 'Rsk Stainless Steel' (owned by SHREYAA ENTERPRISES, attempted by SHREYAA ENTERPRISES)
[2026-03-03 22:24:29] [WARNING] [DUPLICATE SKIPPED] 'SAI ENTERPRISES' (owned by SHREYAA ENTERPRISES, attempted by SHREYAA ENTERPRISES)
[2026-03-03 22:24:29] [WARNING] [DUPLICATE SKIPPED] 'SAI PRAGATHI IRON WORK' (owned by SHREYAA ENTERPRISES, attempted by SHREYAA ENTERPRISES)
[2026-03-03 22:24:29] [WARNING] [DUPLICATE SKIPPED] 'Sai Pranesh Agency, Natham' (owned by SHREYAA ENTERPRISES, attempted by SHREYAA ENTERPRISES)
[2026-03-03 22:24:29] [WARNING] [DUPLICATE SKIPPED] 'SAI RAM CONTRUCTION, MELAKOTTAI' (owned by SHREYAA ENTERPRISES, attempted by SHREYAA ENTERPRISES)
[2026-03-03 22:24:29] [WARNING] [DUPLICATE SKIPPED] 'SANKAR' (owned by SHREYAA ENTERPRISES, attempted by SHREYAA ENTERPRISES)
[2026-03-03 22:24:29] [WARNING] [DUPLICATE SKIPPED] 'SANKARALINGAM -LN2' (owned by SHREYAA ENTERPRISES, attempted by SHREYAA ENTERPRISES)
[2026-03-03 22:24:29] [WARNING] [DUPLICATE SKIPPED] 'SANKAR AUTO WORKS' (owned by SHREYAA ENTERPRISES, attempted by SHREYAA ENTERPRISES)
[2026-03-03 22:24:29] [WARNING] [DUPLICATE SKIPPED] 'SANTHOSH CLINIC' (owned by SHREYAA ENTERPRISES, attempted by SHREYAA ENTERPRISES)
[2026-03-03 22:24:29] [WARNING] [DUPLICATE SKIPPED] 'SANTHOSH INDUSTRIES' (owned by SHREYAA ENTERPRISES, attempted by SHREYAA ENTERPRISES)
[2026-03-03 22:24:29] [WARNING] [DUPLICATE SKIPPED] 'Sasi Arthanari' (owned by SHREYAA ENTERPRISES, attempted by SHREYAA ENTERPRISES)
[2026-03-03 22:24:29] [WARNING] [DUPLICATE SKIPPED] 'SEKAR BLUE METAL, THENI' (owned by SHREYAA ENTERPRISES, attempted by SHREYAA ENTERPRISES)
[2026-03-03 22:24:29] [WARNING] [DUPLICATE SKIPPED] 'Sekar Iron Shop Theni' (owned by SHREYAA ENTERPRISES, attempted by SHREYAA ENTERPRISES)
[2026-03-03 22:24:29] [WARNING] [DUPLICATE SKIPPED] 'SELVARAJ' (owned by SHREYAA ENTERPRISES, attempted by SHREYAA ENTERPRISES)
[2026-03-03 22:24:29] [WARNING] [DUPLICATE SKIPPED] 'Shahul' (owned by SHREYAA ENTERPRISES, attempted by SHREYAA ENTERPRISES)
[2026-03-03 22:24:29] [WARNING] [DUPLICATE SKIPPED] 'Shajagan' (owned by SHREYAA ENTERPRISES, attempted by SHREYAA ENTERPRISES)
[2026-03-03 22:24:29] [WARNING] [DUPLICATE SKIPPED] 'Shree Guru Govind Enterprises' (owned by SHREYAA ENTERPRISES, attempted by SHREYAA ENTERPRISES)
[2026-03-03 22:24:29] [WARNING] [DUPLICATE SKIPPED] 'SHREE KAMATCHIAMMAN STEELS' (owned by SHREYAA ENTERPRISES, attempted by SHREYAA ENTERPRISES)
[2026-03-03 22:24:29] [WARNING] [DUPLICATE SKIPPED] 'SHRI MEENAKSHI SUNDARESHWARAR GRANITES.' (owned by SHREYAA ENTERPRISES, attempted by SHREYAA ENTERPRISES)
[2026-03-03 22:24:29] [WARNING] [DUPLICATE SKIPPED] 'Shri Perumal Gases' (owned by SHREYAA ENTERPRISES, attempted by SHREYAA ENTERPRISES)
[2026-03-03 22:24:29] [WARNING] [DUPLICATE SKIPPED] 'SIKKANTHAR, VALAYAPATTI' (owned by SHREYAA ENTERPRISES, attempted by SHREYAA ENTERPRISES)
[2026-03-03 22:24:29] [WARNING] [DUPLICATE SKIPPED] 'SIVARANJANI LATHE WORKS' (owned by SHREYAA ENTERPRISES, attempted by SHREYAA ENTERPRISES)
[2026-03-03 22:24:29] [WARNING] [DUPLICATE SKIPPED] 'S K DEVENDRAN' (owned by SHREYAA ENTERPRISES, attempted by SHREYAA ENTERPRISES)
[2026-03-03 22:24:29] [WARNING] [DUPLICATE SKIPPED] 'S.K.M LORRY BODY BUILDERS' (owned by SHREYAA ENTERPRISES, attempted by SHREYAA ENTERPRISES)
[2026-03-03 22:24:29] [WARNING] [DUPLICATE SKIPPED] 'SM PATTARAI' (owned by SHREYAA ENTERPRISES, attempted by SHREYAA ENTERPRISES)
[2026-03-03 22:24:29] [WARNING] [DUPLICATE SKIPPED] 'S.M.S.STEEL' (owned by SHREYAA ENTERPRISES, attempted by SHREYAA ENTERPRISES)
[2026-03-03 22:24:29] [WARNING] [DUPLICATE SKIPPED] 'SOLOMAN CLINIC' (owned by SHREYAA ENTERPRISES, attempted by SHREYAA ENTERPRISES)
[2026-03-03 22:24:29] [WARNING] [DUPLICATE SKIPPED] 'Sree Bairava Trailors & Water Tanker' (owned by SHREYAA ENTERPRISES, attempted by SHREYAA ENTERPRISES)
[2026-03-03 22:24:29] [WARNING] [DUPLICATE SKIPPED] 'SREE JEYAM EXIM' (owned by SHREYAA ENTERPRISES, attempted by SHREYAA ENTERPRISES)
[2026-03-03 22:24:29] [WARNING] [DUPLICATE SKIPPED] 'SRI AMBAL IRON SHOP' (owned by SHREYAA ENTERPRISES, attempted by SHREYAA ENTERPRISES)
[2026-03-03 22:24:29] [WARNING] [DUPLICATE SKIPPED] 'SRI ANGALAMMAN EARTH MOVERS' (owned by SHREYAA ENTERPRISES, attempted by SHREYAA ENTERPRISES)
[2026-03-03 22:24:29] [WARNING] [DUPLICATE SKIPPED] 'SRI BALAJI GAS' (owned by SHREYAA ENTERPRISES, attempted by SHREYAA ENTERPRISES)
[2026-03-03 22:24:29] [WARNING] [DUPLICATE SKIPPED] 'Sri Dhurkai Ammal' (owned by SHREYAA ENTERPRISES, attempted by SHREYAA ENTERPRISES)
[2026-03-03 22:24:29] [WARNING] [DUPLICATE SKIPPED] 'SRI ELECTRONICS  & PLUMPING' (owned by SHREYAA ENTERPRISES, attempted by SHREYAA ENTERPRISES)
[2026-03-03 22:24:29] [WARNING] [DUPLICATE SKIPPED] 'SRI HARI GAS PASUMALAI' (owned by SHREYAA ENTERPRISES, attempted by SHREYAA ENTERPRISES)
[2026-03-03 22:24:29] [WARNING] [DUPLICATE SKIPPED] 'SRI KARPAGA VINAYAGAR SCRAP' (owned by SHREYAA ENTERPRISES, attempted by SHREYAA ENTERPRISES)
[2026-03-03 22:24:29] [WARNING] [DUPLICATE SKIPPED] 'SRI KARPAGA VINAYAKAR TINKER' (owned by SHREYAA ENTERPRISES, attempted by SHREYAA ENTERPRISES)
[2026-03-03 22:24:29] [WARNING] [DUPLICATE SKIPPED] 'SRI KRISHNA WELDDING' (owned by SHREYAA ENTERPRISES, attempted by SHREYAA ENTERPRISES)
[2026-03-03 22:24:29] [WARNING] [DUPLICATE SKIPPED] 'Sri Lakshmi Engineering' (owned by SHREYAA ENTERPRISES, attempted by SHREYAA ENTERPRISES)
[2026-03-03 22:24:29] [WARNING] [DUPLICATE SKIPPED] 'SRI MARI GAS WELDING' (owned by SHREYAA ENTERPRISES, attempted by SHREYAA ENTERPRISES)
[2026-03-03 22:24:29] [WARNING] [DUPLICATE SKIPPED] 'SRI MEENAKSHI SUNDARESWAR' (owned by SHREYAA ENTERPRISES, attempted by SHREYAA ENTERPRISES)
[2026-03-03 22:24:29] [WARNING] [DUPLICATE SKIPPED] 'SRINIVASAN SCRAP COMPANY' (owned by SHREYAA ENTERPRISES, attempted by SHREYAA ENTERPRISES)
[2026-03-03 22:24:29] [WARNING] [DUPLICATE SKIPPED] 'SRINIVASA TINKER PAINTING, CHELLAMPATTI' (owned by SHREYAA ENTERPRISES, attempted by SHREYAA ENTERPRISES)
[2026-03-03 22:24:29] [WARNING] [DUPLICATE SKIPPED] 'Sri Palani Andavar Agencies' (owned by SHREYAA ENTERPRISES, attempted by SHREYAA ENTERPRISES)
[2026-03-03 22:24:29] [WARNING] [DUPLICATE SKIPPED] 'Sri Pothys Steel' (owned by SHREYAA ENTERPRISES, attempted by SHREYAA ENTERPRISES)
[2026-03-03 22:24:29] [WARNING] [DUPLICATE SKIPPED] 'SRI RATHNA AUTO STORE' (owned by SHREYAA ENTERPRISES, attempted by SHREYAA ENTERPRISES)
[2026-03-03 22:24:29] [WARNING] [DUPLICATE SKIPPED] 'SRI SASTHA EARTH MOVERS' (owned by SHREYAA ENTERPRISES, attempted by SHREYAA ENTERPRISES)
[2026-03-03 22:24:29] [WARNING] [DUPLICATE SKIPPED] 'SRI SATHYA, THIRUMANGALAM' (owned by SHREYAA ENTERPRISES, attempted by SHREYAA ENTERPRISES)
[2026-03-03 22:24:29] [WARNING] [DUPLICATE SKIPPED] 'Sri Senthooran Enggineeing Works' (owned by SHREYAA ENTERPRISES, attempted by SHREYAA ENTERPRISES)
[2026-03-03 22:24:29] [WARNING] [DUPLICATE SKIPPED] 'SRI SENTHOOR EARTH MOVERS' (owned by SHREYAA ENTERPRISES, attempted by SHREYAA ENTERPRISES)
[2026-03-03 22:24:29] [WARNING] [DUPLICATE SKIPPED] 'SRI SONAI MUTHAIAHA COOLDRING' (owned by SHREYAA ENTERPRISES, attempted by SHREYAA ENTERPRISES)
[2026-03-03 22:24:29] [WARNING] [DUPLICATE SKIPPED] 'SRS TRADERS' (owned by SHREYAA ENTERPRISES, attempted by SHREYAA ENTERPRISES)
[2026-03-03 22:24:29] [WARNING] [DUPLICATE SKIPPED] 'S S ELECTRICALS & SERVICES' (owned by SHREYAA ENTERPRISES, attempted by SHREYAA ENTERPRISES)
[2026-03-03 22:24:29] [WARNING] [DUPLICATE SKIPPED] 'STAINLESS STEEL' (owned by SHREYAA ENTERPRISES, attempted by SHREYAA ENTERPRISES)
[2026-03-03 22:24:29] [WARNING] [DUPLICATE SKIPPED] 'St Marys Thirunelveli' (owned by SHREYAA ENTERPRISES, attempted by SHREYAA ENTERPRISES)
[2026-03-03 22:24:29] [WARNING] [DUPLICATE SKIPPED] 'Subburaman Iron and Steel,Dgl' (owned by SHREYAA ENTERPRISES, attempted by SHREYAA ENTERPRISES)
[2026-03-03 22:24:29] [WARNING] [DUPLICATE SKIPPED] 'SULTHAN MIETHIN' (owned by SHREYAA ENTERPRISES, attempted by SHREYAA ENTERPRISES)
[2026-03-03 22:24:29] [WARNING] [DUPLICATE SKIPPED] 'SUN AUTO CARRIAGE' (owned by SHREYAA ENTERPRISES, attempted by SHREYAA ENTERPRISES)
[2026-03-03 22:24:29] [WARNING] [DUPLICATE SKIPPED] 'Suresh Agencies' (owned by SHREYAA ENTERPRISES, attempted by SHREYAA ENTERPRISES)
[2026-03-03 22:24:29] [WARNING] [DUPLICATE SKIPPED] 'SURYA STEEL' (owned by SHREYAA ENTERPRISES, attempted by SHREYAA ENTERPRISES)
[2026-03-03 22:24:29] [WARNING] [DUPLICATE SKIPPED] 'SURYA TECH' (owned by Surya Air System, attempted by SHREYAA ENTERPRISES)
[2026-03-03 22:24:29] [WARNING] [DUPLICATE SKIPPED] 'TAMILAN GOLI SODA' (owned by SHREYAA ENTERPRISES, attempted by SHREYAA ENTERPRISES)
[2026-03-03 22:24:29] [WARNING] [DUPLICATE SKIPPED] 'Thamarai Selvi Tinger Works' (owned by SHREYAA ENTERPRISES, attempted by SHREYAA ENTERPRISES)
[2026-03-03 22:24:29] [WARNING] [DUPLICATE SKIPPED] 'THANGAM SODA' (owned by SHREYAA ENTERPRISES, attempted by SHREYAA ENTERPRISES)
[2026-03-03 22:24:29] [WARNING] [DUPLICATE SKIPPED] 'THARUN LATHE WELDING WORKS' (owned by SHREYAA ENTERPRISES, attempted by SHREYAA ENTERPRISES)
[2026-03-03 22:24:29] [WARNING] [DUPLICATE SKIPPED] 'THE MADURA OXYGEN' (owned by SHREYAA ENTERPRISES, attempted by SHREYAA ENTERPRISES)
[2026-03-03 22:24:29] [WARNING] [DUPLICATE SKIPPED] 'THENRAL AMBULANCE' (owned by SHREYAA ENTERPRISES, attempted by SHREYAA ENTERPRISES)
[2026-03-03 22:24:29] [WARNING] [DUPLICATE SKIPPED] 'THE STORES' (owned by SHREYAA ENTERPRISES, attempted by SHREYAA ENTERPRISES)
[2026-03-03 22:24:29] [WARNING] [DUPLICATE SKIPPED] 'THIRUPATHY TRADERS' (owned by SHREYAA ENTERPRISES, attempted by SHREYAA ENTERPRISES)
[2026-03-03 22:24:29] [WARNING] [DUPLICATE SKIPPED] 'THIRUPPATHI(SIVAKASI)' (owned by SHREYAA ENTERPRISES, attempted by SHREYAA ENTERPRISES)
[2026-03-03 22:24:29] [WARNING] [DUPLICATE SKIPPED] 'T M AMBULANCE' (owned by SHREYAA ENTERPRISES, attempted by SHREYAA ENTERPRISES)
[2026-03-03 22:24:29] [WARNING] [DUPLICATE SKIPPED] 'TNTJ AMBULANCE VNR' (owned by SHREYAA ENTERPRISES, attempted by SHREYAA ENTERPRISES)
[2026-03-03 22:24:29] [WARNING] [DUPLICATE SKIPPED] 'URANI EARTH MOVERS, THIRUNAGAR' (owned by SHREYAA ENTERPRISES, attempted by SHREYAA ENTERPRISES)
[2026-03-03 22:24:29] [WARNING] [DUPLICATE SKIPPED] 'Vahitha Agency' (owned by SHREYAA ENTERPRISES, attempted by SHREYAA ENTERPRISES)
[2026-03-03 22:24:29] [WARNING] [DUPLICATE SKIPPED] 'Vava Iron Shop, Ramnad' (owned by SHREYAA ENTERPRISES, attempted by SHREYAA ENTERPRISES)
[2026-03-03 22:24:29] [WARNING] [DUPLICATE SKIPPED] 'VEL GAME WORLD' (owned by SHREYAA ENTERPRISES, attempted by SHREYAA ENTERPRISES)
[2026-03-03 22:24:29] [WARNING] [DUPLICATE SKIPPED] 'VELLMURUGAN WELDING. RAMD' (owned by SHREYAA ENTERPRISES, attempted by SHREYAA ENTERPRISES)
[2026-03-03 22:24:29] [WARNING] [DUPLICATE SKIPPED] 'VEL MANI STONE THENI' (owned by SHREYAA ENTERPRISES, attempted by SHREYAA ENTERPRISES)
[2026-03-03 22:24:29] [WARNING] [DUPLICATE SKIPPED] 'Venkatesh - Thanakkankulam' (owned by SHREYAA ENTERPRISES, attempted by SHREYAA ENTERPRISES)
[2026-03-03 22:24:29] [WARNING] [DUPLICATE SKIPPED] 'Venkateshwara Agency -Madurai' (owned by SHREYAA ENTERPRISES, attempted by SHREYAA ENTERPRISES)
[2026-03-03 22:24:29] [WARNING] [DUPLICATE SKIPPED] 'VIGNESH' (owned by SHREYAA ENTERPRISES, attempted by SHREYAA ENTERPRISES)
[2026-03-03 22:24:29] [WARNING] [DUPLICATE SKIPPED] 'VIJAYARAJAN-SVN' (owned by SHREYAA ENTERPRISES, attempted by SHREYAA ENTERPRISES)
[2026-03-03 22:24:29] [WARNING] [DUPLICATE SKIPPED] 'VIKRAM WELDING' (owned by SHREYAA ENTERPRISES, attempted by SHREYAA ENTERPRISES)
[2026-03-03 22:24:29] [WARNING] [DUPLICATE SKIPPED] 'VIP EVENTS' (owned by SHREYAA ENTERPRISES, attempted by SHREYAA ENTERPRISES)
[2026-03-03 22:24:29] [WARNING] [DUPLICATE SKIPPED] 'VIRUMANDI' (owned by SHREYAA ENTERPRISES, attempted by SHREYAA ENTERPRISES)
[2026-03-03 22:24:29] [WARNING] [DUPLICATE SKIPPED] 'Vitro Lab (Kk Nagar)' (owned by SHREYAA ENTERPRISES, attempted by SHREYAA ENTERPRISES)
[2026-03-03 22:24:29] [WARNING] [DUPLICATE SKIPPED] 'VMA OFFICE, AUNDIPATTI' (owned by SHREYAA ENTERPRISES, attempted by SHREYAA ENTERPRISES)
[2026-03-03 22:24:29] [WARNING] [DUPLICATE SKIPPED] 'VMP STEELS' (owned by SHREYAA ENTERPRISES, attempted by SHREYAA ENTERPRISES)
[2026-03-03 22:24:29] [WARNING] [DUPLICATE SKIPPED] 'VSB BALA' (owned by SHREYAA ENTERPRISES, attempted by SHREYAA ENTERPRISES)
[2026-03-03 22:24:29] [WARNING] [DUPLICATE SKIPPED] 'WEATHER DYNAMICS' (owned by SHREYAA ENTERPRISES, attempted by SHREYAA ENTERPRISES)
[2026-03-03 22:24:29] [WARNING] [DUPLICATE SKIPPED] 'Welcome Car Part' (owned by SHREYAA ENTERPRISES, attempted by SHREYAA ENTERPRISES)
[2026-03-03 22:24:29] [WARNING] [DUPLICATE SKIPPED] 'YASAR JUICE POINT' (owned by SHREYAA ENTERPRISES, attempted by SHREYAA ENTERPRISES)
[2026-03-03 22:24:29] [WARNING] [DUPLICATE SKIPPED] 'YASIN EVENTS' (owned by SHREYAA ENTERPRISES, attempted by SHREYAA ENTERPRISES)
[2026-03-03 22:24:29] [WARNING] [DUPLICATE SKIPPED] 'YUVANESH DHALL MILL' (owned by SHREYAA ENTERPRISES, attempted by SHREYAA ENTERPRISES)
[2026-03-03 22:24:29] [WARNING] [DUPLICATE SKIPPED] 'YUVAN FRESH DRINKS' (owned by SHREYAA ENTERPRISES, attempted by SHREYAA ENTERPRISES)
[2026-03-03 22:24:29] [WARNING] [DUPLICATE SKIPPED] 'ZAKIR HUSSAIN' (owned by SHREYAA ENTERPRISES, attempted by SHREYAA ENTERPRISES)
[2026-03-03 22:24:29] [WARNING] [DUPLICATE SKIPPED] 'ZERO POINT' (owned by SHREYAA ENTERPRISES, attempted by SHREYAA ENTERPRISES)
[2026-03-03 22:24:29] [INFO] 
============================================================
[2026-03-03 22:24:29] [INFO] Processing: Surya Air System (COMPANY_2)
[2026-03-03 22:24:29] [INFO] ============================================================
[2026-03-03 22:24:30] [INFO] Fetched 2 customers from Tally
[2026-03-03 22:24:30] [INFO] [NEW CUSTOMER] '6' saved (company: Surya Air System, GSTIN: )
[2026-03-03 22:24:30] [WARNING] [DUPLICATE SKIPPED] 'SURYA TECH' (owned by Surya Air System, attempted by Surya Air System)
[2026-03-03 22:24:30] [INFO] 
============================================================
[2026-03-03 22:24:30] [INFO] CUSTOMER FETCH SUMMARY
[2026-03-03 22:24:30] [INFO] ============================================================
[2026-03-03 22:24:30] [INFO] Total Fetched from Tally: 315
[2026-03-03 22:24:30] [INFO] New Customers Saved: 2
[2026-03-03 22:24:30] [INFO] Duplicates Skipped: 313
[2026-03-03 22:24:30] [INFO] Errors: 0
[2026-03-03 22:24:30] [INFO] ============================================================
[2026-03-03 22:24:30] [INFO] 
Database Statistics:
[2026-03-03 22:24:30] [INFO] Total Customers: 314
[2026-03-03 22:24:30] [INFO] Customers by Company: {'SHREYAA ENTERPRISES': 312, 'Surya Air System': 2}
[2026-03-03 22:24:30] [INFO] Synced Customers: 312
[2026-03-04 11:51:55] [INFO] Starting customer fetch from 3 companies
[2026-03-04 11:51:55] [INFO] Active companies: SHREYAA ENTERPRISES, Surya Air System, BHARATH OXYGEN LICENSEE
[2026-03-04 11:51:55] [INFO] 
============================================================
[2026-03-04 11:51:55] [INFO] Processing: SHREYAA ENTERPRISES (COMPANY_1)
[2026-03-04 11:51:55] [INFO] ============================================================
[2026-03-04 11:51:56] [INFO] Fetched 314 customers from Tally
[2026-03-04 11:51:56] [WARNING] [DUPLICATE SKIPPED] '7' (owned by SHREYAA ENTERPRISES, attempted by SHREYAA ENTERPRISES)
[2026-03-04 11:51:56] [WARNING] [DUPLICATE SKIPPED] 'AADHI MANGALA FABRIC' (owned by SHREYAA ENTERPRISES, attempted by SHREYAA ENTERPRISES)
[2026-03-04 11:51:56] [WARNING] [DUPLICATE SKIPPED] 'ABISAK' (owned by SHREYAA ENTERPRISES, attempted by SHREYAA ENTERPRISES)
[2026-03-04 11:51:56] [WARNING] [DUPLICATE SKIPPED] 'ABIShek' (owned by SHREYAA ENTERPRISES, attempted by SHREYAA ENTERPRISES)
[2026-03-04 11:51:56] [WARNING] [DUPLICATE SKIPPED] 'ABI SMOKE BISCUTS (SRM AGENCY)' (owned by SHREYAA ENTERPRISES, attempted by SHREYAA ENTERPRISES)
[2026-03-04 11:51:56] [WARNING] [DUPLICATE SKIPPED] 'Adithiya Car Machanic' (owned by SHREYAA ENTERPRISES, attempted by SHREYAA ENTERPRISES)
[2026-03-04 11:51:56] [WARNING] [DUPLICATE SKIPPED] 'A E Engineering' (owned by SHREYAA ENTERPRISES, attempted by SHREYAA ENTERPRISES)
[2026-03-04 11:51:56] [WARNING] [DUPLICATE SKIPPED] 'AJ ASSOCATES' (owned by SHREYAA ENTERPRISES, attempted by SHREYAA ENTERPRISES)
[2026-03-04 11:51:56] [WARNING] [DUPLICATE SKIPPED] 'AJ HOSPITAL' (owned by SHREYAA ENTERPRISES, attempted by SHREYAA ENTERPRISES)
[2026-03-04 11:51:56] [WARNING] [DUPLICATE SKIPPED] 'A.KANNAN' (owned by SHREYAA ENTERPRISES, attempted by SHREYAA ENTERPRISES)
[2026-03-04 11:51:56] [WARNING] [DUPLICATE SKIPPED] 'AKASH CONSTRUCTIONS' (owned by SHREYAA ENTERPRISES, attempted by SHREYAA ENTERPRISES)
[2026-03-04 11:51:56] [WARNING] [DUPLICATE SKIPPED] 'A.K.Enter Prises' (owned by SHREYAA ENTERPRISES, attempted by SHREYAA ENTERPRISES)
[2026-03-04 11:51:56] [WARNING] [DUPLICATE SKIPPED] 'ALAGERSAMY' (owned by SHREYAA ENTERPRISES, attempted by SHREYAA ENTERPRISES)
[2026-03-04 11:51:56] [WARNING] [DUPLICATE SKIPPED] 'Alagumalayan' (owned by SHREYAA ENTERPRISES, attempted by SHREYAA ENTERPRISES)
[2026-03-04 11:51:56] [WARNING] [DUPLICATE SKIPPED] 'Amaravathy Trailors' (owned by SHREYAA ENTERPRISES, attempted by SHREYAA ENTERPRISES)
[2026-03-04 11:51:56] [WARNING] [DUPLICATE SKIPPED] 'AMMAN EARTH MOVERS' (owned by SHREYAA ENTERPRISES, attempted by SHREYAA ENTERPRISES)
[2026-03-04 11:51:56] [WARNING] [DUPLICATE SKIPPED] 'AMR WELDING' (owned by SHREYAA ENTERPRISES, attempted by SHREYAA ENTERPRISES)
[2026-03-04 11:51:56] [WARNING] [DUPLICATE SKIPPED] 'AMUTHAN REFRIGRATION, MADURAI' (owned by SHREYAA ENTERPRISES, attempted by SHREYAA ENTERPRISES)
[2026-03-04 11:51:56] [WARNING] [DUPLICATE SKIPPED] 'Andal Welding Works' (owned by SHREYAA ENTERPRISES, attempted by SHREYAA ENTERPRISES)
[2026-03-04 11:51:56] [WARNING] [DUPLICATE SKIPPED] 'ANGALA ESWARI COMPONENTS' (owned by SHREYAA ENTERPRISES, attempted by SHREYAA ENTERPRISES)
[2026-03-04 11:51:56] [WARNING] [DUPLICATE SKIPPED] 'ANKIT RASTOGI, HYDERABAD' (owned by SHREYAA ENTERPRISES, attempted by SHREYAA ENTERPRISES)
[2026-03-04 11:51:56] [WARNING] [DUPLICATE SKIPPED] 'Annai Ambulance' (owned by SHREYAA ENTERPRISES, attempted by SHREYAA ENTERPRISES)
[2026-03-04 11:51:56] [WARNING] [DUPLICATE SKIPPED] 'ANTHONY RAJ.K' (owned by SHREYAA ENTERPRISES, attempted by SHREYAA ENTERPRISES)
[2026-03-04 11:51:56] [WARNING] [DUPLICATE SKIPPED] 'ARAVIND AROKKIYA SAMY' (owned by SHREYAA ENTERPRISES, attempted by SHREYAA ENTERPRISES)
[2026-03-04 11:51:56] [WARNING] [DUPLICATE SKIPPED] 'ARJUN DHALL MILL' (owned by SHREYAA ENTERPRISES, attempted by SHREYAA ENTERPRISES)
[2026-03-04 11:51:56] [WARNING] [DUPLICATE SKIPPED] 'A R METALS' (owned by SHREYAA ENTERPRISES, attempted by SHREYAA ENTERPRISES)
[2026-03-04 11:51:56] [WARNING] [DUPLICATE SKIPPED] 'ARUMUGAM (PATIENT)' (owned by SHREYAA ENTERPRISES, attempted by SHREYAA ENTERPRISES)
[2026-03-04 11:51:56] [WARNING] [DUPLICATE SKIPPED] 'ARUMUGAM S. KANNAN' (owned by SHREYAA ENTERPRISES, attempted by SHREYAA ENTERPRISES)
[2026-03-04 11:51:56] [WARNING] [DUPLICATE SKIPPED] 'Arunachalam Lathe' (owned by SHREYAA ENTERPRISES, attempted by SHREYAA ENTERPRISES)
[2026-03-04 11:51:56] [WARNING] [DUPLICATE SKIPPED] 'AR WELDING' (owned by SHREYAA ENTERPRISES, attempted by SHREYAA ENTERPRISES)
[2026-03-04 11:51:56] [WARNING] [DUPLICATE SKIPPED] 'AS AMBULANCE' (owned by SHREYAA ENTERPRISES, attempted by SHREYAA ENTERPRISES)
[2026-03-04 11:51:56] [WARNING] [DUPLICATE SKIPPED] 'ASHOK IRON SHOP' (owned by SHREYAA ENTERPRISES, attempted by SHREYAA ENTERPRISES)
[2026-03-04 11:51:56] [WARNING] [DUPLICATE SKIPPED] 'ASKS BLUE METAL' (owned by SHREYAA ENTERPRISES, attempted by SHREYAA ENTERPRISES)
[2026-03-04 11:51:56] [WARNING] [DUPLICATE SKIPPED] 'BALAGURU SAMY' (owned by SHREYAA ENTERPRISES, attempted by SHREYAA ENTERPRISES)
[2026-03-04 11:51:56] [WARNING] [DUPLICATE SKIPPED] 'BALASUBRAMANIAN FUELS' (owned by SHREYAA ENTERPRISES, attempted by SHREYAA ENTERPRISES)
[2026-03-04 11:51:56] [WARNING] [DUPLICATE SKIPPED] 'BHARATH BRICKS' (owned by SHREYAA ENTERPRISES, attempted by SHREYAA ENTERPRISES)
[2026-03-04 11:51:56] [WARNING] [DUPLICATE SKIPPED] 'BHARATH BRICKS-8525941023' (owned by SHREYAA ENTERPRISES, attempted by SHREYAA ENTERPRISES)
[2026-03-04 11:51:56] [WARNING] [DUPLICATE SKIPPED] 'B.KARTHIK  KUMAR' (owned by SHREYAA ENTERPRISES, attempted by SHREYAA ENTERPRISES)
[2026-03-04 11:51:56] [WARNING] [DUPLICATE SKIPPED] 'Bms Blue Metal' (owned by SHREYAA ENTERPRISES, attempted by SHREYAA ENTERPRISES)
[2026-03-04 11:51:56] [WARNING] [DUPLICATE SKIPPED] 'CDR&CO' (owned by SHREYAA ENTERPRISES, attempted by SHREYAA ENTERPRISES)
[2026-03-04 11:51:56] [WARNING] [DUPLICATE SKIPPED] 'CENMARK IRRIGATION' (owned by SHREYAA ENTERPRISES, attempted by SHREYAA ENTERPRISES)
[2026-03-04 11:51:56] [WARNING] [DUPLICATE SKIPPED] 'CERAMIC PRO MADURAI' (owned by SHREYAA ENTERPRISES, attempted by SHREYAA ENTERPRISES)
[2026-03-04 11:51:56] [WARNING] [DUPLICATE SKIPPED] 'CHAIRMAN SNACKS' (owned by SHREYAA ENTERPRISES, attempted by SHREYAA ENTERPRISES)
[2026-03-04 11:51:56] [WARNING] [DUPLICATE SKIPPED] 'CHALLENGE COLOURS-Usilampatti' (owned by SHREYAA ENTERPRISES, attempted by SHREYAA ENTERPRISES)
[2026-03-04 11:51:56] [WARNING] [DUPLICATE SKIPPED] 'Chandran Welding Works' (owned by SHREYAA ENTERPRISES, attempted by SHREYAA ENTERPRISES)
[2026-03-04 11:51:56] [WARNING] [DUPLICATE SKIPPED] 'CHEELAPANDI' (owned by SHREYAA ENTERPRISES, attempted by SHREYAA ENTERPRISES)
[2026-03-04 11:51:56] [WARNING] [DUPLICATE SKIPPED] 'CHELLAPPA, MADURAI' (owned by SHREYAA ENTERPRISES, attempted by SHREYAA ENTERPRISES)
[2026-03-04 11:51:56] [WARNING] [DUPLICATE SKIPPED] 'CHENNAI STEELS' (owned by SHREYAA ENTERPRISES, attempted by SHREYAA ENTERPRISES)
[2026-03-04 11:51:56] [WARNING] [DUPLICATE SKIPPED] 'CHOKKAN PALANI VILAS' (owned by SHREYAA ENTERPRISES, attempted by SHREYAA ENTERPRISES)
[2026-03-04 11:51:56] [WARNING] [DUPLICATE SKIPPED] 'CLASSIC ROCKS' (owned by SHREYAA ENTERPRISES, attempted by SHREYAA ENTERPRISES)
[2026-03-04 11:51:56] [WARNING] [DUPLICATE SKIPPED] 'CMS BLUE METAL' (owned by SHREYAA ENTERPRISES, attempted by SHREYAA ENTERPRISES)
[2026-03-04 11:51:56] [WARNING] [DUPLICATE SKIPPED] 'COLOUMBS INDUSTRIES , SUNGURAMPATTI' (owned by SHREYAA ENTERPRISES, attempted by SHREYAA ENTERPRISES)
[2026-03-04 11:51:56] [WARNING] [DUPLICATE SKIPPED] 'DEBTOR DIFFERENT' (owned by SHREYAA ENTERPRISES, attempted by SHREYAA ENTERPRISES)
[2026-03-04 11:51:56] [WARNING] [DUPLICATE SKIPPED] 'DEPOIST-ABISHEK KUMAR' (owned by SHREYAA ENTERPRISES, attempted by SHREYAA ENTERPRISES)
[2026-03-04 11:51:56] [WARNING] [DUPLICATE SKIPPED] 'DEPOIST. SRI KRISHNA WELDDING' (owned by SHREYAA ENTERPRISES, attempted by SHREYAA ENTERPRISES)
[2026-03-04 11:51:56] [WARNING] [DUPLICATE SKIPPED] 'DEPOSIT.ALAGAR SAMY' (owned by SHREYAA ENTERPRISES, attempted by SHREYAA ENTERPRISES)
[2026-03-04 11:51:56] [WARNING] [DUPLICATE SKIPPED] 'DEVA TECH' (owned by SHREYAA ENTERPRISES, attempted by SHREYAA ENTERPRISES)
[2026-03-04 11:51:56] [WARNING] [DUPLICATE SKIPPED] 'DHIYA SRI AMBULANCE, THIRUPPUVANAM' (owned by SHREYAA ENTERPRISES, attempted by SHREYAA ENTERPRISES)
[2026-03-04 11:51:56] [WARNING] [DUPLICATE SKIPPED] 'DINESH - THALLAKULAM' (owned by SHREYAA ENTERPRISES, attempted by SHREYAA ENTERPRISES)
[2026-03-04 11:51:56] [WARNING] [DUPLICATE SKIPPED] 'Dk Blue Metal' (owned by SHREYAA ENTERPRISES, attempted by SHREYAA ENTERPRISES)
[2026-03-04 11:51:56] [WARNING] [DUPLICATE SKIPPED] 'DR.PATEN RAJA' (owned by SHREYAA ENTERPRISES, attempted by SHREYAA ENTERPRISES)
[2026-03-04 11:51:56] [WARNING] [DUPLICATE SKIPPED] 'DR.RAMA SUBRAMANIAN' (owned by SHREYAA ENTERPRISES, attempted by SHREYAA ENTERPRISES)
[2026-03-04 11:51:56] [WARNING] [DUPLICATE SKIPPED] 'DR.SRINIVASAN' (owned by SHREYAA ENTERPRISES, attempted by SHREYAA ENTERPRISES)
[2026-03-04 11:51:56] [WARNING] [DUPLICATE SKIPPED] 'DURAI PANDI SAMY' (owned by SHREYAA ENTERPRISES, attempted by SHREYAA ENTERPRISES)
[2026-03-04 11:51:56] [WARNING] [DUPLICATE SKIPPED] 'ENTHU NADAR KARIYAOATTI' (owned by SHREYAA ENTERPRISES, attempted by SHREYAA ENTERPRISES)
[2026-03-04 11:51:56] [WARNING] [DUPLICATE SKIPPED] 'EVERSILVER AND METAL BROKEN LATH' (owned by SHREYAA ENTERPRISES, attempted by SHREYAA ENTERPRISES)
[2026-03-04 11:51:56] [WARNING] [DUPLICATE SKIPPED] 'GAMETE CELLS SCIENCE HEALTH CARE PVT LTD' (owned by SHREYAA ENTERPRISES, attempted by SHREYAA ENTERPRISES)
[2026-03-04 11:51:56] [WARNING] [DUPLICATE SKIPPED] 'Ganesan Lathe' (owned by SHREYAA ENTERPRISES, attempted by SHREYAA ENTERPRISES)
[2026-03-04 11:51:56] [WARNING] [DUPLICATE SKIPPED] 'Gene Art Bank' (owned by SHREYAA ENTERPRISES, attempted by SHREYAA ENTERPRISES)
[2026-03-04 11:51:56] [WARNING] [DUPLICATE SKIPPED] 'GNANAM METAL' (owned by SHREYAA ENTERPRISES, attempted by SHREYAA ENTERPRISES)
[2026-03-04 11:51:56] [WARNING] [DUPLICATE SKIPPED] 'GOLDEN TRADERS' (owned by SHREYAA ENTERPRISES, attempted by SHREYAA ENTERPRISES)
[2026-03-04 11:51:56] [WARNING] [DUPLICATE SKIPPED] 'GOODWILL STEELS' (owned by SHREYAA ENTERPRISES, attempted by SHREYAA ENTERPRISES)
[2026-03-04 11:51:56] [WARNING] [DUPLICATE SKIPPED] 'GOWERI HARI RAM' (owned by SHREYAA ENTERPRISES, attempted by SHREYAA ENTERPRISES)
[2026-03-04 11:51:56] [WARNING] [DUPLICATE SKIPPED] 'GOWTHAM CLINIC' (owned by SHREYAA ENTERPRISES, attempted by SHREYAA ENTERPRISES)
[2026-03-04 11:51:56] [WARNING] [DUPLICATE SKIPPED] 'G.PANDIYARAJ' (owned by SHREYAA ENTERPRISES, attempted by SHREYAA ENTERPRISES)
[2026-03-04 11:51:56] [WARNING] [DUPLICATE SKIPPED] 'GTN WELDING WORK' (owned by SHREYAA ENTERPRISES, attempted by SHREYAA ENTERPRISES)
[2026-03-04 11:51:56] [WARNING] [DUPLICATE SKIPPED] 'GUDLYE MOBITY P LTD' (owned by SHREYAA ENTERPRISES, attempted by SHREYAA ENTERPRISES)
[2026-03-04 11:51:56] [WARNING] [DUPLICATE SKIPPED] 'GUNASEKARAN' (owned by SHREYAA ENTERPRISES, attempted by SHREYAA ENTERPRISES)
[2026-03-04 11:51:56] [WARNING] [DUPLICATE SKIPPED] 'Guru Pradeep - Svk' (owned by SHREYAA ENTERPRISES, attempted by SHREYAA ENTERPRISES)
[2026-03-04 11:51:56] [WARNING] [DUPLICATE SKIPPED] 'Gv Tnfira' (owned by SHREYAA ENTERPRISES, attempted by SHREYAA ENTERPRISES)
[2026-03-04 11:51:56] [WARNING] [DUPLICATE SKIPPED] 'G.V. TRADERS' (owned by SHREYAA ENTERPRISES, attempted by SHREYAA ENTERPRISES)
[2026-03-04 11:51:56] [WARNING] [DUPLICATE SKIPPED] 'HAPPY FIN AQUA' (owned by SHREYAA ENTERPRISES, attempted by SHREYAA ENTERPRISES)
[2026-03-04 11:51:56] [WARNING] [DUPLICATE SKIPPED] 'HARINISRI COLOURS-AANDIPATTI' (owned by SHREYAA ENTERPRISES, attempted by SHREYAA ENTERPRISES)
[2026-03-04 11:51:56] [WARNING] [DUPLICATE SKIPPED] 'HI-TECH STEELS' (owned by SHREYAA ENTERPRISES, attempted by SHREYAA ENTERPRISES)
[2026-03-04 11:51:56] [WARNING] [DUPLICATE SKIPPED] 'HS Gas Agency' (owned by SHREYAA ENTERPRISES, attempted by SHREYAA ENTERPRISES)
[2026-03-04 11:51:56] [WARNING] [DUPLICATE SKIPPED] 'ILAYAYA RAJA, SELLUR' (owned by SHREYAA ENTERPRISES, attempted by SHREYAA ENTERPRISES)
[2026-03-04 11:51:56] [WARNING] [DUPLICATE SKIPPED] 'IMRAN STEEL' (owned by SHREYAA ENTERPRISES, attempted by SHREYAA ENTERPRISES)
[2026-03-04 11:51:56] [WARNING] [DUPLICATE SKIPPED] 'Indira Gas Agency' (owned by SHREYAA ENTERPRISES, attempted by SHREYAA ENTERPRISES)
[2026-03-04 11:51:56] [WARNING] [DUPLICATE SKIPPED] 'INEEYA STEEL' (owned by SHREYAA ENTERPRISES, attempted by SHREYAA ENTERPRISES)
[2026-03-04 11:51:56] [WARNING] [DUPLICATE SKIPPED] 'JACOB' (owned by SHREYAA ENTERPRISES, attempted by SHREYAA ENTERPRISES)
[2026-03-04 11:51:56] [WARNING] [DUPLICATE SKIPPED] 'JACOP' (owned by SHREYAA ENTERPRISES, attempted by SHREYAA ENTERPRISES)
[2026-03-04 11:51:56] [WARNING] [DUPLICATE SKIPPED] 'JALAMAN' (owned by SHREYAA ENTERPRISES, attempted by SHREYAA ENTERPRISES)
[2026-03-04 11:51:56] [WARNING] [DUPLICATE SKIPPED] 'JASMINE BLUE METAL' (owned by SHREYAA ENTERPRISES, attempted by SHREYAA ENTERPRISES)
[2026-03-04 11:51:56] [WARNING] [DUPLICATE SKIPPED] 'JAVED HUSSAIN' (owned by SHREYAA ENTERPRISES, attempted by SHREYAA ENTERPRISES)
[2026-03-04 11:51:56] [WARNING] [DUPLICATE SKIPPED] 'JAWAHAR HOSPITAL - Peraiyur' (owned by SHREYAA ENTERPRISES, attempted by SHREYAA ENTERPRISES)
[2026-03-04 11:51:56] [WARNING] [DUPLICATE SKIPPED] 'JEGADISH ADVERTISING' (owned by SHREYAA ENTERPRISES, attempted by SHREYAA ENTERPRISES)
[2026-03-04 11:51:56] [WARNING] [DUPLICATE SKIPPED] 'JEGA STEELS INDUSTRIAL' (owned by SHREYAA ENTERPRISES, attempted by SHREYAA ENTERPRISES)
[2026-03-04 11:51:56] [WARNING] [DUPLICATE SKIPPED] 'JEYA CHANDIRAN' (owned by SHREYAA ENTERPRISES, attempted by SHREYAA ENTERPRISES)
[2026-03-04 11:51:57] [WARNING] [DUPLICATE SKIPPED] 'JEYAM BLUE METAL' (owned by SHREYAA ENTERPRISES, attempted by SHREYAA ENTERPRISES)
[2026-03-04 11:51:57] [WARNING] [DUPLICATE SKIPPED] 'JEYAM BLUE METAL - KACHAKATTI' (owned by SHREYAA ENTERPRISES, attempted by SHREYAA ENTERPRISES)
[2026-03-04 11:51:57] [WARNING] [DUPLICATE SKIPPED] 'JEYAMEENKSHI STEEL' (owned by SHREYAA ENTERPRISES, attempted by SHREYAA ENTERPRISES)
[2026-03-04 11:51:57] [WARNING] [DUPLICATE SKIPPED] 'JEYAM TRACTOR WORKS' (owned by SHREYAA ENTERPRISES, attempted by SHREYAA ENTERPRISES)
[2026-03-04 11:51:57] [WARNING] [DUPLICATE SKIPPED] 'J J  EARTH MOVERS' (owned by SHREYAA ENTERPRISES, attempted by SHREYAA ENTERPRISES)
[2026-03-04 11:51:57] [WARNING] [DUPLICATE SKIPPED] 'JKANS HOTEL, MADURAI' (owned by SHREYAA ENTERPRISES, attempted by SHREYAA ENTERPRISES)
[2026-03-04 11:51:57] [WARNING] [DUPLICATE SKIPPED] 'JK TRADERS' (owned by SHREYAA ENTERPRISES, attempted by SHREYAA ENTERPRISES)
[2026-03-04 11:51:57] [WARNING] [DUPLICATE SKIPPED] 'J.M.BLUE METAL' (owned by SHREYAA ENTERPRISES, attempted by SHREYAA ENTERPRISES)
[2026-03-04 11:51:57] [WARNING] [DUPLICATE SKIPPED] 'Jum Jum Traders' (owned by SHREYAA ENTERPRISES, attempted by SHREYAA ENTERPRISES)
[2026-03-04 11:51:57] [WARNING] [DUPLICATE SKIPPED] 'KADASARI AUTOMOBILES' (owned by SHREYAA ENTERPRISES, attempted by SHREYAA ENTERPRISES)
[2026-03-04 11:51:57] [WARNING] [DUPLICATE SKIPPED] 'KALIDASSAN' (owned by SHREYAA ENTERPRISES, attempted by SHREYAA ENTERPRISES)
[2026-03-04 11:51:57] [WARNING] [DUPLICATE SKIPPED] 'Kamatchi  Agencies' (owned by SHREYAA ENTERPRISES, attempted by SHREYAA ENTERPRISES)
[2026-03-04 11:51:57] [WARNING] [DUPLICATE SKIPPED] 'KANNALAGAN TREDERS .PARAVAI' (owned by SHREYAA ENTERPRISES, attempted by SHREYAA ENTERPRISES)
[2026-03-04 11:51:57] [WARNING] [DUPLICATE SKIPPED] 'Karal Welding' (owned by SHREYAA ENTERPRISES, attempted by SHREYAA ENTERPRISES)
[2026-03-04 11:51:57] [WARNING] [DUPLICATE SKIPPED] 'KARPAGA VINAYAGAR ENGINEERING WORK' (owned by SHREYAA ENTERPRISES, attempted by SHREYAA ENTERPRISES)
[2026-03-04 11:51:57] [WARNING] [DUPLICATE SKIPPED] 'KARTHICK BLUE METAL' (owned by SHREYAA ENTERPRISES, attempted by SHREYAA ENTERPRISES)
[2026-03-04 11:51:57] [WARNING] [DUPLICATE SKIPPED] 'KARTHICK MEDICAL CENTER' (owned by SHREYAA ENTERPRISES, attempted by SHREYAA ENTERPRISES)
[2026-03-04 11:51:57] [WARNING] [DUPLICATE SKIPPED] 'KEREN MATRIC HIGH SCHOOL' (owned by SHREYAA ENTERPRISES, attempted by SHREYAA ENTERPRISES)
[2026-03-04 11:51:57] [WARNING] [DUPLICATE SKIPPED] 'KESAVAN (Contractor)' (owned by SHREYAA ENTERPRISES, attempted by SHREYAA ENTERPRISES)
[2026-03-04 11:51:57] [WARNING] [DUPLICATE SKIPPED] 'K.K. Engineering, Madurai' (owned by SHREYAA ENTERPRISES, attempted by SHREYAA ENTERPRISES)
[2026-03-04 11:51:57] [WARNING] [DUPLICATE SKIPPED] 'KPS AMBULANCE' (owned by SHREYAA ENTERPRISES, attempted by SHREYAA ENTERPRISES)
[2026-03-04 11:51:57] [WARNING] [DUPLICATE SKIPPED] 'K.R. RAJA, PARAMAKUDI' (owned by SHREYAA ENTERPRISES, attempted by SHREYAA ENTERPRISES)
[2026-03-04 11:51:57] [WARNING] [DUPLICATE SKIPPED] 'KS THANVANTH EARTH MOVERS' (owned by SHREYAA ENTERPRISES, attempted by SHREYAA ENTERPRISES)
[2026-03-04 11:51:57] [WARNING] [DUPLICATE SKIPPED] 'LAKSHMANA IRON SHOP' (owned by SHREYAA ENTERPRISES, attempted by SHREYAA ENTERPRISES)
[2026-03-04 11:51:57] [WARNING] [DUPLICATE SKIPPED] 'LAKSHMI DEVI' (owned by SHREYAA ENTERPRISES, attempted by SHREYAA ENTERPRISES)
[2026-03-04 11:51:57] [WARNING] [DUPLICATE SKIPPED] 'LDC' (owned by SHREYAA ENTERPRISES, attempted by SHREYAA ENTERPRISES)
[2026-03-04 11:51:57] [WARNING] [DUPLICATE SKIPPED] 'Lucky Cool Drinks' (owned by SHREYAA ENTERPRISES, attempted by SHREYAA ENTERPRISES)
[2026-03-04 11:51:57] [WARNING] [DUPLICATE SKIPPED] 'MADHU SHANKAR' (owned by SHREYAA ENTERPRISES, attempted by SHREYAA ENTERPRISES)
[2026-03-04 11:51:57] [WARNING] [DUPLICATE SKIPPED] 'MADURAI OXYGEN' (owned by SHREYAA ENTERPRISES, attempted by SHREYAA ENTERPRISES)
[2026-03-04 11:51:57] [WARNING] [DUPLICATE SKIPPED] 'MADURAI REFRIGERATION SERVICE' (owned by SHREYAA ENTERPRISES, attempted by SHREYAA ENTERPRISES)
[2026-03-04 11:51:57] [WARNING] [DUPLICATE SKIPPED] 'Maha Ganapathi Engineering Works' (owned by SHREYAA ENTERPRISES, attempted by SHREYAA ENTERPRISES)
[2026-03-04 11:51:57] [WARNING] [DUPLICATE SKIPPED] 'Mahalingam iron shop' (owned by SHREYAA ENTERPRISES, attempted by SHREYAA ENTERPRISES)
[2026-03-04 11:51:57] [WARNING] [DUPLICATE SKIPPED] 'MAHANICK' (owned by SHREYAA ENTERPRISES, attempted by SHREYAA ENTERPRISES)
[2026-03-04 11:51:57] [WARNING] [DUPLICATE SKIPPED] 'Maharaja Agencies - Othakadai' (owned by SHREYAA ENTERPRISES, attempted by SHREYAA ENTERPRISES)
[2026-03-04 11:51:57] [WARNING] [DUPLICATE SKIPPED] 'MAHENDAR, NATTARMANGALAM' (owned by SHREYAA ENTERPRISES, attempted by SHREYAA ENTERPRISES)
[2026-03-04 11:51:57] [WARNING] [DUPLICATE SKIPPED] 'MAHI TREDERS' (owned by SHREYAA ENTERPRISES, attempted by SHREYAA ENTERPRISES)
[2026-03-04 11:51:57] [WARNING] [DUPLICATE SKIPPED] 'Malliga Infira' (owned by SHREYAA ENTERPRISES, attempted by SHREYAA ENTERPRISES)
[2026-03-04 11:51:57] [WARNING] [DUPLICATE SKIPPED] 'Mani's Steels' (owned by SHREYAA ENTERPRISES, attempted by SHREYAA ENTERPRISES)
[2026-03-04 11:51:57] [WARNING] [DUPLICATE SKIPPED] 'Manikandan' (owned by SHREYAA ENTERPRISES, attempted by SHREYAA ENTERPRISES)
[2026-03-04 11:51:57] [WARNING] [DUPLICATE SKIPPED] 'MANIKKA PRAKASH' (owned by SHREYAA ENTERPRISES, attempted by SHREYAA ENTERPRISES)
[2026-03-04 11:51:57] [WARNING] [DUPLICATE SKIPPED] 'MARIMUTHU SILVER PATTARAI' (owned by SHREYAA ENTERPRISES, attempted by SHREYAA ENTERPRISES)
[2026-03-04 11:51:57] [WARNING] [DUPLICATE SKIPPED] 'MARIYAPPAN SILVER WORKSHOP' (owned by SHREYAA ENTERPRISES, attempted by SHREYAA ENTERPRISES)
[2026-03-04 11:51:57] [WARNING] [DUPLICATE SKIPPED] 'MARUDHU WELDING WORKS' (owned by SHREYAA ENTERPRISES, attempted by SHREYAA ENTERPRISES)
[2026-03-04 11:51:57] [WARNING] [DUPLICATE SKIPPED] 'M.DURAI PANDI' (owned by SHREYAA ENTERPRISES, attempted by SHREYAA ENTERPRISES)
[2026-03-04 11:51:57] [WARNING] [DUPLICATE SKIPPED] 'MENAKA MILLS PRIVATE LIMITED' (owned by SHREYAA ENTERPRISES, attempted by SHREYAA ENTERPRISES)
[2026-03-04 11:51:57] [WARNING] [DUPLICATE SKIPPED] 'Meracle Scans, Ramnad' (owned by SHREYAA ENTERPRISES, attempted by SHREYAA ENTERPRISES)
[2026-03-04 11:51:57] [WARNING] [DUPLICATE SKIPPED] 'MKM ANNAMAYIL BLUE METAL' (owned by SHREYAA ENTERPRISES, attempted by SHREYAA ENTERPRISES)
[2026-03-04 11:51:57] [WARNING] [DUPLICATE SKIPPED] 'MK SWAMY BLUE METAL' (owned by SHREYAA ENTERPRISES, attempted by SHREYAA ENTERPRISES)
[2026-03-04 11:51:57] [WARNING] [DUPLICATE SKIPPED] 'MOBILE BAZAAR' (owned by SHREYAA ENTERPRISES, attempted by SHREYAA ENTERPRISES)
[2026-03-04 11:51:57] [WARNING] [DUPLICATE SKIPPED] 'MOHAN(AVANIYA PURAM)' (owned by SHREYAA ENTERPRISES, attempted by SHREYAA ENTERPRISES)
[2026-03-04 11:51:57] [WARNING] [DUPLICATE SKIPPED] 'Moni's Events' (owned by SHREYAA ENTERPRISES, attempted by SHREYAA ENTERPRISES)
[2026-03-04 11:51:57] [WARNING] [DUPLICATE SKIPPED] 'MOTHER CARE' (owned by SHREYAA ENTERPRISES, attempted by SHREYAA ENTERPRISES)
[2026-03-04 11:51:57] [WARNING] [DUPLICATE SKIPPED] 'M R AMBULANCE' (owned by SHREYAA ENTERPRISES, attempted by SHREYAA ENTERPRISES)
[2026-03-04 11:51:57] [WARNING] [DUPLICATE SKIPPED] 'MR.PANDIYARAJAN' (owned by SHREYAA ENTERPRISES, attempted by SHREYAA ENTERPRISES)
[2026-03-04 11:51:57] [WARNING] [DUPLICATE SKIPPED] 'MR.RATHINAM' (owned by SHREYAA ENTERPRISES, attempted by SHREYAA ENTERPRISES)
[2026-03-04 11:51:57] [WARNING] [DUPLICATE SKIPPED] 'MR.SUTHAKAR' (owned by SHREYAA ENTERPRISES, attempted by SHREYAA ENTERPRISES)
[2026-03-04 11:51:57] [WARNING] [DUPLICATE SKIPPED] 'MSK CONSTRUSAN' (owned by SHREYAA ENTERPRISES, attempted by SHREYAA ENTERPRISES)
[2026-03-04 11:51:57] [WARNING] [DUPLICATE SKIPPED] 'M.S.LASER DESIGN WORKS' (owned by SHREYAA ENTERPRISES, attempted by SHREYAA ENTERPRISES)
[2026-03-04 11:51:57] [WARNING] [DUPLICATE SKIPPED] 'Mugilavan - Tiruppuvanam' (owned by SHREYAA ENTERPRISES, attempted by SHREYAA ENTERPRISES)
[2026-03-04 11:51:57] [WARNING] [DUPLICATE SKIPPED] 'Murali Manokaran' (owned by SHREYAA ENTERPRISES, attempted by SHREYAA ENTERPRISES)
[2026-03-04 11:51:57] [WARNING] [DUPLICATE SKIPPED] 'MURUGAN IRON SHOP' (owned by SHREYAA ENTERPRISES, attempted by SHREYAA ENTERPRISES)
[2026-03-04 11:51:57] [WARNING] [DUPLICATE SKIPPED] 'Murugesan Iron Shop Paramakudi' (owned by SHREYAA ENTERPRISES, attempted by SHREYAA ENTERPRISES)
[2026-03-04 11:51:57] [WARNING] [DUPLICATE SKIPPED] 'MUTHUKUMAR-TMM' (owned by SHREYAA ENTERPRISES, attempted by SHREYAA ENTERPRISES)
[2026-03-04 11:51:57] [WARNING] [DUPLICATE SKIPPED] 'MVC Kumar' (owned by SHREYAA ENTERPRISES, attempted by SHREYAA ENTERPRISES)
[2026-03-04 11:51:57] [WARNING] [DUPLICATE SKIPPED] 'M.VIJAYAN' (owned by SHREYAA ENTERPRISES, attempted by SHREYAA ENTERPRISES)
[2026-03-04 11:51:57] [WARNING] [DUPLICATE SKIPPED] 'MV READYMIX PLANT' (owned by SHREYAA ENTERPRISES, attempted by SHREYAA ENTERPRISES)
[2026-03-04 11:51:57] [WARNING] [DUPLICATE SKIPPED] 'Nannappa Mughamadu' (owned by SHREYAA ENTERPRISES, attempted by SHREYAA ENTERPRISES)
[2026-03-04 11:51:57] [WARNING] [DUPLICATE SKIPPED] 'Nanthini Steel' (owned by SHREYAA ENTERPRISES, attempted by SHREYAA ENTERPRISES)
[2026-03-04 11:51:57] [WARNING] [DUPLICATE SKIPPED] 'Navaneethan' (owned by SHREYAA ENTERPRISES, attempted by SHREYAA ENTERPRISES)
[2026-03-04 11:51:57] [WARNING] [DUPLICATE SKIPPED] 'NAVEEEN TECH' (owned by SHREYAA ENTERPRISES, attempted by SHREYAA ENTERPRISES)
[2026-03-04 11:51:57] [WARNING] [DUPLICATE SKIPPED] 'Nethaji Ambulance' (owned by SHREYAA ENTERPRISES, attempted by SHREYAA ENTERPRISES)
[2026-03-04 11:51:57] [WARNING] [DUPLICATE SKIPPED] 'New Bharath Trailers & Farm Equipments' (owned by SHREYAA ENTERPRISES, attempted by SHREYAA ENTERPRISES)
[2026-03-04 11:51:57] [WARNING] [DUPLICATE SKIPPED] 'New India Steel' (owned by SHREYAA ENTERPRISES, attempted by SHREYAA ENTERPRISES)
[2026-03-04 11:51:57] [WARNING] [DUPLICATE SKIPPED] 'NEW MADHA' (owned by SHREYAA ENTERPRISES, attempted by SHREYAA ENTERPRISES)
[2026-03-04 11:51:57] [WARNING] [DUPLICATE SKIPPED] 'NOOR BHAI' (owned by SHREYAA ENTERPRISES, attempted by SHREYAA ENTERPRISES)
[2026-03-04 11:51:57] [WARNING] [DUPLICATE SKIPPED] 'N. R TRADERS' (owned by SHREYAA ENTERPRISES, attempted by SHREYAA ENTERPRISES)
[2026-03-04 11:51:57] [WARNING] [DUPLICATE SKIPPED] 'N.SUBBURAJ' (owned by SHREYAA ENTERPRISES, attempted by SHREYAA ENTERPRISES)
[2026-03-04 11:51:57] [WARNING] [DUPLICATE SKIPPED] 'OM MURUGA AGENCIES' (owned by SHREYAA ENTERPRISES, attempted by SHREYAA ENTERPRISES)
[2026-03-04 11:51:57] [WARNING] [DUPLICATE SKIPPED] 'OSR FISH COMMISSION SHOP' (owned by SHREYAA ENTERPRISES, attempted by SHREYAA ENTERPRISES)
[2026-03-04 11:51:57] [WARNING] [DUPLICATE SKIPPED] 'PADMA SAGAYA ARAKKATTALAI' (owned by SHREYAA ENTERPRISES, attempted by SHREYAA ENTERPRISES)
[2026-03-04 11:51:57] [WARNING] [DUPLICATE SKIPPED] 'PAMIR TUBES' (owned by SHREYAA ENTERPRISES, attempted by SHREYAA ENTERPRISES)
[2026-03-04 11:51:57] [WARNING] [DUPLICATE SKIPPED] 'PARAMASHIVAM ( TEA )' (owned by SHREYAA ENTERPRISES, attempted by SHREYAA ENTERPRISES)
[2026-03-04 11:51:57] [WARNING] [DUPLICATE SKIPPED] 'PASUMPON' (owned by SHREYAA ENTERPRISES, attempted by SHREYAA ENTERPRISES)
[2026-03-04 11:51:57] [WARNING] [DUPLICATE SKIPPED] 'PBM RAJA TRADERS' (owned by SHREYAA ENTERPRISES, attempted by SHREYAA ENTERPRISES)
[2026-03-04 11:51:57] [WARNING] [DUPLICATE SKIPPED] 'Pechiyamman Body Building' (owned by SHREYAA ENTERPRISES, attempted by SHREYAA ENTERPRISES)
[2026-03-04 11:51:57] [WARNING] [DUPLICATE SKIPPED] 'PITCHAI LATHE WORK' (owned by SHREYAA ENTERPRISES, attempted by SHREYAA ENTERPRISES)
[2026-03-04 11:51:57] [WARNING] [DUPLICATE SKIPPED] 'P. MANI' (owned by SHREYAA ENTERPRISES, attempted by SHREYAA ENTERPRISES)
[2026-03-04 11:51:57] [WARNING] [DUPLICATE SKIPPED] 'Pms Blue Metal' (owned by SHREYAA ENTERPRISES, attempted by SHREYAA ENTERPRISES)
[2026-03-04 11:51:57] [WARNING] [DUPLICATE SKIPPED] 'POONAMCHOWLA KTK' (owned by SHREYAA ENTERPRISES, attempted by SHREYAA ENTERPRISES)
[2026-03-04 11:51:57] [WARNING] [DUPLICATE SKIPPED] 'P.Pandiselvi' (owned by SHREYAA ENTERPRISES, attempted by SHREYAA ENTERPRISES)
[2026-03-04 11:51:57] [WARNING] [DUPLICATE SKIPPED] 'P.SASIKUMAR' (owned by SHREYAA ENTERPRISES, attempted by SHREYAA ENTERPRISES)
[2026-03-04 11:51:57] [WARNING] [DUPLICATE SKIPPED] 'P.VASIYAPPAN' (owned by SHREYAA ENTERPRISES, attempted by SHREYAA ENTERPRISES)
[2026-03-04 11:51:57] [WARNING] [DUPLICATE SKIPPED] 'RAGHAVENDRA FOODS' (owned by SHREYAA ENTERPRISES, attempted by SHREYAA ENTERPRISES)
[2026-03-04 11:51:57] [WARNING] [DUPLICATE SKIPPED] 'RAGURAM FOODS' (owned by SHREYAA ENTERPRISES, attempted by SHREYAA ENTERPRISES)
[2026-03-04 11:51:57] [WARNING] [DUPLICATE SKIPPED] 'RAHA ARTS TMM' (owned by SHREYAA ENTERPRISES, attempted by SHREYAA ENTERPRISES)
[2026-03-04 11:51:57] [WARNING] [DUPLICATE SKIPPED] 'Raja Esakkimuthu' (owned by SHREYAA ENTERPRISES, attempted by SHREYAA ENTERPRISES)
[2026-03-04 11:51:57] [WARNING] [DUPLICATE SKIPPED] 'Raja Mohammed' (owned by SHREYAA ENTERPRISES, attempted by SHREYAA ENTERPRISES)
[2026-03-04 11:51:57] [WARNING] [DUPLICATE SKIPPED] 'Raja Motors' (owned by SHREYAA ENTERPRISES, attempted by SHREYAA ENTERPRISES)
[2026-03-04 11:51:57] [WARNING] [DUPLICATE SKIPPED] 'RAJA U CLAMB, VILLANGUDI' (owned by SHREYAA ENTERPRISES, attempted by SHREYAA ENTERPRISES)
[2026-03-04 11:51:57] [WARNING] [DUPLICATE SKIPPED] 'RAJENDRAN' (owned by SHREYAA ENTERPRISES, attempted by SHREYAA ENTERPRISES)
[2026-03-04 11:51:57] [WARNING] [DUPLICATE SKIPPED] 'RAJESHKUMAR TRADERS' (owned by SHREYAA ENTERPRISES, attempted by SHREYAA ENTERPRISES)
[2026-03-04 11:51:57] [WARNING] [DUPLICATE SKIPPED] 'RAJKUMAR JOSPE ANTHONY THASAN' (owned by SHREYAA ENTERPRISES, attempted by SHREYAA ENTERPRISES)
[2026-03-04 11:51:57] [WARNING] [DUPLICATE SKIPPED] 'RAJMOHAN (GUVARI), ALAMPATTI' (owned by SHREYAA ENTERPRISES, attempted by SHREYAA ENTERPRISES)
[2026-03-04 11:51:57] [WARNING] [DUPLICATE SKIPPED] 'Ramanan SP' (owned by SHREYAA ENTERPRISES, attempted by SHREYAA ENTERPRISES)
[2026-03-04 11:51:57] [WARNING] [DUPLICATE SKIPPED] 'RAM JEEVAN, NATTARMANGALAM' (owned by SHREYAA ENTERPRISES, attempted by SHREYAA ENTERPRISES)
[2026-03-04 11:51:57] [WARNING] [DUPLICATE SKIPPED] 'Rani Store' (owned by SHREYAA ENTERPRISES, attempted by SHREYAA ENTERPRISES)
[2026-03-04 11:51:57] [WARNING] [DUPLICATE SKIPPED] 'RASIK OLD MOTOR PARTS' (owned by SHREYAA ENTERPRISES, attempted by SHREYAA ENTERPRISES)
[2026-03-04 11:51:57] [WARNING] [DUPLICATE SKIPPED] 'RA STEEL' (owned by SHREYAA ENTERPRISES, attempted by SHREYAA ENTERPRISES)
[2026-03-04 11:51:57] [WARNING] [DUPLICATE SKIPPED] 'Rathinavel tinger' (owned by SHREYAA ENTERPRISES, attempted by SHREYAA ENTERPRISES)
[2026-03-04 11:51:57] [WARNING] [DUPLICATE SKIPPED] 'RAVI TRAILOR' (owned by SHREYAA ENTERPRISES, attempted by SHREYAA ENTERPRISES)
[2026-03-04 11:51:57] [WARNING] [DUPLICATE SKIPPED] 'R. Ganesan, VNR' (owned by SHREYAA ENTERPRISES, attempted by SHREYAA ENTERPRISES)
[2026-03-04 11:51:57] [WARNING] [DUPLICATE SKIPPED] 'R.KANNAN TWO WHEELER TINKER WORK' (owned by SHREYAA ENTERPRISES, attempted by SHREYAA ENTERPRISES)
[2026-03-04 11:51:57] [WARNING] [DUPLICATE SKIPPED] 'R.K.SERVICES' (owned by SHREYAA ENTERPRISES, attempted by SHREYAA ENTERPRISES)
[2026-03-04 11:51:57] [WARNING] [DUPLICATE SKIPPED] 'RK TRAILERS' (owned by SHREYAA ENTERPRISES, attempted by SHREYAA ENTERPRISES)
[2026-03-04 11:51:57] [WARNING] [DUPLICATE SKIPPED] 'R. MOHAN, IYANKOTTAI' (owned by SHREYAA ENTERPRISES, attempted by SHREYAA ENTERPRISES)
[2026-03-04 11:51:57] [WARNING] [DUPLICATE SKIPPED] 'R.Paulpandi' (owned by SHREYAA ENTERPRISES, attempted by SHREYAA ENTERPRISES)
[2026-03-04 11:51:57] [WARNING] [DUPLICATE SKIPPED] 'R R LATHE WORKS' (owned by SHREYAA ENTERPRISES, attempted by SHREYAA ENTERPRISES)
[2026-03-04 11:51:57] [WARNING] [DUPLICATE SKIPPED] 'R.SARAVANAN' (owned by SHREYAA ENTERPRISES, attempted by SHREYAA ENTERPRISES)
[2026-03-04 11:51:57] [WARNING] [DUPLICATE SKIPPED] 'Rsk Stainless Steel' (owned by SHREYAA ENTERPRISES, attempted by SHREYAA ENTERPRISES)
[2026-03-04 11:51:57] [WARNING] [DUPLICATE SKIPPED] 'SAI ENTERPRISES' (owned by SHREYAA ENTERPRISES, attempted by SHREYAA ENTERPRISES)
[2026-03-04 11:51:57] [WARNING] [DUPLICATE SKIPPED] 'SAI PRAGATHI IRON WORK' (owned by SHREYAA ENTERPRISES, attempted by SHREYAA ENTERPRISES)
[2026-03-04 11:51:57] [WARNING] [DUPLICATE SKIPPED] 'Sai Pranesh Agency, Natham' (owned by SHREYAA ENTERPRISES, attempted by SHREYAA ENTERPRISES)
[2026-03-04 11:51:57] [WARNING] [DUPLICATE SKIPPED] 'SAI RAM CONTRUCTION, MELAKOTTAI' (owned by SHREYAA ENTERPRISES, attempted by SHREYAA ENTERPRISES)
[2026-03-04 11:51:57] [WARNING] [DUPLICATE SKIPPED] 'SANKAR' (owned by SHREYAA ENTERPRISES, attempted by SHREYAA ENTERPRISES)
[2026-03-04 11:51:57] [WARNING] [DUPLICATE SKIPPED] 'SANKARALINGAM -LN2' (owned by SHREYAA ENTERPRISES, attempted by SHREYAA ENTERPRISES)
[2026-03-04 11:51:57] [WARNING] [DUPLICATE SKIPPED] 'SANKAR AUTO WORKS' (owned by SHREYAA ENTERPRISES, attempted by SHREYAA ENTERPRISES)
[2026-03-04 11:51:57] [WARNING] [DUPLICATE SKIPPED] 'SANTHOSH CLINIC' (owned by SHREYAA ENTERPRISES, attempted by SHREYAA ENTERPRISES)
[2026-03-04 11:51:57] [WARNING] [DUPLICATE SKIPPED] 'SANTHOSH INDUSTRIES' (owned by SHREYAA ENTERPRISES, attempted by SHREYAA ENTERPRISES)
[2026-03-04 11:51:57] [WARNING] [DUPLICATE SKIPPED] 'Sasi Arthanari' (owned by SHREYAA ENTERPRISES, attempted by SHREYAA ENTERPRISES)
[2026-03-04 11:51:57] [WARNING] [DUPLICATE SKIPPED] 'SEKAR BLUE METAL, THENI' (owned by SHREYAA ENTERPRISES, attempted by SHREYAA ENTERPRISES)
[2026-03-04 11:51:57] [WARNING] [DUPLICATE SKIPPED] 'Sekar Iron Shop Theni' (owned by SHREYAA ENTERPRISES, attempted by SHREYAA ENTERPRISES)
[2026-03-04 11:51:57] [WARNING] [DUPLICATE SKIPPED] 'SELVARAJ' (owned by SHREYAA ENTERPRISES, attempted by SHREYAA ENTERPRISES)
[2026-03-04 11:51:57] [WARNING] [DUPLICATE SKIPPED] 'Shahul' (owned by SHREYAA ENTERPRISES, attempted by SHREYAA ENTERPRISES)
[2026-03-04 11:51:57] [WARNING] [DUPLICATE SKIPPED] 'Shajagan' (owned by SHREYAA ENTERPRISES, attempted by SHREYAA ENTERPRISES)
[2026-03-04 11:51:57] [WARNING] [DUPLICATE SKIPPED] 'Shree Guru Govind Enterprises' (owned by SHREYAA ENTERPRISES, attempted by SHREYAA ENTERPRISES)
[2026-03-04 11:51:57] [WARNING] [DUPLICATE SKIPPED] 'SHREE KAMATCHIAMMAN STEELS' (owned by SHREYAA ENTERPRISES, attempted by SHREYAA ENTERPRISES)
[2026-03-04 11:51:57] [WARNING] [DUPLICATE SKIPPED] 'SHRI MEENAKSHI SUNDARESHWARAR GRANITES.' (owned by SHREYAA ENTERPRISES, attempted by SHREYAA ENTERPRISES)
[2026-03-04 11:51:57] [WARNING] [DUPLICATE SKIPPED] 'Shri Perumal Gases' (owned by SHREYAA ENTERPRISES, attempted by SHREYAA ENTERPRISES)
[2026-03-04 11:51:57] [WARNING] [DUPLICATE SKIPPED] 'SIKKANTHAR, VALAYAPATTI' (owned by SHREYAA ENTERPRISES, attempted by SHREYAA ENTERPRISES)
[2026-03-04 11:51:57] [WARNING] [DUPLICATE SKIPPED] 'SIVARANJANI LATHE WORKS' (owned by SHREYAA ENTERPRISES, attempted by SHREYAA ENTERPRISES)
[2026-03-04 11:51:57] [WARNING] [DUPLICATE SKIPPED] 'S K DEVENDRAN' (owned by SHREYAA ENTERPRISES, attempted by SHREYAA ENTERPRISES)
[2026-03-04 11:51:57] [WARNING] [DUPLICATE SKIPPED] 'S.K.M LORRY BODY BUILDERS' (owned by SHREYAA ENTERPRISES, attempted by SHREYAA ENTERPRISES)
[2026-03-04 11:51:57] [WARNING] [DUPLICATE SKIPPED] 'SM PATTARAI' (owned by SHREYAA ENTERPRISES, attempted by SHREYAA ENTERPRISES)
[2026-03-04 11:51:57] [WARNING] [DUPLICATE SKIPPED] 'S.M.S.STEEL' (owned by SHREYAA ENTERPRISES, attempted by SHREYAA ENTERPRISES)
[2026-03-04 11:51:57] [WARNING] [DUPLICATE SKIPPED] 'SOLOMAN CLINIC' (owned by SHREYAA ENTERPRISES, attempted by SHREYAA ENTERPRISES)
[2026-03-04 11:51:57] [WARNING] [DUPLICATE SKIPPED] 'Sree Bairava Trailors & Water Tanker' (owned by SHREYAA ENTERPRISES, attempted by SHREYAA ENTERPRISES)
[2026-03-04 11:51:57] [WARNING] [DUPLICATE SKIPPED] 'SREE JEYAM EXIM' (owned by SHREYAA ENTERPRISES, attempted by SHREYAA ENTERPRISES)
[2026-03-04 11:51:57] [WARNING] [DUPLICATE SKIPPED] 'SRI AMBAL IRON SHOP' (owned by SHREYAA ENTERPRISES, attempted by SHREYAA ENTERPRISES)
[2026-03-04 11:51:57] [WARNING] [DUPLICATE SKIPPED] 'SRI ANGALAMMAN EARTH MOVERS' (owned by SHREYAA ENTERPRISES, attempted by SHREYAA ENTERPRISES)
[2026-03-04 11:51:57] [WARNING] [DUPLICATE SKIPPED] 'SRI BALAJI GAS' (owned by SHREYAA ENTERPRISES, attempted by SHREYAA ENTERPRISES)
[2026-03-04 11:51:57] [WARNING] [DUPLICATE SKIPPED] 'Sri Dhurkai Ammal' (owned by SHREYAA ENTERPRISES, attempted by SHREYAA ENTERPRISES)
[2026-03-04 11:51:57] [WARNING] [DUPLICATE SKIPPED] 'SRI ELECTRONICS  & PLUMPING' (owned by SHREYAA ENTERPRISES, attempted by SHREYAA ENTERPRISES)
[2026-03-04 11:51:57] [WARNING] [DUPLICATE SKIPPED] 'SRI HARI GAS PASUMALAI' (owned by SHREYAA ENTERPRISES, attempted by SHREYAA ENTERPRISES)
[2026-03-04 11:51:57] [WARNING] [DUPLICATE SKIPPED] 'SRI KARPAGA VINAYAGAR SCRAP' (owned by SHREYAA ENTERPRISES, attempted by SHREYAA ENTERPRISES)
[2026-03-04 11:51:57] [WARNING] [DUPLICATE SKIPPED] 'SRI KARPAGA VINAYAKAR TINKER' (owned by SHREYAA ENTERPRISES, attempted by SHREYAA ENTERPRISES)
[2026-03-04 11:51:57] [WARNING] [DUPLICATE SKIPPED] 'SRI KRISHNA WELDDING' (owned by SHREYAA ENTERPRISES, attempted by SHREYAA ENTERPRISES)
[2026-03-04 11:51:57] [WARNING] [DUPLICATE SKIPPED] 'Sri Lakshmi Engineering' (owned by SHREYAA ENTERPRISES, attempted by SHREYAA ENTERPRISES)
[2026-03-04 11:51:57] [WARNING] [DUPLICATE SKIPPED] 'SRI MARI GAS WELDING' (owned by SHREYAA ENTERPRISES, attempted by SHREYAA ENTERPRISES)
[2026-03-04 11:51:57] [WARNING] [DUPLICATE SKIPPED] 'SRI MEENAKSHI SUNDARESWAR' (owned by SHREYAA ENTERPRISES, attempted by SHREYAA ENTERPRISES)
[2026-03-04 11:51:57] [WARNING] [DUPLICATE SKIPPED] 'SRINIVASAN SCRAP COMPANY' (owned by SHREYAA ENTERPRISES, attempted by SHREYAA ENTERPRISES)
[2026-03-04 11:51:57] [WARNING] [DUPLICATE SKIPPED] 'SRINIVASA TINKER PAINTING, CHELLAMPATTI' (owned by SHREYAA ENTERPRISES, attempted by SHREYAA ENTERPRISES)
[2026-03-04 11:51:57] [WARNING] [DUPLICATE SKIPPED] 'Sri Palani Andavar Agencies' (owned by SHREYAA ENTERPRISES, attempted by SHREYAA ENTERPRISES)
[2026-03-04 11:51:57] [WARNING] [DUPLICATE SKIPPED] 'Sri Pothys Steel' (owned by SHREYAA ENTERPRISES, attempted by SHREYAA ENTERPRISES)
[2026-03-04 11:51:57] [WARNING] [DUPLICATE SKIPPED] 'SRI RATHNA AUTO STORE' (owned by SHREYAA ENTERPRISES, attempted by SHREYAA ENTERPRISES)
[2026-03-04 11:51:57] [WARNING] [DUPLICATE SKIPPED] 'SRI SASTHA EARTH MOVERS' (owned by SHREYAA ENTERPRISES, attempted by SHREYAA ENTERPRISES)
[2026-03-04 11:51:57] [WARNING] [DUPLICATE SKIPPED] 'SRI SATHYA, THIRUMANGALAM' (owned by SHREYAA ENTERPRISES, attempted by SHREYAA ENTERPRISES)
[2026-03-04 11:51:57] [WARNING] [DUPLICATE SKIPPED] 'Sri Senthooran Enggineeing Works' (owned by SHREYAA ENTERPRISES, attempted by SHREYAA ENTERPRISES)
[2026-03-04 11:51:57] [WARNING] [DUPLICATE SKIPPED] 'SRI SENTHOOR EARTH MOVERS' (owned by SHREYAA ENTERPRISES, attempted by SHREYAA ENTERPRISES)
[2026-03-04 11:51:57] [WARNING] [DUPLICATE SKIPPED] 'SRI SONAI MUTHAIAHA COOLDRING' (owned by SHREYAA ENTERPRISES, attempted by SHREYAA ENTERPRISES)
[2026-03-04 11:51:57] [WARNING] [DUPLICATE SKIPPED] 'SRS TRADERS' (owned by SHREYAA ENTERPRISES, attempted by SHREYAA ENTERPRISES)
[2026-03-04 11:51:57] [WARNING] [DUPLICATE SKIPPED] 'S S ELECTRICALS & SERVICES' (owned by SHREYAA ENTERPRISES, attempted by SHREYAA ENTERPRISES)
[2026-03-04 11:51:57] [WARNING] [DUPLICATE SKIPPED] 'STAINLESS STEEL' (owned by SHREYAA ENTERPRISES, attempted by SHREYAA ENTERPRISES)
[2026-03-04 11:51:57] [WARNING] [DUPLICATE SKIPPED] 'St Marys Thirunelveli' (owned by SHREYAA ENTERPRISES, attempted by SHREYAA ENTERPRISES)
[2026-03-04 11:51:57] [WARNING] [DUPLICATE SKIPPED] 'Subburaman Iron and Steel,Dgl' (owned by SHREYAA ENTERPRISES, attempted by SHREYAA ENTERPRISES)
[2026-03-04 11:51:57] [WARNING] [DUPLICATE SKIPPED] 'SULTHAN MIETHIN' (owned by SHREYAA ENTERPRISES, attempted by SHREYAA ENTERPRISES)
[2026-03-04 11:51:57] [WARNING] [DUPLICATE SKIPPED] 'SUN AUTO CARRIAGE' (owned by SHREYAA ENTERPRISES, attempted by SHREYAA ENTERPRISES)
[2026-03-04 11:51:57] [INFO] [NEW CUSTOMER] 'Supper Weld Tech' saved (company: SHREYAA ENTERPRISES, GSTIN: )
[2026-03-04 11:51:57] [WARNING] [DUPLICATE SKIPPED] 'Suresh Agencies' (owned by SHREYAA ENTERPRISES, attempted by SHREYAA ENTERPRISES)
[2026-03-04 11:51:57] [WARNING] [DUPLICATE SKIPPED] 'SURYA STEEL' (owned by SHREYAA ENTERPRISES, attempted by SHREYAA ENTERPRISES)
[2026-03-04 11:51:57] [WARNING] [DUPLICATE SKIPPED] 'SURYA TECH' (owned by Surya Air System, attempted by SHREYAA ENTERPRISES)
[2026-03-04 11:51:57] [WARNING] [DUPLICATE SKIPPED] 'TAMILAN GOLI SODA' (owned by SHREYAA ENTERPRISES, attempted by SHREYAA ENTERPRISES)
[2026-03-04 11:51:57] [WARNING] [DUPLICATE SKIPPED] 'Thamarai Selvi Tinger Works' (owned by SHREYAA ENTERPRISES, attempted by SHREYAA ENTERPRISES)
[2026-03-04 11:51:57] [WARNING] [DUPLICATE SKIPPED] 'THANGAM SODA' (owned by SHREYAA ENTERPRISES, attempted by SHREYAA ENTERPRISES)
[2026-03-04 11:51:57] [WARNING] [DUPLICATE SKIPPED] 'THARUN LATHE WELDING WORKS' (owned by SHREYAA ENTERPRISES, attempted by SHREYAA ENTERPRISES)
[2026-03-04 11:51:57] [WARNING] [DUPLICATE SKIPPED] 'THE MADURA OXYGEN' (owned by SHREYAA ENTERPRISES, attempted by SHREYAA ENTERPRISES)
[2026-03-04 11:51:57] [WARNING] [DUPLICATE SKIPPED] 'THENRAL AMBULANCE' (owned by SHREYAA ENTERPRISES, attempted by SHREYAA ENTERPRISES)
[2026-03-04 11:51:57] [WARNING] [DUPLICATE SKIPPED] 'THE STORES' (owned by SHREYAA ENTERPRISES, attempted by SHREYAA ENTERPRISES)
[2026-03-04 11:51:57] [WARNING] [DUPLICATE SKIPPED] 'THIRUPATHY TRADERS' (owned by SHREYAA ENTERPRISES, attempted by SHREYAA ENTERPRISES)
[2026-03-04 11:51:57] [WARNING] [DUPLICATE SKIPPED] 'THIRUPPATHI(SIVAKASI)' (owned by SHREYAA ENTERPRISES, attempted by SHREYAA ENTERPRISES)
[2026-03-04 11:51:57] [WARNING] [DUPLICATE SKIPPED] 'T M AMBULANCE' (owned by SHREYAA ENTERPRISES, attempted by SHREYAA ENTERPRISES)
[2026-03-04 11:51:57] [WARNING] [DUPLICATE SKIPPED] 'TNTJ AMBULANCE VNR' (owned by SHREYAA ENTERPRISES, attempted by SHREYAA ENTERPRISES)
[2026-03-04 11:51:57] [WARNING] [DUPLICATE SKIPPED] 'URANI EARTH MOVERS, THIRUNAGAR' (owned by SHREYAA ENTERPRISES, attempted by SHREYAA ENTERPRISES)
[2026-03-04 11:51:57] [WARNING] [DUPLICATE SKIPPED] 'Vahitha Agency' (owned by SHREYAA ENTERPRISES, attempted by SHREYAA ENTERPRISES)
[2026-03-04 11:51:57] [WARNING] [DUPLICATE SKIPPED] 'Vava Iron Shop, Ramnad' (owned by SHREYAA ENTERPRISES, attempted by SHREYAA ENTERPRISES)
[2026-03-04 11:51:57] [WARNING] [DUPLICATE SKIPPED] 'VEL GAME WORLD' (owned by SHREYAA ENTERPRISES, attempted by SHREYAA ENTERPRISES)
[2026-03-04 11:51:57] [WARNING] [DUPLICATE SKIPPED] 'VELLMURUGAN WELDING. RAMD' (owned by SHREYAA ENTERPRISES, attempted by SHREYAA ENTERPRISES)
[2026-03-04 11:51:57] [WARNING] [DUPLICATE SKIPPED] 'VEL MANI STONE THENI' (owned by SHREYAA ENTERPRISES, attempted by SHREYAA ENTERPRISES)
[2026-03-04 11:51:57] [WARNING] [DUPLICATE SKIPPED] 'Venkatesh - Thanakkankulam' (owned by SHREYAA ENTERPRISES, attempted by SHREYAA ENTERPRISES)
[2026-03-04 11:51:57] [WARNING] [DUPLICATE SKIPPED] 'Venkateshwara Agency -Madurai' (owned by SHREYAA ENTERPRISES, attempted by SHREYAA ENTERPRISES)
[2026-03-04 11:51:57] [WARNING] [DUPLICATE SKIPPED] 'VIGNESH' (owned by SHREYAA ENTERPRISES, attempted by SHREYAA ENTERPRISES)
[2026-03-04 11:51:57] [WARNING] [DUPLICATE SKIPPED] 'VIJAYARAJAN-SVN' (owned by SHREYAA ENTERPRISES, attempted by SHREYAA ENTERPRISES)
[2026-03-04 11:51:57] [WARNING] [DUPLICATE SKIPPED] 'VIKRAM WELDING' (owned by SHREYAA ENTERPRISES, attempted by SHREYAA ENTERPRISES)
[2026-03-04 11:51:57] [WARNING] [DUPLICATE SKIPPED] 'VIP EVENTS' (owned by SHREYAA ENTERPRISES, attempted by SHREYAA ENTERPRISES)
[2026-03-04 11:51:57] [WARNING] [DUPLICATE SKIPPED] 'VIRUMANDI' (owned by SHREYAA ENTERPRISES, attempted by SHREYAA ENTERPRISES)
[2026-03-04 11:51:57] [WARNING] [DUPLICATE SKIPPED] 'Vitro Lab (Kk Nagar)' (owned by SHREYAA ENTERPRISES, attempted by SHREYAA ENTERPRISES)
[2026-03-04 11:51:57] [WARNING] [DUPLICATE SKIPPED] 'VMA OFFICE, AUNDIPATTI' (owned by SHREYAA ENTERPRISES, attempted by SHREYAA ENTERPRISES)
[2026-03-04 11:51:57] [WARNING] [DUPLICATE SKIPPED] 'VMP STEELS' (owned by SHREYAA ENTERPRISES, attempted by SHREYAA ENTERPRISES)
[2026-03-04 11:51:57] [WARNING] [DUPLICATE SKIPPED] 'VSB BALA' (owned by SHREYAA ENTERPRISES, attempted by SHREYAA ENTERPRISES)
[2026-03-04 11:51:57] [WARNING] [DUPLICATE SKIPPED] 'WEATHER DYNAMICS' (owned by SHREYAA ENTERPRISES, attempted by SHREYAA ENTERPRISES)
[2026-03-04 11:51:57] [WARNING] [DUPLICATE SKIPPED] 'Welcome Car Part' (owned by SHREYAA ENTERPRISES, attempted by SHREYAA ENTERPRISES)
[2026-03-04 11:51:57] [WARNING] [DUPLICATE SKIPPED] 'YASAR JUICE POINT' (owned by SHREYAA ENTERPRISES, attempted by SHREYAA ENTERPRISES)
[2026-03-04 11:51:57] [WARNING] [DUPLICATE SKIPPED] 'YASIN EVENTS' (owned by SHREYAA ENTERPRISES, attempted by SHREYAA ENTERPRISES)
[2026-03-04 11:51:57] [WARNING] [DUPLICATE SKIPPED] 'YUVANESH DHALL MILL' (owned by SHREYAA ENTERPRISES, attempted by SHREYAA ENTERPRISES)
[2026-03-04 11:51:57] [WARNING] [DUPLICATE SKIPPED] 'YUVAN FRESH DRINKS' (owned by SHREYAA ENTERPRISES, attempted by SHREYAA ENTERPRISES)
[2026-03-04 11:51:57] [WARNING] [DUPLICATE SKIPPED] 'ZAKIR HUSSAIN' (owned by SHREYAA ENTERPRISES, attempted by SHREYAA ENTERPRISES)
[2026-03-04 11:51:57] [WARNING] [DUPLICATE SKIPPED] 'ZERO POINT' (owned by SHREYAA ENTERPRISES, attempted by SHREYAA ENTERPRISES)
[2026-03-04 11:51:57] [INFO] 
============================================================
[2026-03-04 11:51:57] [INFO] Processing: Surya Air System (COMPANY_2)
[2026-03-04 11:51:57] [INFO] ============================================================
[2026-03-04 11:51:57] [INFO] Fetched 3 customers from Tally
[2026-03-04 11:51:57] [WARNING] [DUPLICATE SKIPPED] '6' (owned by Surya Air System, attempted by Surya Air System)
[2026-03-04 11:51:57] [INFO] [NEW CUSTOMER] 'All Gas' saved (company: Surya Air System, GSTIN: )
[2026-03-04 11:51:57] [WARNING] [DUPLICATE SKIPPED] 'SURYA TECH' (owned by Surya Air System, attempted by Surya Air System)
[2026-03-04 11:51:57] [INFO] 
============================================================
[2026-03-04 11:51:57] [INFO] Processing: BHARATH OXYGEN LICENSEE (COMPANY_3)
[2026-03-04 11:51:57] [INFO] ============================================================
[2026-03-04 11:51:57] [INFO] Fetched 6 customers from Tally
[2026-03-04 11:51:57] [INFO] [NEW CUSTOMER] 'ARS STEEL' saved (company: BHARATH OXYGEN LICENSEE, GSTIN: )
[2026-03-04 11:51:57] [INFO] [NEW CUSTOMER] 'Deenak Engineering' saved (company: BHARATH OXYGEN LICENSEE, GSTIN: )
[2026-03-04 11:51:57] [INFO] [NEW CUSTOMER] 'High Tracker' saved (company: BHARATH OXYGEN LICENSEE, GSTIN: )
[2026-03-04 11:51:57] [INFO] [NEW CUSTOMER] 'SKV Engineering India Private Limited' saved (company: BHARATH OXYGEN LICENSEE, GSTIN: )
[2026-03-04 11:51:57] [INFO] [NEW CUSTOMER] 'Sri Sai Hanuman Smelters Pvt Ltd' saved (company: BHARATH OXYGEN LICENSEE, GSTIN: )
[2026-03-04 11:51:57] [INFO] [NEW CUSTOMER] 'TMT Metal Tech Pvt Ltd' saved (company: BHARATH OXYGEN LICENSEE, GSTIN: 29ABCDE1234F1Z5)
[2026-03-04 11:51:57] [INFO] 
============================================================
[2026-03-04 11:51:57] [INFO] CUSTOMER FETCH SUMMARY
[2026-03-04 11:51:57] [INFO] ============================================================
[2026-03-04 11:51:57] [INFO] Total Fetched from Tally: 323
[2026-03-04 11:51:57] [INFO] New Customers Saved: 8
[2026-03-04 11:51:57] [INFO] Duplicates Skipped: 315
[2026-03-04 11:51:57] [INFO] Errors: 0
[2026-03-04 11:51:57] [INFO] ============================================================
[2026-03-04 11:51:57] [INFO] 
Database Statistics:
[2026-03-04 11:51:57] [INFO] Total Customers: 322
[2026-03-04 11:51:57] [INFO] Customers by Company: {'BHARATH OXYGEN LICENSEE': 6, 'SHREYAA ENTERPRISES': 313, 'Surya Air System': 3}
[2026-03-04 11:51:57] [INFO] Synced Customers: 314
