[2026-03-04 11:57:54] [INFO] Starting invoice fetch from 3 companies
[2026-03-04 11:57:54] [INFO] Date filter: from 20260228 onward (query upper bound: 20991231)
[2026-03-04 11:57:54] [INFO] Active companies: SHREYAA ENTERPRISES, Surya Air System, BHARATH OXYGEN LICENSEE
[2026-03-04 11:57:54] [INFO] 
============================================================
[2026-03-04 11:57:54] [INFO] Processing: SHREYAA ENTERPRISES (COMPANY_1)
[2026-03-04 11:57:54] [INFO] ============================================================
[2026-03-04 11:58:05] [INFO] Fetched 1969 invoices from Tally
[2026-03-04 11:58:05] [INFO] [DATE SKIP] #IO-1 (SHREYAA ENTERPRISES): date 20251006 before start date 20260228
[2026-03-04 11:58:05] [INFO] [DATE SKIP] #IO-2 (SHREYAA ENTERPRISES): date 20251006 before start date 20260228
[2026-03-04 11:58:05] [INFO] [DATE SKIP] #ARG-1 (SHREYAA ENTERPRISES): date 20251006 before start date 20260228
[2026-03-04 11:58:05] [INFO] [DATE SKIP] #ARG-2 (SHREYAA ENTERPRISES): date 20251006 before start date 20260228
[2026-03-04 11:58:05] [INFO] [DATE SKIP] #IO-3 (SHREYAA ENTERPRISES): date 20251006 before start date 20260228
[2026-03-04 11:58:05] [INFO] [DATE SKIP] #IO-4 (SHREYAA ENTERPRISES): date 20251006 before start date 20260228
[2026-03-04 11:58:05] [INFO] [DATE SKIP] #IO-5 (SHREYAA ENTERPRISES): date 20251006 before start date 20260228
[2026-03-04 11:58:05] [INFO] [DATE SKIP] #L2N-1 (SHREYAA ENTERPRISES): date 20251006 before start date 20260228
[2026-03-04 11:58:05] [INFO] [DATE SKIP] #IO-6 (SHREYAA ENTERPRISES): date 20251006 before start date 20260228
[2026-03-04 11:58:05] [INFO] [DATE SKIP] #ARG-3 (SHREYAA ENTERPRISES): date 20251006 before start date 20260228
[2026-03-04 11:58:05] [INFO] [DATE SKIP] #IO-7 (SHREYAA ENTERPRISES): date 20251006 before start date 20260228
[2026-03-04 11:58:05] [INFO] [DATE SKIP] #IO-8 (SHREYAA ENTERPRISES): date 20251006 before start date 20260228
[2026-03-04 11:58:05] [INFO] [DATE SKIP] #IO-9 (SHREYAA ENTERPRISES): date 20251006 before start date 20260228
[2026-03-04 11:58:05] [INFO] [DATE SKIP] #IO-10 (SHREYAA ENTERPRISES): date 20251006 before start date 20260228
[2026-03-04 11:58:05] [INFO] [DATE SKIP] #IO-11 (SHREYAA ENTERPRISES): date 20251006 before start date 20260228
[2026-03-04 11:58:05] [INFO] [DATE SKIP] #IO-12 (SHREYAA ENTERPRISES): date 20251006 before start date 20260228
[2026-03-04 11:58:05] [INFO] [DATE SKIP] #IO-13 (SHREYAA ENTERPRISES): date 20251006 before start date 20260228
[2026-03-04 11:58:05] [INFO] [DATE SKIP] #IO-14 (SHREYAA ENTERPRISES): date 20251007 before start date 20260228
[2026-03-04 11:58:05] [INFO] [DATE SKIP] #IO-15 (SHREYAA ENTERPRISES): date 20251007 before start date 20260228
[2026-03-04 11:58:05] [INFO] [DATE SKIP] #IO-16 (SHREYAA ENTERPRISES): date 20251007 before start date 20260228
[2026-03-04 11:58:05] [INFO] [DATE SKIP] #CO2-1 (SHREYAA ENTERPRISES): date 20251007 before start date 20260228
[2026-03-04 11:58:05] [INFO] [DATE SKIP] #CO2-2 (SHREYAA ENTERPRISES): date 20251007 before start date 20260228
[2026-03-04 11:58:05] [INFO] [DATE SKIP] #IO-17 (SHREYAA ENTERPRISES): date 20251007 before start date 20260228
[2026-03-04 11:58:05] [INFO] [DATE SKIP] #IO-18 (SHREYAA ENTERPRISES): date 20251007 before start date 20260228
[2026-03-04 11:58:05] [INFO] [DATE SKIP] #IO-19 (SHREYAA ENTERPRISES): date 20251007 before start date 20260228
[2026-03-04 11:58:05] [INFO] [DATE SKIP] #IO-20 (SHREYAA ENTERPRISES): date 20251007 before start date 20260228
[2026-03-04 11:58:05] [INFO] [DATE SKIP] #IO-21 (SHREYAA ENTERPRISES): date 20251007 before start date 20260228
[2026-03-04 11:58:05] [INFO] [DATE SKIP] #IO-22 (SHREYAA ENTERPRISES): date 20251007 before start date 20260228
[2026-03-04 11:58:05] [INFO] [DATE SKIP] #IO-23 (SHREYAA ENTERPRISES): date 20251007 before start date 20260228
[2026-03-04 11:58:05] [INFO] [DATE SKIP] #IO-24 (SHREYAA ENTERPRISES): date 20251007 before start date 20260228
[2026-03-04 11:58:05] [INFO] [DATE SKIP] #IO-25 (SHREYAA ENTERPRISES): date 20251007 before start date 20260228
[2026-03-04 11:58:05] [INFO] [DATE SKIP] #IO-26 (SHREYAA ENTERPRISES): date 20251007 before start date 20260228
[2026-03-04 11:58:05] [INFO] [DATE SKIP] #IO-27 (SHREYAA ENTERPRISES): date 20251008 before start date 20260228
[2026-03-04 11:58:05] [INFO] [DATE SKIP] #ARG-4 (SHREYAA ENTERPRISES): date 20251008 before start date 20260228
[2026-03-04 11:58:05] [INFO] [DATE SKIP] #ARG-5 (SHREYAA ENTERPRISES): date 20251008 before start date 20260228
[2026-03-04 11:58:05] [INFO] [DATE SKIP] #CO2-3 (SHREYAA ENTERPRISES): date 20251008 before start date 20260228
[2026-03-04 11:58:05] [INFO] [DATE SKIP] #IO-28 (SHREYAA ENTERPRISES): date 20251008 before start date 20260228
[2026-03-04 11:58:05] [INFO] [DATE SKIP] #IO-29 (SHREYAA ENTERPRISES): date 20251008 before start date 20260228
[2026-03-04 11:58:05] [INFO] [DATE SKIP] #IO-30 (SHREYAA ENTERPRISES): date 20251008 before start date 20260228
[2026-03-04 11:58:05] [INFO] [DATE SKIP] #IO-31 (SHREYAA ENTERPRISES): date 20251008 before start date 20260228
[2026-03-04 11:58:05] [INFO] [DATE SKIP] #IO-32 (SHREYAA ENTERPRISES): date 20251008 before start date 20260228
[2026-03-04 11:58:05] [INFO] [DATE SKIP] #IO-33 (SHREYAA ENTERPRISES): date 20251008 before start date 20260228
[2026-03-04 11:58:05] [INFO] [DATE SKIP] #IO-34 (SHREYAA ENTERPRISES): date 20251008 before start date 20260228
[2026-03-04 11:58:05] [INFO] [DATE SKIP] #IO-35 (SHREYAA ENTERPRISES): date 20251008 before start date 20260228
[2026-03-04 11:58:05] [INFO] [DATE SKIP] #IO-36 (SHREYAA ENTERPRISES): date 20251008 before start date 20260228
[2026-03-04 11:58:05] [INFO] [DATE SKIP] #IO-37 (SHREYAA ENTERPRISES): date 20251008 before start date 20260228
[2026-03-04 11:58:05] [INFO] [DATE SKIP] #IO-38 (SHREYAA ENTERPRISES): date 20251009 before start date 20260228
[2026-03-04 11:58:05] [INFO] [DATE SKIP] #IO-39 (SHREYAA ENTERPRISES): date 20251009 before start date 20260228
[2026-03-04 11:58:05] [INFO] [DATE SKIP] #IO-40 (SHREYAA ENTERPRISES): date 20251009 before start date 20260228
[2026-03-04 11:58:05] [INFO] [DATE SKIP] #IO-41 (SHREYAA ENTERPRISES): date 20251009 before start date 20260228
[2026-03-04 11:58:05] [INFO] [DATE SKIP] #IO-42 (SHREYAA ENTERPRISES): date 20251009 before start date 20260228
[2026-03-04 11:58:05] [INFO] [DATE SKIP] #IO-43 (SHREYAA ENTERPRISES): date 20251009 before start date 20260228
[2026-03-04 11:58:05] [INFO] [DATE SKIP] #IO-44 (SHREYAA ENTERPRISES): date 20251009 before start date 20260228
[2026-03-04 11:58:05] [INFO] [DATE SKIP] #IO-45 (SHREYAA ENTERPRISES): date 20251010 before start date 20260228
[2026-03-04 11:58:05] [INFO] [DATE SKIP] #IO-46 (SHREYAA ENTERPRISES): date 20251010 before start date 20260228
[2026-03-04 11:58:05] [INFO] [DATE SKIP] #IO-47 (SHREYAA ENTERPRISES): date 20251010 before start date 20260228
[2026-03-04 11:58:05] [INFO] [DATE SKIP] #IO-48 (SHREYAA ENTERPRISES): date 20251010 before start date 20260228
[2026-03-04 11:58:05] [INFO] [DATE SKIP] #IO-49 (SHREYAA ENTERPRISES): date 20251010 before start date 20260228
[2026-03-04 11:58:05] [INFO] [DATE SKIP] #IO-50 (SHREYAA ENTERPRISES): date 20251010 before start date 20260228
[2026-03-04 11:58:05] [INFO] [DATE SKIP] #IO-51 (SHREYAA ENTERPRISES): date 20251010 before start date 20260228
[2026-03-04 11:58:05] [INFO] [DATE SKIP] #IO-52 (SHREYAA ENTERPRISES): date 20251010 before start date 20260228
[2026-03-04 11:58:05] [INFO] [DATE SKIP] #IO-54 (SHREYAA ENTERPRISES): date 20251010 before start date 20260228
[2026-03-04 11:58:05] [INFO] [DATE SKIP] #IO-55 (SHREYAA ENTERPRISES): date 20251010 before start date 20260228
[2026-03-04 11:58:05] [INFO] [DATE SKIP] #IO-56 (SHREYAA ENTERPRISES): date 20251010 before start date 20260228
[2026-03-04 11:58:05] [INFO] [DATE SKIP] #IO-57 (SHREYAA ENTERPRISES): date 20251010 before start date 20260228
[2026-03-04 11:58:05] [INFO] [DATE SKIP] #IO-58 (SHREYAA ENTERPRISES): date 20251010 before start date 20260228
[2026-03-04 11:58:05] [INFO] [DATE SKIP] #1 (SHREYAA ENTERPRISES): date 20251010 before start date 20260228
[2026-03-04 11:58:05] [INFO] [DATE SKIP] #IO-59 (SHREYAA ENTERPRISES): date 20251010 before start date 20260228
[2026-03-04 11:58:05] [INFO] [DATE SKIP] #IO-60 (SHREYAA ENTERPRISES): date 20251010 before start date 20260228
[2026-03-04 11:58:05] [INFO] [DATE SKIP] #IO-61 (SHREYAA ENTERPRISES): date 20251010 before start date 20260228
[2026-03-04 11:58:05] [INFO] [DATE SKIP] #IO-62 (SHREYAA ENTERPRISES): date 20251011 before start date 20260228
[2026-03-04 11:58:05] [INFO] [DATE SKIP] #ARG-6 (SHREYAA ENTERPRISES): date 20251011 before start date 20260228
[2026-03-04 11:58:05] [INFO] [DATE SKIP] #IO-63 (SHREYAA ENTERPRISES): date 20251011 before start date 20260228
[2026-03-04 11:58:05] [INFO] [DATE SKIP] #CO2-4 (SHREYAA ENTERPRISES): date 20251011 before start date 20260228
[2026-03-04 11:58:05] [INFO] [DATE SKIP] #IO-64 (SHREYAA ENTERPRISES): date 20251011 before start date 20260228
[2026-03-04 11:58:05] [INFO] [DATE SKIP] #IO-65 (SHREYAA ENTERPRISES): date 20251011 before start date 20260228
[2026-03-04 11:58:05] [INFO] [DATE SKIP] #IO-66 (SHREYAA ENTERPRISES): date 20251011 before start date 20260228
[2026-03-04 11:58:05] [INFO] [DATE SKIP] #IO-68 (SHREYAA ENTERPRISES): date 20251011 before start date 20260228
[2026-03-04 11:58:05] [INFO] [DATE SKIP] #IO-67 (SHREYAA ENTERPRISES): date 20251011 before start date 20260228
[2026-03-04 11:58:05] [INFO] [DATE SKIP] #IO-69 (SHREYAA ENTERPRISES): date 20251011 before start date 20260228
[2026-03-04 11:58:05] [INFO] [DATE SKIP] #IO-70 (SHREYAA ENTERPRISES): date 20251011 before start date 20260228
[2026-03-04 11:58:05] [INFO] [DATE SKIP] #IO-71 (SHREYAA ENTERPRISES): date 20251011 before start date 20260228
[2026-03-04 11:58:05] [INFO] [DATE SKIP] #IO-72 (SHREYAA ENTERPRISES): date 20251011 before start date 20260228
[2026-03-04 11:58:05] [INFO] [DATE SKIP] #IO-73 (SHREYAA ENTERPRISES): date 20251011 before start date 20260228
[2026-03-04 11:58:05] [INFO] [DATE SKIP] #2 (SHREYAA ENTERPRISES): date 20251011 before start date 20260228
[2026-03-04 11:58:05] [INFO] [DATE SKIP] #IO-74 (SHREYAA ENTERPRISES): date 20251011 before start date 20260228
[2026-03-04 11:58:05] [INFO] [DATE SKIP] #IO-75 (SHREYAA ENTERPRISES): date 20251011 before start date 20260228
[2026-03-04 11:58:05] [INFO] [DATE SKIP] #IO-76 (SHREYAA ENTERPRISES): date 20251011 before start date 20260228
[2026-03-04 11:58:05] [INFO] [DATE SKIP] #IO-77 (SHREYAA ENTERPRISES): date 20251011 before start date 20260228
[2026-03-04 11:58:05] [INFO] [DATE SKIP] #IO-78 (SHREYAA ENTERPRISES): date 20251011 before start date 20260228
[2026-03-04 11:58:05] [INFO] [DATE SKIP] #IO-79 (SHREYAA ENTERPRISES): date 20251013 before start date 20260228
[2026-03-04 11:58:05] [INFO] [DATE SKIP] #IO-80 (SHREYAA ENTERPRISES): date 20251013 before start date 20260228
[2026-03-04 11:58:05] [INFO] [DATE SKIP] #IO-81 (SHREYAA ENTERPRISES): date 20251013 before start date 20260228
[2026-03-04 11:58:05] [INFO] [DATE SKIP] #IO-82 (SHREYAA ENTERPRISES): date 20251013 before start date 20260228
[2026-03-04 11:58:05] [INFO] [DATE SKIP] #IO-83 (SHREYAA ENTERPRISES): date 20251013 before start date 20260228
[2026-03-04 11:58:05] [INFO] [DATE SKIP] #IO-84 (SHREYAA ENTERPRISES): date 20251013 before start date 20260228
[2026-03-04 11:58:05] [INFO] [DATE SKIP] #IO-85 (SHREYAA ENTERPRISES): date 20251013 before start date 20260228
[2026-03-04 11:58:05] [INFO] [DATE SKIP] #IO-86 (SHREYAA ENTERPRISES): date 20251013 before start date 20260228
[2026-03-04 11:58:05] [INFO] [DATE SKIP] #CO2-5 (SHREYAA ENTERPRISES): date 20251013 before start date 20260228
[2026-03-04 11:58:05] [INFO] [DATE SKIP] #L2N-2 (SHREYAA ENTERPRISES): date 20251013 before start date 20260228
[2026-03-04 11:58:05] [INFO] [DATE SKIP] #IO-87 (SHREYAA ENTERPRISES): date 20251013 before start date 20260228
[2026-03-04 11:58:05] [INFO] [DATE SKIP] #IO-88 (SHREYAA ENTERPRISES): date 20251013 before start date 20260228
[2026-03-04 11:58:05] [INFO] [DATE SKIP] #IO-89 (SHREYAA ENTERPRISES): date 20251013 before start date 20260228
[2026-03-04 11:58:05] [INFO] [DATE SKIP] #IO-90 (SHREYAA ENTERPRISES): date 20251013 before start date 20260228
[2026-03-04 11:58:05] [INFO] [DATE SKIP] #IO-91 (SHREYAA ENTERPRISES): date 20251013 before start date 20260228
[2026-03-04 11:58:05] [INFO] [DATE SKIP] #IO-95 (SHREYAA ENTERPRISES): date 20251013 before start date 20260228
[2026-03-04 11:58:05] [INFO] [DATE SKIP] #IO-96 (SHREYAA ENTERPRISES): date 20251013 before start date 20260228
[2026-03-04 11:58:05] [INFO] [DATE SKIP] #IO-97 (SHREYAA ENTERPRISES): date 20251013 before start date 20260228
[2026-03-04 11:58:05] [INFO] [DATE SKIP] #CO2-7 (SHREYAA ENTERPRISES): date 20251013 before start date 20260228
[2026-03-04 11:58:05] [INFO] [DATE SKIP] #IO-98 (SHREYAA ENTERPRISES): date 20251013 before start date 20260228
[2026-03-04 11:58:05] [INFO] [DATE SKIP] #IO-99 (SHREYAA ENTERPRISES): date 20251014 before start date 20260228
[2026-03-04 11:58:05] [INFO] [DATE SKIP] #IO-100 (SHREYAA ENTERPRISES): date 20251014 before start date 20260228
[2026-03-04 11:58:05] [INFO] [DATE SKIP] #IO-101 (SHREYAA ENTERPRISES): date 20251014 before start date 20260228
[2026-03-04 11:58:05] [INFO] [DATE SKIP] #IO-102 (SHREYAA ENTERPRISES): date 20251014 before start date 20260228
[2026-03-04 11:58:05] [INFO] [DATE SKIP] #IO-103 (SHREYAA ENTERPRISES): date 20251014 before start date 20260228
[2026-03-04 11:58:05] [INFO] [DATE SKIP] #CO2-8 (SHREYAA ENTERPRISES): date 20251014 before start date 20260228
[2026-03-04 11:58:05] [INFO] [DATE SKIP] #IO-104 (SHREYAA ENTERPRISES): date 20251014 before start date 20260228
[2026-03-04 11:58:05] [INFO] [DATE SKIP] #IO-105 (SHREYAA ENTERPRISES): date 20251014 before start date 20260228
[2026-03-04 11:58:05] [INFO] [DATE SKIP] #IO-106 (SHREYAA ENTERPRISES): date 20251014 before start date 20260228
[2026-03-04 11:58:05] [INFO] [DATE SKIP] #IO-107 (SHREYAA ENTERPRISES): date 20251014 before start date 20260228
[2026-03-04 11:58:05] [INFO] [DATE SKIP] #IO-108 (SHREYAA ENTERPRISES): date 20251014 before start date 20260228
[2026-03-04 11:58:05] [INFO] [DATE SKIP] #IO-109 (SHREYAA ENTERPRISES): date 20251014 before start date 20260228
[2026-03-04 11:58:05] [INFO] [DATE SKIP] #IO-110 (SHREYAA ENTERPRISES): date 20251014 before start date 20260228
[2026-03-04 11:58:05] [INFO] [DATE SKIP] #IO-111 (SHREYAA ENTERPRISES): date 20251014 before start date 20260228
[2026-03-04 11:58:05] [INFO] [DATE SKIP] #IO-112 (SHREYAA ENTERPRISES): date 20251014 before start date 20260228
[2026-03-04 11:58:05] [INFO] [DATE SKIP] #IO-113 (SHREYAA ENTERPRISES): date 20251014 before start date 20260228
[2026-03-04 11:58:05] [INFO] [DATE SKIP] #3 (SHREYAA ENTERPRISES): date 20251014 before start date 20260228
[2026-03-04 11:58:05] [INFO] [DATE SKIP] #IO-114 (SHREYAA ENTERPRISES): date 20251014 before start date 20260228
[2026-03-04 11:58:05] [INFO] [DATE SKIP] #4 (SHREYAA ENTERPRISES): date 20251014 before start date 20260228
[2026-03-04 11:58:05] [INFO] [DATE SKIP] #IO-123 (SHREYAA ENTERPRISES): date 20251015 before start date 20260228
[2026-03-04 11:58:05] [INFO] [DATE SKIP] #IO-115 (SHREYAA ENTERPRISES): date 20251015 before start date 20260228
[2026-03-04 11:58:05] [INFO] [DATE SKIP] #IO-116 (SHREYAA ENTERPRISES): date 20251015 before start date 20260228
[2026-03-04 11:58:05] [INFO] [DATE SKIP] #IO-119 (SHREYAA ENTERPRISES): date 20251015 before start date 20260228
[2026-03-04 11:58:05] [INFO] [DATE SKIP] #IO-120 (SHREYAA ENTERPRISES): date 20251015 before start date 20260228
[2026-03-04 11:58:05] [INFO] [DATE SKIP] #IO-118 (SHREYAA ENTERPRISES): date 20251015 before start date 20260228
[2026-03-04 11:58:05] [INFO] [DATE SKIP] #IO-121 (SHREYAA ENTERPRISES): date 20251015 before start date 20260228
[2026-03-04 11:58:05] [INFO] [DATE SKIP] #IO-117 (SHREYAA ENTERPRISES): date 20251015 before start date 20260228
[2026-03-04 11:58:05] [INFO] [DATE SKIP] #IO-122 (SHREYAA ENTERPRISES): date 20251015 before start date 20260228
[2026-03-04 11:58:05] [INFO] [DATE SKIP] #IO-124 (SHREYAA ENTERPRISES): date 20251015 before start date 20260228
[2026-03-04 11:58:05] [INFO] [DATE SKIP] #L2N-4 (SHREYAA ENTERPRISES): date 20251015 before start date 20260228
[2026-03-04 11:58:05] [INFO] [DATE SKIP] #IO-125 (SHREYAA ENTERPRISES): date 20251016 before start date 20260228
[2026-03-04 11:58:05] [INFO] [DATE SKIP] #IO-126 (SHREYAA ENTERPRISES): date 20251016 before start date 20260228
[2026-03-04 11:58:05] [INFO] [DATE SKIP] #IO-127 (SHREYAA ENTERPRISES): date 20251016 before start date 20260228
[2026-03-04 11:58:05] [INFO] [DATE SKIP] #IO-128 (SHREYAA ENTERPRISES): date 20251016 before start date 20260228
[2026-03-04 11:58:05] [INFO] [DATE SKIP] #IO-129 (SHREYAA ENTERPRISES): date 20251016 before start date 20260228
[2026-03-04 11:58:05] [INFO] [DATE SKIP] #IO-130 (SHREYAA ENTERPRISES): date 20251016 before start date 20260228
[2026-03-04 11:58:05] [INFO] [DATE SKIP] #IO-131 (SHREYAA ENTERPRISES): date 20251016 before start date 20260228
[2026-03-04 11:58:05] [INFO] [DATE SKIP] #IO-132 (SHREYAA ENTERPRISES): date 20251016 before start date 20260228
[2026-03-04 11:58:05] [INFO] [DATE SKIP] #IO-133 (SHREYAA ENTERPRISES): date 20251016 before start date 20260228
[2026-03-04 11:58:05] [INFO] [DATE SKIP] #IO-134 (SHREYAA ENTERPRISES): date 20251016 before start date 20260228
[2026-03-04 11:58:05] [INFO] [DATE SKIP] #IO-135 (SHREYAA ENTERPRISES): date 20251016 before start date 20260228
[2026-03-04 11:58:05] [INFO] [DATE SKIP] #IO-136 (SHREYAA ENTERPRISES): date 20251016 before start date 20260228
[2026-03-04 11:58:05] [INFO] [DATE SKIP] #IO-137 (SHREYAA ENTERPRISES): date 20251016 before start date 20260228
[2026-03-04 11:58:05] [INFO] [DATE SKIP] #IO-138 (SHREYAA ENTERPRISES): date 20251016 before start date 20260228
[2026-03-04 11:58:05] [INFO] [DATE SKIP] #IO-139 (SHREYAA ENTERPRISES): date 20251017 before start date 20260228
[2026-03-04 11:58:05] [INFO] [DATE SKIP] #IO-140 (SHREYAA ENTERPRISES): date 20251017 before start date 20260228
[2026-03-04 11:58:05] [INFO] [DATE SKIP] #IO-141 (SHREYAA ENTERPRISES): date 20251017 before start date 20260228
[2026-03-04 11:58:05] [INFO] [DATE SKIP] #ARG-8 (SHREYAA ENTERPRISES): date 20251017 before start date 20260228
[2026-03-04 11:58:05] [INFO] [DATE SKIP] #IO-142 (SHREYAA ENTERPRISES): date 20251017 before start date 20260228
[2026-03-04 11:58:05] [INFO] [DATE SKIP] #IO-143 (SHREYAA ENTERPRISES): date 20251017 before start date 20260228
[2026-03-04 11:58:05] [INFO] [DATE SKIP] #IO-144 (SHREYAA ENTERPRISES): date 20251017 before start date 20260228
[2026-03-04 11:58:05] [INFO] [DATE SKIP] #L2N-5 (SHREYAA ENTERPRISES): date 20251017 before start date 20260228
[2026-03-04 11:58:05] [INFO] [DATE SKIP] #IO-145 (SHREYAA ENTERPRISES): date 20251017 before start date 20260228
[2026-03-04 11:58:05] [INFO] [DATE SKIP] #IO-146 (SHREYAA ENTERPRISES): date 20251017 before start date 20260228
[2026-03-04 11:58:05] [INFO] [DATE SKIP] #IO-147 (SHREYAA ENTERPRISES): date 20251017 before start date 20260228
[2026-03-04 11:58:05] [INFO] [DATE SKIP] #IO-148 (SHREYAA ENTERPRISES): date 20251017 before start date 20260228
[2026-03-04 11:58:05] [INFO] [DATE SKIP] #IO-149 (SHREYAA ENTERPRISES): date 20251017 before start date 20260228
[2026-03-04 11:58:05] [INFO] [DATE SKIP] #IO-150 (SHREYAA ENTERPRISES): date 20251017 before start date 20260228
[2026-03-04 11:58:05] [INFO] [DATE SKIP] #IO-151 (SHREYAA ENTERPRISES): date 20251017 before start date 20260228
[2026-03-04 11:58:05] [INFO] [DATE SKIP] #5 (SHREYAA ENTERPRISES): date 20251017 before start date 20260228
[2026-03-04 11:58:05] [INFO] [DATE SKIP] #IO-152 (SHREYAA ENTERPRISES): date 20251017 before start date 20260228
[2026-03-04 11:58:05] [INFO] [DATE SKIP] #IO-192 (SHREYAA ENTERPRISES): date 20251017 before start date 20260228
[2026-03-04 11:58:05] [INFO] [DATE SKIP] #IO-193 (SHREYAA ENTERPRISES): date 20251017 before start date 20260228
[2026-03-04 11:58:05] [INFO] [DATE SKIP] #IO-153 (SHREYAA ENTERPRISES): date 20251018 before start date 20260228
[2026-03-04 11:58:05] [INFO] [DATE SKIP] #IO-154 (SHREYAA ENTERPRISES): date 20251018 before start date 20260228
[2026-03-04 11:58:05] [INFO] [DATE SKIP] #IO-155 (SHREYAA ENTERPRISES): date 20251018 before start date 20260228
[2026-03-04 11:58:05] [INFO] [DATE SKIP] #IO-156 (SHREYAA ENTERPRISES): date 20251018 before start date 20260228
[2026-03-04 11:58:05] [INFO] [DATE SKIP] #6 (SHREYAA ENTERPRISES): date 20251018 before start date 20260228
[2026-03-04 11:58:05] [INFO] [DATE SKIP] #7 (SHREYAA ENTERPRISES): date 20251018 before start date 20260228
[2026-03-04 11:58:05] [INFO] [DATE SKIP] #IO-157 (SHREYAA ENTERPRISES): date 20251018 before start date 20260228
[2026-03-04 11:58:05] [INFO] [DATE SKIP] #IO-158 (SHREYAA ENTERPRISES): date 20251022 before start date 20260228
[2026-03-04 11:58:05] [INFO] [DATE SKIP] #IO-159 (SHREYAA ENTERPRISES): date 20251022 before start date 20260228
[2026-03-04 11:58:05] [INFO] [DATE SKIP] #IO-160 (SHREYAA ENTERPRISES): date 20251022 before start date 20260228
[2026-03-04 11:58:05] [INFO] [DATE SKIP] #IO-161 (SHREYAA ENTERPRISES): date 20251022 before start date 20260228
[2026-03-04 11:58:05] [INFO] [DATE SKIP] #IO-162 (SHREYAA ENTERPRISES): date 20251022 before start date 20260228
[2026-03-04 11:58:05] [INFO] [DATE SKIP] #IO-163 (SHREYAA ENTERPRISES): date 20251022 before start date 20260228
[2026-03-04 11:58:05] [INFO] [DATE SKIP] #IO-164 (SHREYAA ENTERPRISES): date 20251022 before start date 20260228
[2026-03-04 11:58:05] [INFO] [DATE SKIP] #IO-165 (SHREYAA ENTERPRISES): date 20251022 before start date 20260228
[2026-03-04 11:58:05] [INFO] [DATE SKIP] #IO-166 (SHREYAA ENTERPRISES): date 20251022 before start date 20260228
[2026-03-04 11:58:05] [INFO] [DATE SKIP] #IO-167 (SHREYAA ENTERPRISES): date 20251023 before start date 20260228
[2026-03-04 11:58:05] [INFO] [DATE SKIP] #IO-168 (SHREYAA ENTERPRISES): date 20251023 before start date 20260228
[2026-03-04 11:58:05] [INFO] [DATE SKIP] #IO-169 (SHREYAA ENTERPRISES): date 20251023 before start date 20260228
[2026-03-04 11:58:05] [INFO] [DATE SKIP] #IO-170 (SHREYAA ENTERPRISES): date 20251023 before start date 20260228
[2026-03-04 11:58:05] [INFO] [DATE SKIP] #IO-171 (SHREYAA ENTERPRISES): date 20251023 before start date 20260228
[2026-03-04 11:58:05] [INFO] [DATE SKIP] #IO-172 (SHREYAA ENTERPRISES): date 20251023 before start date 20260228
[2026-03-04 11:58:05] [INFO] [DATE SKIP] #IO-173 (SHREYAA ENTERPRISES): date 20251023 before start date 20260228
[2026-03-04 11:58:05] [INFO] [DATE SKIP] #IO-174 (SHREYAA ENTERPRISES): date 20251024 before start date 20260228
[2026-03-04 11:58:05] [INFO] [DATE SKIP] #IO-175 (SHREYAA ENTERPRISES): date 20251024 before start date 20260228
[2026-03-04 11:58:05] [INFO] [DATE SKIP] #IO-176 (SHREYAA ENTERPRISES): date 20251024 before start date 20260228
[2026-03-04 11:58:05] [INFO] [DATE SKIP] #IO-177 (SHREYAA ENTERPRISES): date 20251024 before start date 20260228
[2026-03-04 11:58:05] [INFO] [DATE SKIP] #IO-178 (SHREYAA ENTERPRISES): date 20251024 before start date 20260228
[2026-03-04 11:58:05] [INFO] [DATE SKIP] #IO-179 (SHREYAA ENTERPRISES): date 20251024 before start date 20260228
[2026-03-04 11:58:05] [INFO] [DATE SKIP] #IO-180 (SHREYAA ENTERPRISES): date 20251024 before start date 20260228
[2026-03-04 11:58:05] [INFO] [DATE SKIP] #L2N-6 (SHREYAA ENTERPRISES): date 20251024 before start date 20260228
[2026-03-04 11:58:05] [INFO] [DATE SKIP] #IO-181 (SHREYAA ENTERPRISES): date 20251024 before start date 20260228
[2026-03-04 11:58:05] [INFO] [DATE SKIP] #IO-182 (SHREYAA ENTERPRISES): date 20251024 before start date 20260228
[2026-03-04 11:58:05] [INFO] [DATE SKIP] #IO-183 (SHREYAA ENTERPRISES): date 20251024 before start date 20260228
[2026-03-04 11:58:05] [INFO] [DATE SKIP] #IO-184 (SHREYAA ENTERPRISES): date 20251024 before start date 20260228
[2026-03-04 11:58:05] [INFO] [DATE SKIP] #IO-185 (SHREYAA ENTERPRISES): date 20251024 before start date 20260228
[2026-03-04 11:58:05] [INFO] [DATE SKIP] #IO-186 (SHREYAA ENTERPRISES): date 20251024 before start date 20260228
[2026-03-04 11:58:05] [INFO] [DATE SKIP] #IO-187 (SHREYAA ENTERPRISES): date 20251024 before start date 20260228
[2026-03-04 11:58:05] [INFO] [DATE SKIP] #IO-188 (SHREYAA ENTERPRISES): date 20251025 before start date 20260228
[2026-03-04 11:58:05] [INFO] [DATE SKIP] #IO-189 (SHREYAA ENTERPRISES): date 20251025 before start date 20260228
[2026-03-04 11:58:05] [INFO] [DATE SKIP] #IO-190 (SHREYAA ENTERPRISES): date 20251025 before start date 20260228
[2026-03-04 11:58:05] [INFO] [DATE SKIP] #IO-191 (SHREYAA ENTERPRISES): date 20251025 before start date 20260228
[2026-03-04 11:58:05] [INFO] [DATE SKIP] #CO2-9 (SHREYAA ENTERPRISES): date 20251025 before start date 20260228
[2026-03-04 11:58:05] [INFO] [DATE SKIP] #IO-194 (SHREYAA ENTERPRISES): date 20251025 before start date 20260228
[2026-03-04 11:58:05] [INFO] [DATE SKIP] #IO-195 (SHREYAA ENTERPRISES): date 20251025 before start date 20260228
[2026-03-04 11:58:05] [INFO] [DATE SKIP] #IO-196 (SHREYAA ENTERPRISES): date 20251025 before start date 20260228
[2026-03-04 11:58:05] [INFO] [DATE SKIP] #IO-197 (SHREYAA ENTERPRISES): date 20251025 before start date 20260228
[2026-03-04 11:58:05] [INFO] [DATE SKIP] #IO-198 (SHREYAA ENTERPRISES): date 20251025 before start date 20260228
[2026-03-04 11:58:05] [INFO] [DATE SKIP] #IO-199 (SHREYAA ENTERPRISES): date 20251025 before start date 20260228
[2026-03-04 11:58:05] [INFO] [DATE SKIP] #IO-200 (SHREYAA ENTERPRISES): date 20251025 before start date 20260228
[2026-03-04 11:58:05] [INFO] [DATE SKIP] #CO2-10 (SHREYAA ENTERPRISES): date 20251025 before start date 20260228
[2026-03-04 11:58:05] [INFO] [DATE SKIP] #IO-201 (SHREYAA ENTERPRISES): date 20251025 before start date 20260228
[2026-03-04 11:58:05] [INFO] [DATE SKIP] #IO-202 (SHREYAA ENTERPRISES): date 20251027 before start date 20260228
[2026-03-04 11:58:05] [INFO] [DATE SKIP] #IO-203 (SHREYAA ENTERPRISES): date 20251027 before start date 20260228
[2026-03-04 11:58:05] [INFO] [DATE SKIP] #IO-204 (SHREYAA ENTERPRISES): date 20251027 before start date 20260228
[2026-03-04 11:58:05] [INFO] [DATE SKIP] #IO-205 (SHREYAA ENTERPRISES): date 20251027 before start date 20260228
[2026-03-04 11:58:05] [INFO] [DATE SKIP] #IO-206 (SHREYAA ENTERPRISES): date 20251027 before start date 20260228
[2026-03-04 11:58:05] [INFO] [DATE SKIP] #ARG-10 (SHREYAA ENTERPRISES): date 20251027 before start date 20260228
[2026-03-04 11:58:05] [INFO] [DATE SKIP] #IO-207 (SHREYAA ENTERPRISES): date 20251027 before start date 20260228
[2026-03-04 11:58:05] [INFO] [DATE SKIP] #IO-208 (SHREYAA ENTERPRISES): date 20251027 before start date 20260228
[2026-03-04 11:58:05] [INFO] [DATE SKIP] #IO-209 (SHREYAA ENTERPRISES): date 20251027 before start date 20260228
[2026-03-04 11:58:05] [INFO] [DATE SKIP] #IO-210 (SHREYAA ENTERPRISES): date 20251027 before start date 20260228
[2026-03-04 11:58:05] [INFO] [DATE SKIP] #IO-211 (SHREYAA ENTERPRISES): date 20251027 before start date 20260228
[2026-03-04 11:58:05] [INFO] [DATE SKIP] #8 (SHREYAA ENTERPRISES): date 20251027 before start date 20260228
[2026-03-04 11:58:05] [INFO] [DATE SKIP] #IO-212 (SHREYAA ENTERPRISES): date 20251028 before start date 20260228
[2026-03-04 11:58:05] [INFO] [DATE SKIP] #IO-213 (SHREYAA ENTERPRISES): date 20251028 before start date 20260228
[2026-03-04 11:58:05] [INFO] [DATE SKIP] #IO-214 (SHREYAA ENTERPRISES): date 20251028 before start date 20260228
[2026-03-04 11:58:05] [INFO] [DATE SKIP] #IO-215 (SHREYAA ENTERPRISES): date 20251028 before start date 20260228
[2026-03-04 11:58:05] [INFO] [DATE SKIP] #IO-216 (SHREYAA ENTERPRISES): date 20251028 before start date 20260228
[2026-03-04 11:58:05] [INFO] [DATE SKIP] #IO-217 (SHREYAA ENTERPRISES): date 20251028 before start date 20260228
[2026-03-04 11:58:05] [INFO] [DATE SKIP] #IO-218 (SHREYAA ENTERPRISES): date 20251028 before start date 20260228
[2026-03-04 11:58:05] [INFO] [DATE SKIP] #IO-219 (SHREYAA ENTERPRISES): date 20251028 before start date 20260228
[2026-03-04 11:58:05] [INFO] [DATE SKIP] #IO-220 (SHREYAA ENTERPRISES): date 20251028 before start date 20260228
[2026-03-04 11:58:05] [INFO] [DATE SKIP] #IO-221 (SHREYAA ENTERPRISES): date 20251028 before start date 20260228
[2026-03-04 11:58:05] [INFO] [DATE SKIP] #IO-222 (SHREYAA ENTERPRISES): date 20251028 before start date 20260228
[2026-03-04 11:58:05] [INFO] [DATE SKIP] #IO-223 (SHREYAA ENTERPRISES): date 20251028 before start date 20260228
[2026-03-04 11:58:05] [INFO] [DATE SKIP] #IO-224 (SHREYAA ENTERPRISES): date 20251028 before start date 20260228
[2026-03-04 11:58:05] [INFO] [DATE SKIP] #IO-225 (SHREYAA ENTERPRISES): date 20251028 before start date 20260228
[2026-03-04 11:58:05] [INFO] [DATE SKIP] #IOP-2 (SHREYAA ENTERPRISES): date 20251029 before start date 20260228
[2026-03-04 11:58:05] [INFO] [DATE SKIP] #IO-226 (SHREYAA ENTERPRISES): date 20251029 before start date 20260228
[2026-03-04 11:58:05] [INFO] [DATE SKIP] #IO-227 (SHREYAA ENTERPRISES): date 20251029 before start date 20260228
[2026-03-04 11:58:05] [INFO] [DATE SKIP] #IO-228 (SHREYAA ENTERPRISES): date 20251029 before start date 20260228
[2026-03-04 11:58:05] [INFO] [DATE SKIP] #IO-229 (SHREYAA ENTERPRISES): date 20251029 before start date 20260228
[2026-03-04 11:58:05] [INFO] [DATE SKIP] #IO-230 (SHREYAA ENTERPRISES): date 20251029 before start date 20260228
[2026-03-04 11:58:05] [INFO] [DATE SKIP] #ARG-11 (SHREYAA ENTERPRISES): date 20251029 before start date 20260228
[2026-03-04 11:58:05] [INFO] [DATE SKIP] #IO-231 (SHREYAA ENTERPRISES): date 20251029 before start date 20260228
[2026-03-04 11:58:05] [INFO] [DATE SKIP] #IO-232 (SHREYAA ENTERPRISES): date 20251029 before start date 20260228
[2026-03-04 11:58:05] [INFO] [DATE SKIP] #IO-233 (SHREYAA ENTERPRISES): date 20251029 before start date 20260228
[2026-03-04 11:58:05] [INFO] [DATE SKIP] #IO-234 (SHREYAA ENTERPRISES): date 20251029 before start date 20260228
[2026-03-04 11:58:05] [INFO] [DATE SKIP] #IO-235 (SHREYAA ENTERPRISES): date 20251029 before start date 20260228
[2026-03-04 11:58:05] [INFO] [DATE SKIP] #IO-236 (SHREYAA ENTERPRISES): date 20251029 before start date 20260228
[2026-03-04 11:58:05] [INFO] [DATE SKIP] #IO-239 (SHREYAA ENTERPRISES): date 20251029 before start date 20260228
[2026-03-04 11:58:05] [INFO] [DATE SKIP] #IO-240 (SHREYAA ENTERPRISES): date 20251029 before start date 20260228
[2026-03-04 11:58:05] [INFO] [DATE SKIP] #IO-241 (SHREYAA ENTERPRISES): date 20251029 before start date 20260228
[2026-03-04 11:58:05] [INFO] [DATE SKIP] #IO-242 (SHREYAA ENTERPRISES): date 20251029 before start date 20260228
[2026-03-04 11:58:05] [INFO] [DATE SKIP] #IO-243 (SHREYAA ENTERPRISES): date 20251029 before start date 20260228
[2026-03-04 11:58:05] [INFO] [DATE SKIP] #IO-244 (SHREYAA ENTERPRISES): date 20251029 before start date 20260228
[2026-03-04 11:58:05] [INFO] [DATE SKIP] #IO-245 (SHREYAA ENTERPRISES): date 20251029 before start date 20260228
[2026-03-04 11:58:05] [INFO] [DATE SKIP] #IOP-3 (SHREYAA ENTERPRISES): date 20251029 before start date 20260228
[2026-03-04 11:58:05] [INFO] [DATE SKIP] #IOP-4 (SHREYAA ENTERPRISES): date 20251029 before start date 20260228
[2026-03-04 11:58:05] [INFO] [DATE SKIP] #IO-281 (SHREYAA ENTERPRISES): date 20251029 before start date 20260228
[2026-03-04 11:58:05] [INFO] [DATE SKIP] #ARG-12 (SHREYAA ENTERPRISES): date 20251030 before start date 20260228
[2026-03-04 11:58:05] [INFO] [DATE SKIP] #IO-246 (SHREYAA ENTERPRISES): date 20251030 before start date 20260228
[2026-03-04 11:58:05] [INFO] [DATE SKIP] #IO-247 (SHREYAA ENTERPRISES): date 20251030 before start date 20260228
[2026-03-04 11:58:05] [INFO] [DATE SKIP] #IO-248 (SHREYAA ENTERPRISES): date 20251030 before start date 20260228
[2026-03-04 11:58:05] [INFO] [DATE SKIP] #IO-249 (SHREYAA ENTERPRISES): date 20251030 before start date 20260228
[2026-03-04 11:58:05] [INFO] [DATE SKIP] #IO-251 (SHREYAA ENTERPRISES): date 20251030 before start date 20260228
[2026-03-04 11:58:05] [INFO] [DATE SKIP] #IO-252 (SHREYAA ENTERPRISES): date 20251030 before start date 20260228
[2026-03-04 11:58:05] [INFO] [DATE SKIP] #IO-253 (SHREYAA ENTERPRISES): date 20251030 before start date 20260228
[2026-03-04 11:58:05] [INFO] [DATE SKIP] #IO-254 (SHREYAA ENTERPRISES): date 20251030 before start date 20260228
[2026-03-04 11:58:05] [INFO] [DATE SKIP] #IO-255 (SHREYAA ENTERPRISES): date 20251030 before start date 20260228
[2026-03-04 11:58:05] [INFO] [DATE SKIP] #IO-256 (SHREYAA ENTERPRISES): date 20251030 before start date 20260228
[2026-03-04 11:58:05] [INFO] [DATE SKIP] #IO-257 (SHREYAA ENTERPRISES): date 20251030 before start date 20260228
[2026-03-04 11:58:05] [INFO] [DATE SKIP] #9 (SHREYAA ENTERPRISES): date 20251030 before start date 20260228
[2026-03-04 11:58:05] [INFO] [DATE SKIP] #LPG-1 (SHREYAA ENTERPRISES): date 20251030 before start date 20260228
[2026-03-04 11:58:05] [INFO] [DATE SKIP] #IO-258 (SHREYAA ENTERPRISES): date 20251030 before start date 20260228
[2026-03-04 11:58:05] [INFO] [DATE SKIP] #IO-259 (SHREYAA ENTERPRISES): date 20251030 before start date 20260228
[2026-03-04 11:58:05] [INFO] [DATE SKIP] #IO-260 (SHREYAA ENTERPRISES): date 20251030 before start date 20260228
[2026-03-04 11:58:05] [INFO] [DATE SKIP] #IO-261 (SHREYAA ENTERPRISES): date 20251030 before start date 20260228
[2026-03-04 11:58:05] [INFO] [DATE SKIP] #IO-262 (SHREYAA ENTERPRISES): date 20251031 before start date 20260228
[2026-03-04 11:58:05] [INFO] [DATE SKIP] #IO-263 (SHREYAA ENTERPRISES): date 20251031 before start date 20260228
[2026-03-04 11:58:05] [INFO] [DATE SKIP] #IO-264 (SHREYAA ENTERPRISES): date 20251031 before start date 20260228
[2026-03-04 11:58:05] [INFO] [DATE SKIP] #IO-265 (SHREYAA ENTERPRISES): date 20251031 before start date 20260228
[2026-03-04 11:58:05] [INFO] [DATE SKIP] #IO-266 (SHREYAA ENTERPRISES): date 20251031 before start date 20260228
[2026-03-04 11:58:05] [INFO] [DATE SKIP] #IO-267 (SHREYAA ENTERPRISES): date 20251031 before start date 20260228
[2026-03-04 11:58:05] [INFO] [DATE SKIP] #IO-268 (SHREYAA ENTERPRISES): date 20251031 before start date 20260228
[2026-03-04 11:58:05] [INFO] [DATE SKIP] #IO-269 (SHREYAA ENTERPRISES): date 20251031 before start date 20260228
[2026-03-04 11:58:05] [INFO] [DATE SKIP] #IO-270 (SHREYAA ENTERPRISES): date 20251031 before start date 20260228
[2026-03-04 11:58:05] [INFO] [DATE SKIP] #IO-271 (SHREYAA ENTERPRISES): date 20251031 before start date 20260228
[2026-03-04 11:58:05] [INFO] [DATE SKIP] #IO-272 (SHREYAA ENTERPRISES): date 20251031 before start date 20260228
[2026-03-04 11:58:05] [INFO] [DATE SKIP] #IO-273 (SHREYAA ENTERPRISES): date 20251031 before start date 20260228
[2026-03-04 11:58:05] [INFO] [DATE SKIP] #IO-274 (SHREYAA ENTERPRISES): date 20251031 before start date 20260228
[2026-03-04 11:58:05] [INFO] [DATE SKIP] #IO-275 (SHREYAA ENTERPRISES): date 20251031 before start date 20260228
[2026-03-04 11:58:05] [INFO] [DATE SKIP] #IO-276 (SHREYAA ENTERPRISES): date 20251031 before start date 20260228
[2026-03-04 11:58:05] [INFO] [DATE SKIP] #IO-277 (SHREYAA ENTERPRISES): date 20251031 before start date 20260228
[2026-03-04 11:58:05] [INFO] [DATE SKIP] #IO-278 (SHREYAA ENTERPRISES): date 20251031 before start date 20260228
[2026-03-04 11:58:05] [INFO] [DATE SKIP] #IO-279 (SHREYAA ENTERPRISES): date 20251101 before start date 20260228
[2026-03-04 11:58:05] [INFO] [DATE SKIP] #IO-280 (SHREYAA ENTERPRISES): date 20251101 before start date 20260228
[2026-03-04 11:58:05] [INFO] [DATE SKIP] #IO-282 (SHREYAA ENTERPRISES): date 20251101 before start date 20260228
[2026-03-04 11:58:05] [INFO] [DATE SKIP] #IO-283 (SHREYAA ENTERPRISES): date 20251101 before start date 20260228
[2026-03-04 11:58:05] [INFO] [DATE SKIP] #IO-284 (SHREYAA ENTERPRISES): date 20251101 before start date 20260228
[2026-03-04 11:58:05] [INFO] [DATE SKIP] #IO-285 (SHREYAA ENTERPRISES): date 20251101 before start date 20260228
[2026-03-04 11:58:05] [INFO] [DATE SKIP] #IO-286 (SHREYAA ENTERPRISES): date 20251101 before start date 20260228
[2026-03-04 11:58:05] [INFO] [DATE SKIP] #IO-287 (SHREYAA ENTERPRISES): date 20251101 before start date 20260228
[2026-03-04 11:58:05] [INFO] [DATE SKIP] #IO-288 (SHREYAA ENTERPRISES): date 20251101 before start date 20260228
[2026-03-04 11:58:05] [INFO] [DATE SKIP] #IO-289 (SHREYAA ENTERPRISES): date 20251101 before start date 20260228
[2026-03-04 11:58:05] [INFO] [DATE SKIP] #10 (SHREYAA ENTERPRISES): date 20251101 before start date 20260228
[2026-03-04 11:58:05] [INFO] [DATE SKIP] #IO-293 (SHREYAA ENTERPRISES): date 20251103 before start date 20260228
[2026-03-04 11:58:05] [INFO] [DATE SKIP] #CO2-11 (SHREYAA ENTERPRISES): date 20251103 before start date 20260228
[2026-03-04 11:58:05] [INFO] [DATE SKIP] #ARG-13 (SHREYAA ENTERPRISES): date 20251103 before start date 20260228
[2026-03-04 11:58:05] [INFO] [DATE SKIP] #IO-294 (SHREYAA ENTERPRISES): date 20251103 before start date 20260228
[2026-03-04 11:58:05] [INFO] [DATE SKIP] #IO-290 (SHREYAA ENTERPRISES): date 20251103 before start date 20260228
[2026-03-04 11:58:05] [INFO] [DATE SKIP] #IO-291 (SHREYAA ENTERPRISES): date 20251103 before start date 20260228
[2026-03-04 11:58:05] [INFO] [DATE SKIP] #IO-292 (SHREYAA ENTERPRISES): date 20251103 before start date 20260228
[2026-03-04 11:58:05] [INFO] [DATE SKIP] #IO-295 (SHREYAA ENTERPRISES): date 20251103 before start date 20260228
[2026-03-04 11:58:05] [INFO] [DATE SKIP] #IO-296 (SHREYAA ENTERPRISES): date 20251103 before start date 20260228
[2026-03-04 11:58:05] [INFO] [DATE SKIP] #IO-297 (SHREYAA ENTERPRISES): date 20251103 before start date 20260228
[2026-03-04 11:58:05] [INFO] [DATE SKIP] #IO-298 (SHREYAA ENTERPRISES): date 20251103 before start date 20260228
[2026-03-04 11:58:05] [INFO] [DATE SKIP] #IO-299 (SHREYAA ENTERPRISES): date 20251103 before start date 20260228
[2026-03-04 11:58:05] [INFO] [DATE SKIP] #IO-300 (SHREYAA ENTERPRISES): date 20251103 before start date 20260228
[2026-03-04 11:58:05] [INFO] [DATE SKIP] #IO-301 (SHREYAA ENTERPRISES): date 20251103 before start date 20260228
[2026-03-04 11:58:05] [INFO] [DATE SKIP] #IO-302 (SHREYAA ENTERPRISES): date 20251103 before start date 20260228
[2026-03-04 11:58:05] [INFO] [DATE SKIP] #IO-303 (SHREYAA ENTERPRISES): date 20251103 before start date 20260228
[2026-03-04 11:58:05] [INFO] [DATE SKIP] #IO-304 (SHREYAA ENTERPRISES): date 20251103 before start date 20260228
[2026-03-04 11:58:05] [INFO] [DATE SKIP] #IO-305 (SHREYAA ENTERPRISES): date 20251103 before start date 20260228
[2026-03-04 11:58:05] [INFO] [DATE SKIP] #CO2-13 (SHREYAA ENTERPRISES): date 20251103 before start date 20260228
[2026-03-04 11:58:05] [INFO] [DATE SKIP] #IO-306 (SHREYAA ENTERPRISES): date 20251104 before start date 20260228
[2026-03-04 11:58:05] [INFO] [DATE SKIP] #IO-307 (SHREYAA ENTERPRISES): date 20251104 before start date 20260228
[2026-03-04 11:58:05] [INFO] [DATE SKIP] #IO-308 (SHREYAA ENTERPRISES): date 20251104 before start date 20260228
[2026-03-04 11:58:05] [INFO] [DATE SKIP] #IO-309 (SHREYAA ENTERPRISES): date 20251104 before start date 20260228
[2026-03-04 11:58:05] [INFO] [DATE SKIP] #CO2-12 (SHREYAA ENTERPRISES): date 20251104 before start date 20260228
[2026-03-04 11:58:05] [INFO] [DATE SKIP] #IO-310 (SHREYAA ENTERPRISES): date 20251104 before start date 20260228
[2026-03-04 11:58:05] [INFO] [DATE SKIP] #IO-311 (SHREYAA ENTERPRISES): date 20251104 before start date 20260228
[2026-03-04 11:58:05] [INFO] [DATE SKIP] #IO-312 (SHREYAA ENTERPRISES): date 20251104 before start date 20260228
[2026-03-04 11:58:05] [INFO] [DATE SKIP] #IO-313 (SHREYAA ENTERPRISES): date 20251104 before start date 20260228
[2026-03-04 11:58:05] [INFO] [DATE SKIP] #IO-314 (SHREYAA ENTERPRISES): date 20251104 before start date 20260228
[2026-03-04 11:58:05] [INFO] [DATE SKIP] #IO-315 (SHREYAA ENTERPRISES): date 20251104 before start date 20260228
[2026-03-04 11:58:05] [INFO] [DATE SKIP] #IO-316 (SHREYAA ENTERPRISES): date 20251104 before start date 20260228
[2026-03-04 11:58:05] [INFO] [DATE SKIP] #IO-317 (SHREYAA ENTERPRISES): date 20251104 before start date 20260228
[2026-03-04 11:58:05] [INFO] [DATE SKIP] #IO-318 (SHREYAA ENTERPRISES): date 20251104 before start date 20260228
[2026-03-04 11:58:05] [INFO] [DATE SKIP] #IO-319 (SHREYAA ENTERPRISES): date 20251104 before start date 20260228
[2026-03-04 11:58:05] [INFO] [DATE SKIP] #IO-320 (SHREYAA ENTERPRISES): date 20251104 before start date 20260228
[2026-03-04 11:58:05] [INFO] [DATE SKIP] #IO-321 (SHREYAA ENTERPRISES): date 20251104 before start date 20260228
[2026-03-04 11:58:05] [INFO] [DATE SKIP] #IO-322 (SHREYAA ENTERPRISES): date 20251104 before start date 20260228
[2026-03-04 11:58:05] [INFO] [DATE SKIP] #IO-323 (SHREYAA ENTERPRISES): date 20251104 before start date 20260228
[2026-03-04 11:58:05] [INFO] [DATE SKIP] #IO-324 (SHREYAA ENTERPRISES): date 20251104 before start date 20260228
[2026-03-04 11:58:05] [INFO] [DATE SKIP] #IO-325 (SHREYAA ENTERPRISES): date 20251104 before start date 20260228
[2026-03-04 11:58:05] [INFO] [DATE SKIP] #IO-326 (SHREYAA ENTERPRISES): date 20251105 before start date 20260228
[2026-03-04 11:58:05] [INFO] [DATE SKIP] #IO-327 (SHREYAA ENTERPRISES): date 20251105 before start date 20260228
[2026-03-04 11:58:05] [INFO] [DATE SKIP] #ARG-14 (SHREYAA ENTERPRISES): date 20251105 before start date 20260228
[2026-03-04 11:58:05] [INFO] [DATE SKIP] #IO-328 (SHREYAA ENTERPRISES): date 20251105 before start date 20260228
[2026-03-04 11:58:05] [INFO] [DATE SKIP] #IO-329 (SHREYAA ENTERPRISES): date 20251105 before start date 20260228
[2026-03-04 11:58:05] [INFO] [DATE SKIP] #CO2-14 (SHREYAA ENTERPRISES): date 20251105 before start date 20260228
[2026-03-04 11:58:05] [INFO] [DATE SKIP] #11 (SHREYAA ENTERPRISES): date 20251105 before start date 20260228
[2026-03-04 11:58:05] [INFO] [DATE SKIP] #12 (SHREYAA ENTERPRISES): date 20251105 before start date 20260228
[2026-03-04 11:58:05] [INFO] [DATE SKIP] #13 (SHREYAA ENTERPRISES): date 20251105 before start date 20260228
[2026-03-04 11:58:05] [INFO] [DATE SKIP] #14 (SHREYAA ENTERPRISES): date 20251105 before start date 20260228
[2026-03-04 11:58:05] [INFO] [DATE SKIP] #15 (SHREYAA ENTERPRISES): date 20251105 before start date 20260228
[2026-03-04 11:58:05] [INFO] [DATE SKIP] #IO-330 (SHREYAA ENTERPRISES): date 20251105 before start date 20260228
[2026-03-04 11:58:05] [INFO] [DATE SKIP] #ARG-15 (SHREYAA ENTERPRISES): date 20251105 before start date 20260228
[2026-03-04 11:58:06] [INFO] [DATE SKIP] #IO-331 (SHREYAA ENTERPRISES): date 20251105 before start date 20260228
[2026-03-04 11:58:06] [INFO] [DATE SKIP] #CO2-15 (SHREYAA ENTERPRISES): date 20251105 before start date 20260228
[2026-03-04 11:58:06] [INFO] [DATE SKIP] #IO-332 (SHREYAA ENTERPRISES): date 20251105 before start date 20260228
[2026-03-04 11:58:06] [INFO] [DATE SKIP] #IO-333 (SHREYAA ENTERPRISES): date 20251106 before start date 20260228
[2026-03-04 11:58:06] [INFO] [DATE SKIP] #IO-334 (SHREYAA ENTERPRISES): date 20251106 before start date 20260228
[2026-03-04 11:58:06] [INFO] [DATE SKIP] #IO-335 (SHREYAA ENTERPRISES): date 20251106 before start date 20260228
[2026-03-04 11:58:06] [INFO] [DATE SKIP] #IO-336 (SHREYAA ENTERPRISES): date 20251106 before start date 20260228
[2026-03-04 11:58:06] [INFO] [DATE SKIP] #IO-337 (SHREYAA ENTERPRISES): date 20251106 before start date 20260228
[2026-03-04 11:58:06] [INFO] [DATE SKIP] #IO-338 (SHREYAA ENTERPRISES): date 20251106 before start date 20260228
[2026-03-04 11:58:06] [INFO] [DATE SKIP] #IO-339 (SHREYAA ENTERPRISES): date 20251106 before start date 20260228
[2026-03-04 11:58:06] [INFO] [DATE SKIP] #IO-340 (SHREYAA ENTERPRISES): date 20251106 before start date 20260228
[2026-03-04 11:58:06] [INFO] [DATE SKIP] #IO-341 (SHREYAA ENTERPRISES): date 20251106 before start date 20260228
[2026-03-04 11:58:06] [INFO] [DATE SKIP] #IO-342 (SHREYAA ENTERPRISES): date 20251106 before start date 20260228
[2026-03-04 11:58:06] [INFO] [DATE SKIP] #IO-343 (SHREYAA ENTERPRISES): date 20251106 before start date 20260228
[2026-03-04 11:58:06] [INFO] [DATE SKIP] #IO-344 (SHREYAA ENTERPRISES): date 20251106 before start date 20260228
[2026-03-04 11:58:06] [INFO] [DATE SKIP] #IO-345 (SHREYAA ENTERPRISES): date 20251106 before start date 20260228
[2026-03-04 11:58:06] [INFO] [DATE SKIP] #IO-346 (SHREYAA ENTERPRISES): date 20251106 before start date 20260228
[2026-03-04 11:58:06] [INFO] [DATE SKIP] #IO-347 (SHREYAA ENTERPRISES): date 20251107 before start date 20260228
[2026-03-04 11:58:06] [INFO] [DATE SKIP] #IO-348 (SHREYAA ENTERPRISES): date 20251107 before start date 20260228
[2026-03-04 11:58:06] [INFO] [DATE SKIP] #IO-349 (SHREYAA ENTERPRISES): date 20251107 before start date 20260228
[2026-03-04 11:58:06] [INFO] [DATE SKIP] #IO-350 (SHREYAA ENTERPRISES): date 20251107 before start date 20260228
[2026-03-04 11:58:06] [INFO] [DATE SKIP] #IO-351 (SHREYAA ENTERPRISES): date 20251107 before start date 20260228
[2026-03-04 11:58:06] [INFO] [DATE SKIP] #IO-352 (SHREYAA ENTERPRISES): date 20251107 before start date 20260228
[2026-03-04 11:58:06] [INFO] [DATE SKIP] #IO-353 (SHREYAA ENTERPRISES): date 20251107 before start date 20260228
[2026-03-04 11:58:06] [INFO] [DATE SKIP] #IO-354 (SHREYAA ENTERPRISES): date 20251107 before start date 20260228
[2026-03-04 11:58:06] [INFO] [DATE SKIP] #IO-355 (SHREYAA ENTERPRISES): date 20251107 before start date 20260228
[2026-03-04 11:58:06] [INFO] [DATE SKIP] #IO-356 (SHREYAA ENTERPRISES): date 20251107 before start date 20260228
[2026-03-04 11:58:06] [INFO] [DATE SKIP] #IO-357 (SHREYAA ENTERPRISES): date 20251107 before start date 20260228
[2026-03-04 11:58:06] [INFO] [DATE SKIP] #ARG-16 (SHREYAA ENTERPRISES): date 20251107 before start date 20260228
[2026-03-04 11:58:06] [INFO] [DATE SKIP] #CO2-16 (SHREYAA ENTERPRISES): date 20251107 before start date 20260228
[2026-03-04 11:58:06] [INFO] [DATE SKIP] #IO-358 (SHREYAA ENTERPRISES): date 20251107 before start date 20260228
[2026-03-04 11:58:06] [INFO] [DATE SKIP] #IO-359 (SHREYAA ENTERPRISES): date 20251107 before start date 20260228
[2026-03-04 11:58:06] [INFO] [DATE SKIP] #IO-360 (SHREYAA ENTERPRISES): date 20251107 before start date 20260228
[2026-03-04 11:58:06] [INFO] [DATE SKIP] #IO-361 (SHREYAA ENTERPRISES): date 20251107 before start date 20260228
[2026-03-04 11:58:06] [INFO] [DATE SKIP] #CO2-17 (SHREYAA ENTERPRISES): date 20251107 before start date 20260228
[2026-03-04 11:58:06] [INFO] [DATE SKIP] #IO-363 (SHREYAA ENTERPRISES): date 20251108 before start date 20260228
[2026-03-04 11:58:06] [INFO] [DATE SKIP] #IO-364 (SHREYAA ENTERPRISES): date 20251108 before start date 20260228
[2026-03-04 11:58:06] [INFO] [DATE SKIP] #IO-365 (SHREYAA ENTERPRISES): date 20251108 before start date 20260228
[2026-03-04 11:58:06] [INFO] [DATE SKIP] #ARG-17 (SHREYAA ENTERPRISES): date 20251108 before start date 20260228
[2026-03-04 11:58:06] [INFO] [DATE SKIP] #IO-366 (SHREYAA ENTERPRISES): date 20251108 before start date 20260228
[2026-03-04 11:58:06] [INFO] [DATE SKIP] #IO-367 (SHREYAA ENTERPRISES): date 20251108 before start date 20260228
[2026-03-04 11:58:06] [INFO] [DATE SKIP] #IO-368 (SHREYAA ENTERPRISES): date 20251108 before start date 20260228
[2026-03-04 11:58:06] [INFO] [DATE SKIP] #IO-369 (SHREYAA ENTERPRISES): date 20251108 before start date 20260228
[2026-03-04 11:58:06] [INFO] [DATE SKIP] #IO-370 (SHREYAA ENTERPRISES): date 20251108 before start date 20260228
[2026-03-04 11:58:06] [INFO] [DATE SKIP] #IO-371 (SHREYAA ENTERPRISES): date 20251108 before start date 20260228
[2026-03-04 11:58:06] [INFO] [DATE SKIP] #IO-372 (SHREYAA ENTERPRISES): date 20251108 before start date 20260228
[2026-03-04 11:58:06] [INFO] [DATE SKIP] #IO-373 (SHREYAA ENTERPRISES): date 20251108 before start date 20260228
[2026-03-04 11:58:06] [INFO] [DATE SKIP] #IO-374 (SHREYAA ENTERPRISES): date 20251108 before start date 20260228
[2026-03-04 11:58:06] [INFO] [DATE SKIP] #IO-375 (SHREYAA ENTERPRISES): date 20251108 before start date 20260228
[2026-03-04 11:58:06] [INFO] [DATE SKIP] #IO-376 (SHREYAA ENTERPRISES): date 20251108 before start date 20260228
[2026-03-04 11:58:06] [INFO] [DATE SKIP] #IO-377 (SHREYAA ENTERPRISES): date 20251108 before start date 20260228
[2026-03-04 11:58:06] [INFO] [DATE SKIP] #IO-378 (SHREYAA ENTERPRISES): date 20251108 before start date 20260228
[2026-03-04 11:58:06] [INFO] [DATE SKIP] #IO-380 (SHREYAA ENTERPRISES): date 20251108 before start date 20260228
[2026-03-04 11:58:06] [INFO] [DATE SKIP] #CO2-18 (SHREYAA ENTERPRISES): date 20251108 before start date 20260228
[2026-03-04 11:58:06] [INFO] [DATE SKIP] #IO-382 (SHREYAA ENTERPRISES): date 20251108 before start date 20260228
[2026-03-04 11:58:06] [INFO] [DATE SKIP] #IO-383 (SHREYAA ENTERPRISES): date 20251108 before start date 20260228
[2026-03-04 11:58:06] [INFO] [DATE SKIP] #IOP-5 (SHREYAA ENTERPRISES): date 20251108 before start date 20260228
[2026-03-04 11:58:06] [INFO] [DATE SKIP] #IO-379 (SHREYAA ENTERPRISES): date 20251108 before start date 20260228
[2026-03-04 11:58:06] [INFO] [DATE SKIP] #IO-384 (SHREYAA ENTERPRISES): date 20251109 before start date 20260228
[2026-03-04 11:58:06] [INFO] [DATE SKIP] #IO-397 (SHREYAA ENTERPRISES): date 20251109 before start date 20260228
[2026-03-04 11:58:06] [INFO] [DATE SKIP] #IO-385 (SHREYAA ENTERPRISES): date 20251110 before start date 20260228
[2026-03-04 11:58:06] [INFO] [DATE SKIP] #IO-386 (SHREYAA ENTERPRISES): date 20251110 before start date 20260228
[2026-03-04 11:58:06] [INFO] [DATE SKIP] #IO-387 (SHREYAA ENTERPRISES): date 20251110 before start date 20260228
[2026-03-04 11:58:06] [INFO] [DATE SKIP] #CO2-19 (SHREYAA ENTERPRISES): date 20251110 before start date 20260228
[2026-03-04 11:58:06] [INFO] [DATE SKIP] #IO-388 (SHREYAA ENTERPRISES): date 20251110 before start date 20260228
[2026-03-04 11:58:06] [INFO] [DATE SKIP] #IO-389 (SHREYAA ENTERPRISES): date 20251110 before start date 20260228
[2026-03-04 11:58:06] [INFO] [DATE SKIP] #IO-390 (SHREYAA ENTERPRISES): date 20251110 before start date 20260228
[2026-03-04 11:58:06] [INFO] [DATE SKIP] #IO-391 (SHREYAA ENTERPRISES): date 20251110 before start date 20260228
[2026-03-04 11:58:06] [INFO] [DATE SKIP] #IO-392 (SHREYAA ENTERPRISES): date 20251110 before start date 20260228
[2026-03-04 11:58:06] [INFO] [DATE SKIP] #IO-393 (SHREYAA ENTERPRISES): date 20251110 before start date 20260228
[2026-03-04 11:58:06] [INFO] [DATE SKIP] #IO-394 (SHREYAA ENTERPRISES): date 20251110 before start date 20260228
[2026-03-04 11:58:06] [INFO] [DATE SKIP] #IO-395 (SHREYAA ENTERPRISES): date 20251110 before start date 20260228
[2026-03-04 11:58:06] [INFO] [DATE SKIP] #IO-396 (SHREYAA ENTERPRISES): date 20251110 before start date 20260228
[2026-03-04 11:58:06] [INFO] [DATE SKIP] #IO-398 (SHREYAA ENTERPRISES): date 20251110 before start date 20260228
[2026-03-04 11:58:06] [INFO] [DATE SKIP] #IO-399 (SHREYAA ENTERPRISES): date 20251110 before start date 20260228
[2026-03-04 11:58:06] [INFO] [DATE SKIP] #IO-400 (SHREYAA ENTERPRISES): date 20251110 before start date 20260228
[2026-03-04 11:58:06] [INFO] [DATE SKIP] #IO-401 (SHREYAA ENTERPRISES): date 20251110 before start date 20260228
[2026-03-04 11:58:06] [INFO] [DATE SKIP] #IO-402 (SHREYAA ENTERPRISES): date 20251110 before start date 20260228
[2026-03-04 11:58:06] [INFO] [DATE SKIP] #IO-403 (SHREYAA ENTERPRISES): date 20251110 before start date 20260228
[2026-03-04 11:58:06] [INFO] [DATE SKIP] #IO-404 (SHREYAA ENTERPRISES): date 20251110 before start date 20260228
[2026-03-04 11:58:06] [INFO] [DATE SKIP] #IO-405 (SHREYAA ENTERPRISES): date 20251110 before start date 20260228
[2026-03-04 11:58:06] [INFO] [DATE SKIP] #IO-406 (SHREYAA ENTERPRISES): date 20251110 before start date 20260228
[2026-03-04 11:58:06] [INFO] [DATE SKIP] #CO2-20 (SHREYAA ENTERPRISES): date 20251111 before start date 20260228
[2026-03-04 11:58:06] [INFO] [DATE SKIP] #IO-407 (SHREYAA ENTERPRISES): date 20251111 before start date 20260228
[2026-03-04 11:58:06] [INFO] [DATE SKIP] #IO-408 (SHREYAA ENTERPRISES): date 20251111 before start date 20260228
[2026-03-04 11:58:06] [INFO] [DATE SKIP] #IO-410 (SHREYAA ENTERPRISES): date 20251111 before start date 20260228
[2026-03-04 11:58:06] [INFO] [DATE SKIP] #IO-411 (SHREYAA ENTERPRISES): date 20251111 before start date 20260228
[2026-03-04 11:58:06] [INFO] [DATE SKIP] #IO-412 (SHREYAA ENTERPRISES): date 20251111 before start date 20260228
[2026-03-04 11:58:06] [INFO] [DATE SKIP] #IO-413 (SHREYAA ENTERPRISES): date 20251111 before start date 20260228
[2026-03-04 11:58:06] [INFO] [DATE SKIP] #IO-414 (SHREYAA ENTERPRISES): date 20251111 before start date 20260228
[2026-03-04 11:58:06] [INFO] [DATE SKIP] #IO-415 (SHREYAA ENTERPRISES): date 20251111 before start date 20260228
[2026-03-04 11:58:06] [INFO] [DATE SKIP] #IO-416 (SHREYAA ENTERPRISES): date 20251111 before start date 20260228
[2026-03-04 11:58:06] [INFO] [DATE SKIP] #IO-417 (SHREYAA ENTERPRISES): date 20251111 before start date 20260228
[2026-03-04 11:58:06] [INFO] [DATE SKIP] #IO-418 (SHREYAA ENTERPRISES): date 20251111 before start date 20260228
[2026-03-04 11:58:06] [INFO] [DATE SKIP] #IO-419 (SHREYAA ENTERPRISES): date 20251111 before start date 20260228
[2026-03-04 11:58:06] [INFO] [DATE SKIP] #IO-420 (SHREYAA ENTERPRISES): date 20251111 before start date 20260228
[2026-03-04 11:58:06] [INFO] [DATE SKIP] #IO-421 (SHREYAA ENTERPRISES): date 20251111 before start date 20260228
[2026-03-04 11:58:06] [INFO] [DATE SKIP] #16 (SHREYAA ENTERPRISES): date 20251111 before start date 20260228
[2026-03-04 11:58:06] [INFO] [DATE SKIP] #IO-409 (SHREYAA ENTERPRISES): date 20251112 before start date 20260228
[2026-03-04 11:58:06] [INFO] [DATE SKIP] #IO-422 (SHREYAA ENTERPRISES): date 20251112 before start date 20260228
[2026-03-04 11:58:06] [INFO] [DATE SKIP] #IO-423 (SHREYAA ENTERPRISES): date 20251112 before start date 20260228
[2026-03-04 11:58:06] [INFO] [DATE SKIP] #IO-424 (SHREYAA ENTERPRISES): date 20251112 before start date 20260228
[2026-03-04 11:58:06] [INFO] [DATE SKIP] #IO-425 (SHREYAA ENTERPRISES): date 20251112 before start date 20260228
[2026-03-04 11:58:06] [INFO] [DATE SKIP] #IO-426 (SHREYAA ENTERPRISES): date 20251112 before start date 20260228
[2026-03-04 11:58:06] [INFO] [DATE SKIP] #IO-427 (SHREYAA ENTERPRISES): date 20251112 before start date 20260228
[2026-03-04 11:58:06] [INFO] [DATE SKIP] #IO-428 (SHREYAA ENTERPRISES): date 20251112 before start date 20260228
[2026-03-04 11:58:06] [INFO] [DATE SKIP] #17 (SHREYAA ENTERPRISES): date 20251112 before start date 20260228
[2026-03-04 11:58:06] [INFO] [DATE SKIP] #IO-429 (SHREYAA ENTERPRISES): date 20251112 before start date 20260228
[2026-03-04 11:58:06] [INFO] [DATE SKIP] #18 (SHREYAA ENTERPRISES): date 20251112 before start date 20260228
[2026-03-04 11:58:06] [INFO] [DATE SKIP] #IO-430 (SHREYAA ENTERPRISES): date 20251112 before start date 20260228
[2026-03-04 11:58:06] [INFO] [DATE SKIP] #IO-431 (SHREYAA ENTERPRISES): date 20251113 before start date 20260228
[2026-03-04 11:58:06] [INFO] [DATE SKIP] #CO2-21 (SHREYAA ENTERPRISES): date 20251113 before start date 20260228
[2026-03-04 11:58:06] [INFO] [DATE SKIP] #IO-432 (SHREYAA ENTERPRISES): date 20251113 before start date 20260228
[2026-03-04 11:58:06] [INFO] [DATE SKIP] #IO-433 (SHREYAA ENTERPRISES): date 20251113 before start date 20260228
[2026-03-04 11:58:06] [INFO] [DATE SKIP] #IO-434 (SHREYAA ENTERPRISES): date 20251113 before start date 20260228
[2026-03-04 11:58:06] [INFO] [DATE SKIP] #IO-435 (SHREYAA ENTERPRISES): date 20251113 before start date 20260228
[2026-03-04 11:58:06] [INFO] [DATE SKIP] #IO-436 (SHREYAA ENTERPRISES): date 20251113 before start date 20260228
[2026-03-04 11:58:06] [INFO] [DATE SKIP] #IO-437 (SHREYAA ENTERPRISES): date 20251113 before start date 20260228
[2026-03-04 11:58:06] [INFO] [DATE SKIP] #IO-438 (SHREYAA ENTERPRISES): date 20251113 before start date 20260228
[2026-03-04 11:58:06] [INFO] [DATE SKIP] #IO-439 (SHREYAA ENTERPRISES): date 20251113 before start date 20260228
[2026-03-04 11:58:06] [INFO] [DATE SKIP] #IO-440 (SHREYAA ENTERPRISES): date 20251113 before start date 20260228
[2026-03-04 11:58:06] [INFO] [DATE SKIP] #IO-441 (SHREYAA ENTERPRISES): date 20251113 before start date 20260228
[2026-03-04 11:58:06] [INFO] [DATE SKIP] #IO-442 (SHREYAA ENTERPRISES): date 20251113 before start date 20260228
[2026-03-04 11:58:06] [INFO] [DATE SKIP] #IO-443 (SHREYAA ENTERPRISES): date 20251113 before start date 20260228
[2026-03-04 11:58:06] [INFO] [DATE SKIP] #IO-444 (SHREYAA ENTERPRISES): date 20251113 before start date 20260228
[2026-03-04 11:58:06] [INFO] [DATE SKIP] #IO-445 (SHREYAA ENTERPRISES): date 20251113 before start date 20260228
[2026-03-04 11:58:06] [INFO] [DATE SKIP] #IO-446 (SHREYAA ENTERPRISES): date 20251113 before start date 20260228
[2026-03-04 11:58:06] [INFO] [DATE SKIP] #IO-447 (SHREYAA ENTERPRISES): date 20251113 before start date 20260228
[2026-03-04 11:58:06] [INFO] [DATE SKIP] #IO-448 (SHREYAA ENTERPRISES): date 20251114 before start date 20260228
[2026-03-04 11:58:06] [INFO] [DATE SKIP] #IO-449 (SHREYAA ENTERPRISES): date 20251114 before start date 20260228
[2026-03-04 11:58:06] [INFO] [DATE SKIP] #IO-450 (SHREYAA ENTERPRISES): date 20251114 before start date 20260228
[2026-03-04 11:58:06] [INFO] [DATE SKIP] #IO-451 (SHREYAA ENTERPRISES): date 20251114 before start date 20260228
[2026-03-04 11:58:06] [INFO] [DATE SKIP] #IO-452 (SHREYAA ENTERPRISES): date 20251114 before start date 20260228
[2026-03-04 11:58:06] [INFO] [DATE SKIP] #IO-453 (SHREYAA ENTERPRISES): date 20251114 before start date 20260228
[2026-03-04 11:58:06] [INFO] [DATE SKIP] #IO-454 (SHREYAA ENTERPRISES): date 20251114 before start date 20260228
[2026-03-04 11:58:06] [INFO] [DATE SKIP] #IO-455 (SHREYAA ENTERPRISES): date 20251114 before start date 20260228
[2026-03-04 11:58:06] [INFO] [DATE SKIP] #L2N-7 (SHREYAA ENTERPRISES): date 20251114 before start date 20260228
[2026-03-04 11:58:06] [INFO] [DATE SKIP] #IO-456 (SHREYAA ENTERPRISES): date 20251114 before start date 20260228
[2026-03-04 11:58:06] [INFO] [DATE SKIP] #IO-457 (SHREYAA ENTERPRISES): date 20251114 before start date 20260228
[2026-03-04 11:58:06] [INFO] [DATE SKIP] #19 (SHREYAA ENTERPRISES): date 20251114 before start date 20260228
[2026-03-04 11:58:06] [INFO] [DATE SKIP] #IO-458 (SHREYAA ENTERPRISES): date 20251114 before start date 20260228
[2026-03-04 11:58:06] [INFO] [DATE SKIP] #IO-459 (SHREYAA ENTERPRISES): date 20251114 before start date 20260228
[2026-03-04 11:58:06] [INFO] [DATE SKIP] #ARG-18 (SHREYAA ENTERPRISES): date 20251115 before start date 20260228
[2026-03-04 11:58:06] [INFO] [DATE SKIP] #IO-460 (SHREYAA ENTERPRISES): date 20251115 before start date 20260228
[2026-03-04 11:58:06] [INFO] [DATE SKIP] #IO-461 (SHREYAA ENTERPRISES): date 20251115 before start date 20260228
[2026-03-04 11:58:06] [INFO] [DATE SKIP] #IO-462 (SHREYAA ENTERPRISES): date 20251115 before start date 20260228
[2026-03-04 11:58:06] [INFO] [DATE SKIP] #IO-463 (SHREYAA ENTERPRISES): date 20251115 before start date 20260228
[2026-03-04 11:58:06] [INFO] [DATE SKIP] #IO-464 (SHREYAA ENTERPRISES): date 20251115 before start date 20260228
[2026-03-04 11:58:06] [INFO] [DATE SKIP] #IO-465 (SHREYAA ENTERPRISES): date 20251115 before start date 20260228
[2026-03-04 11:58:06] [INFO] [DATE SKIP] #IO-466 (SHREYAA ENTERPRISES): date 20251115 before start date 20260228
[2026-03-04 11:58:06] [INFO] [DATE SKIP] #IO-467 (SHREYAA ENTERPRISES): date 20251115 before start date 20260228
[2026-03-04 11:58:06] [INFO] [DATE SKIP] #IO-468 (SHREYAA ENTERPRISES): date 20251115 before start date 20260228
[2026-03-04 11:58:06] [INFO] [DATE SKIP] #IO-469 (SHREYAA ENTERPRISES): date 20251115 before start date 20260228
[2026-03-04 11:58:06] [INFO] [DATE SKIP] #IO-470 (SHREYAA ENTERPRISES): date 20251115 before start date 20260228
[2026-03-04 11:58:06] [INFO] [DATE SKIP] #IO-471 (SHREYAA ENTERPRISES): date 20251115 before start date 20260228
[2026-03-04 11:58:06] [INFO] [DATE SKIP] #IO-472 (SHREYAA ENTERPRISES): date 20251115 before start date 20260228
[2026-03-04 11:58:06] [INFO] [DATE SKIP] #IO-473 (SHREYAA ENTERPRISES): date 20251115 before start date 20260228
[2026-03-04 11:58:06] [INFO] [DATE SKIP] #IO-474 (SHREYAA ENTERPRISES): date 20251115 before start date 20260228
[2026-03-04 11:58:06] [INFO] [DATE SKIP] #IO-475 (SHREYAA ENTERPRISES): date 20251115 before start date 20260228
[2026-03-04 11:58:06] [INFO] [DATE SKIP] #IO-476 (SHREYAA ENTERPRISES): date 20251115 before start date 20260228
[2026-03-04 11:58:06] [INFO] [DATE SKIP] #IO-477 (SHREYAA ENTERPRISES): date 20251115 before start date 20260228
[2026-03-04 11:58:06] [INFO] [DATE SKIP] #IO-478 (SHREYAA ENTERPRISES): date 20251115 before start date 20260228
[2026-03-04 11:58:06] [INFO] [DATE SKIP] #IO-479 (SHREYAA ENTERPRISES): date 20251117 before start date 20260228
[2026-03-04 11:58:06] [INFO] [DATE SKIP] #IO-480 (SHREYAA ENTERPRISES): date 20251117 before start date 20260228
[2026-03-04 11:58:06] [INFO] [DATE SKIP] #IO-481 (SHREYAA ENTERPRISES): date 20251117 before start date 20260228
[2026-03-04 11:58:06] [INFO] [DATE SKIP] #CO2-22 (SHREYAA ENTERPRISES): date 20251117 before start date 20260228
[2026-03-04 11:58:06] [INFO] [DATE SKIP] #IO-482 (SHREYAA ENTERPRISES): date 20251117 before start date 20260228
[2026-03-04 11:58:06] [INFO] [DATE SKIP] #IO-483 (SHREYAA ENTERPRISES): date 20251117 before start date 20260228
[2026-03-04 11:58:06] [INFO] [DATE SKIP] #IO-484 (SHREYAA ENTERPRISES): date 20251117 before start date 20260228
[2026-03-04 11:58:06] [INFO] [DATE SKIP] #IO-485 (SHREYAA ENTERPRISES): date 20251117 before start date 20260228
[2026-03-04 11:58:06] [INFO] [DATE SKIP] #IO-486 (SHREYAA ENTERPRISES): date 20251117 before start date 20260228
[2026-03-04 11:58:06] [INFO] [DATE SKIP] #IO-487 (SHREYAA ENTERPRISES): date 20251117 before start date 20260228
[2026-03-04 11:58:06] [INFO] [DATE SKIP] #IO-488 (SHREYAA ENTERPRISES): date 20251117 before start date 20260228
[2026-03-04 11:58:06] [INFO] [DATE SKIP] #IO-489 (SHREYAA ENTERPRISES): date 20251117 before start date 20260228
[2026-03-04 11:58:06] [INFO] [DATE SKIP] #IO-490 (SHREYAA ENTERPRISES): date 20251117 before start date 20260228
[2026-03-04 11:58:06] [INFO] [DATE SKIP] #IO-491 (SHREYAA ENTERPRISES): date 20251117 before start date 20260228
[2026-03-04 11:58:06] [INFO] [DATE SKIP] #IO-492 (SHREYAA ENTERPRISES): date 20251117 before start date 20260228
[2026-03-04 11:58:06] [INFO] [DATE SKIP] #IO-493 (SHREYAA ENTERPRISES): date 20251118 before start date 20260228
[2026-03-04 11:58:06] [INFO] [DATE SKIP] #IO-494 (SHREYAA ENTERPRISES): date 20251118 before start date 20260228
[2026-03-04 11:58:06] [INFO] [DATE SKIP] #IO-495 (SHREYAA ENTERPRISES): date 20251118 before start date 20260228
[2026-03-04 11:58:06] [INFO] [DATE SKIP] #IO-496 (SHREYAA ENTERPRISES): date 20251118 before start date 20260228
[2026-03-04 11:58:06] [INFO] [DATE SKIP] #IO-497 (SHREYAA ENTERPRISES): date 20251118 before start date 20260228
[2026-03-04 11:58:06] [INFO] [DATE SKIP] #IO-498 (SHREYAA ENTERPRISES): date 20251118 before start date 20260228
[2026-03-04 11:58:06] [INFO] [DATE SKIP] #IO-499 (SHREYAA ENTERPRISES): date 20251118 before start date 20260228
[2026-03-04 11:58:06] [INFO] [DATE SKIP] #IO-500 (SHREYAA ENTERPRISES): date 20251118 before start date 20260228
[2026-03-04 11:58:06] [INFO] [DATE SKIP] #IO-501 (SHREYAA ENTERPRISES): date 20251118 before start date 20260228
[2026-03-04 11:58:06] [INFO] [DATE SKIP] #IO-502 (SHREYAA ENTERPRISES): date 20251118 before start date 20260228
[2026-03-04 11:58:06] [INFO] [DATE SKIP] #IO-503 (SHREYAA ENTERPRISES): date 20251118 before start date 20260228
[2026-03-04 11:58:06] [INFO] [DATE SKIP] #IO-504 (SHREYAA ENTERPRISES): date 20251118 before start date 20260228
[2026-03-04 11:58:06] [INFO] [DATE SKIP] #IO-505 (SHREYAA ENTERPRISES): date 20251118 before start date 20260228
[2026-03-04 11:58:06] [INFO] [DATE SKIP] #IO-507 (SHREYAA ENTERPRISES): date 20251118 before start date 20260228
[2026-03-04 11:58:06] [INFO] [DATE SKIP] #IO-508 (SHREYAA ENTERPRISES): date 20251118 before start date 20260228
[2026-03-04 11:58:06] [INFO] [DATE SKIP] #IO-509 (SHREYAA ENTERPRISES): date 20251118 before start date 20260228
[2026-03-04 11:58:06] [INFO] [DATE SKIP] #IO-510 (SHREYAA ENTERPRISES): date 20251118 before start date 20260228
[2026-03-04 11:58:06] [INFO] [DATE SKIP] #IO-511 (SHREYAA ENTERPRISES): date 20251118 before start date 20260228
[2026-03-04 11:58:06] [INFO] [DATE SKIP] #IO-534 (SHREYAA ENTERPRISES): date 20251118 before start date 20260228
[2026-03-04 11:58:06] [INFO] [DATE SKIP] #IO-535 (SHREYAA ENTERPRISES): date 20251118 before start date 20260228
[2026-03-04 11:58:06] [INFO] [DATE SKIP] #IO-536 (SHREYAA ENTERPRISES): date 20251118 before start date 20260228
[2026-03-04 11:58:06] [INFO] [DATE SKIP] #IO-557 (SHREYAA ENTERPRISES): date 20251119 before start date 20260228
[2026-03-04 11:58:06] [INFO] [DATE SKIP] #IO-515 (SHREYAA ENTERPRISES): date 20251119 before start date 20260228
[2026-03-04 11:58:06] [INFO] [DATE SKIP] #IO-512 (SHREYAA ENTERPRISES): date 20251119 before start date 20260228
[2026-03-04 11:58:06] [INFO] [DATE SKIP] #IO-513 (SHREYAA ENTERPRISES): date 20251119 before start date 20260228
[2026-03-04 11:58:06] [INFO] [DATE SKIP] #IO-514 (SHREYAA ENTERPRISES): date 20251119 before start date 20260228
[2026-03-04 11:58:06] [INFO] [DATE SKIP] #IO-516 (SHREYAA ENTERPRISES): date 20251119 before start date 20260228
[2026-03-04 11:58:06] [INFO] [DATE SKIP] #IO-517 (SHREYAA ENTERPRISES): date 20251119 before start date 20260228
[2026-03-04 11:58:06] [INFO] [DATE SKIP] #IO-518 (SHREYAA ENTERPRISES): date 20251119 before start date 20260228
[2026-03-04 11:58:06] [INFO] [DATE SKIP] #IO-520 (SHREYAA ENTERPRISES): date 20251119 before start date 20260228
[2026-03-04 11:58:06] [INFO] [DATE SKIP] #IO-521 (SHREYAA ENTERPRISES): date 20251119 before start date 20260228
[2026-03-04 11:58:06] [INFO] [DATE SKIP] #IO-522 (SHREYAA ENTERPRISES): date 20251119 before start date 20260228
[2026-03-04 11:58:06] [INFO] [DATE SKIP] #IO-523 (SHREYAA ENTERPRISES): date 20251119 before start date 20260228
[2026-03-04 11:58:06] [INFO] [DATE SKIP] #IO-524 (SHREYAA ENTERPRISES): date 20251119 before start date 20260228
[2026-03-04 11:58:06] [INFO] [DATE SKIP] #IO-525 (SHREYAA ENTERPRISES): date 20251119 before start date 20260228
[2026-03-04 11:58:06] [INFO] [DATE SKIP] #IO-526 (SHREYAA ENTERPRISES): date 20251119 before start date 20260228
[2026-03-04 11:58:06] [INFO] [DATE SKIP] #20 (SHREYAA ENTERPRISES): date 20251119 before start date 20260228
[2026-03-04 11:58:06] [INFO] [DATE SKIP] #IO-527 (SHREYAA ENTERPRISES): date 20251120 before start date 20260228
[2026-03-04 11:58:06] [INFO] [DATE SKIP] #IO-528 (SHREYAA ENTERPRISES): date 20251120 before start date 20260228
[2026-03-04 11:58:06] [INFO] [DATE SKIP] #CO2-25 (SHREYAA ENTERPRISES): date 20251120 before start date 20260228
[2026-03-04 11:58:06] [INFO] [DATE SKIP] #CO2-23 (SHREYAA ENTERPRISES): date 20251120 before start date 20260228
[2026-03-04 11:58:06] [INFO] [DATE SKIP] #IO-529 (SHREYAA ENTERPRISES): date 20251120 before start date 20260228
[2026-03-04 11:58:06] [INFO] [DATE SKIP] #IO-506 (SHREYAA ENTERPRISES): date 20251120 before start date 20260228
[2026-03-04 11:58:06] [INFO] [DATE SKIP] #IO-530 (SHREYAA ENTERPRISES): date 20251120 before start date 20260228
[2026-03-04 11:58:06] [INFO] [DATE SKIP] #IO-531 (SHREYAA ENTERPRISES): date 20251120 before start date 20260228
[2026-03-04 11:58:06] [INFO] [DATE SKIP] #IO-532 (SHREYAA ENTERPRISES): date 20251120 before start date 20260228
[2026-03-04 11:58:06] [INFO] [DATE SKIP] #IO-533 (SHREYAA ENTERPRISES): date 20251120 before start date 20260228
[2026-03-04 11:58:06] [INFO] [DATE SKIP] #MO-2 (SHREYAA ENTERPRISES): date 20251120 before start date 20260228
[2026-03-04 11:58:06] [INFO] [DATE SKIP] #IO-553 (SHREYAA ENTERPRISES): date 20251120 before start date 20260228
[2026-03-04 11:58:06] [INFO] [DATE SKIP] #IO-555 (SHREYAA ENTERPRISES): date 20251120 before start date 20260228
[2026-03-04 11:58:06] [INFO] [DATE SKIP] #IO-556 (SHREYAA ENTERPRISES): date 20251120 before start date 20260228
[2026-03-04 11:58:06] [INFO] [DATE SKIP] #IO-547 (SHREYAA ENTERPRISES): date 20251121 before start date 20260228
[2026-03-04 11:58:06] [INFO] [DATE SKIP] #IO-538 (SHREYAA ENTERPRISES): date 20251121 before start date 20260228
[2026-03-04 11:58:06] [INFO] [DATE SKIP] #IO-537 (SHREYAA ENTERPRISES): date 20251121 before start date 20260228
[2026-03-04 11:58:06] [INFO] [DATE SKIP] #IO-539 (SHREYAA ENTERPRISES): date 20251121 before start date 20260228
[2026-03-04 11:58:06] [INFO] [DATE SKIP] #IO-540 (SHREYAA ENTERPRISES): date 20251121 before start date 20260228
[2026-03-04 11:58:06] [INFO] [DATE SKIP] #IO-541 (SHREYAA ENTERPRISES): date 20251121 before start date 20260228
[2026-03-04 11:58:06] [INFO] [DATE SKIP] #CO2-26 (SHREYAA ENTERPRISES): date 20251121 before start date 20260228
[2026-03-04 11:58:06] [INFO] [DATE SKIP] #IO-542 (SHREYAA ENTERPRISES): date 20251121 before start date 20260228
[2026-03-04 11:58:06] [INFO] [DATE SKIP] #IO-543 (SHREYAA ENTERPRISES): date 20251121 before start date 20260228
[2026-03-04 11:58:06] [INFO] [DATE SKIP] #IO-548 (SHREYAA ENTERPRISES): date 20251121 before start date 20260228
[2026-03-04 11:58:06] [INFO] [DATE SKIP] #IO-544 (SHREYAA ENTERPRISES): date 20251121 before start date 20260228
[2026-03-04 11:58:06] [INFO] [DATE SKIP] #IO-545 (SHREYAA ENTERPRISES): date 20251121 before start date 20260228
[2026-03-04 11:58:06] [INFO] [DATE SKIP] #IO-546 (SHREYAA ENTERPRISES): date 20251121 before start date 20260228
[2026-03-04 11:58:06] [INFO] [DATE SKIP] #IO-549 (SHREYAA ENTERPRISES): date 20251121 before start date 20260228
[2026-03-04 11:58:06] [INFO] [DATE SKIP] #IO-550 (SHREYAA ENTERPRISES): date 20251121 before start date 20260228
[2026-03-04 11:58:06] [INFO] [DATE SKIP] #ARG-20 (SHREYAA ENTERPRISES): date 20251121 before start date 20260228
[2026-03-04 11:58:06] [INFO] [DATE SKIP] #IO-551 (SHREYAA ENTERPRISES): date 20251121 before start date 20260228
[2026-03-04 11:58:06] [INFO] [DATE SKIP] #IO-552 (SHREYAA ENTERPRISES): date 20251121 before start date 20260228
[2026-03-04 11:58:06] [INFO] [DATE SKIP] #IO-554 (SHREYAA ENTERPRISES): date 20251121 before start date 20260228
[2026-03-04 11:58:06] [INFO] [DATE SKIP] #IO-558 (SHREYAA ENTERPRISES): date 20251122 before start date 20260228
[2026-03-04 11:58:06] [INFO] [DATE SKIP] #IO-559 (SHREYAA ENTERPRISES): date 20251122 before start date 20260228
[2026-03-04 11:58:06] [INFO] [DATE SKIP] #IO-560 (SHREYAA ENTERPRISES): date 20251122 before start date 20260228
[2026-03-04 11:58:06] [INFO] [DATE SKIP] #IO-562 (SHREYAA ENTERPRISES): date 20251122 before start date 20260228
[2026-03-04 11:58:06] [INFO] [DATE SKIP] #IO-561 (SHREYAA ENTERPRISES): date 20251122 before start date 20260228
[2026-03-04 11:58:06] [INFO] [DATE SKIP] #IO-563 (SHREYAA ENTERPRISES): date 20251122 before start date 20260228
[2026-03-04 11:58:06] [INFO] [DATE SKIP] #IO-564 (SHREYAA ENTERPRISES): date 20251122 before start date 20260228
[2026-03-04 11:58:06] [INFO] [DATE SKIP] #IO-565 (SHREYAA ENTERPRISES): date 20251122 before start date 20260228
[2026-03-04 11:58:06] [INFO] [DATE SKIP] #IO-566 (SHREYAA ENTERPRISES): date 20251122 before start date 20260228
[2026-03-04 11:58:06] [INFO] [DATE SKIP] #IO-567 (SHREYAA ENTERPRISES): date 20251122 before start date 20260228
[2026-03-04 11:58:06] [INFO] [DATE SKIP] #IO-568 (SHREYAA ENTERPRISES): date 20251122 before start date 20260228
[2026-03-04 11:58:06] [INFO] [DATE SKIP] #IO-569 (SHREYAA ENTERPRISES): date 20251122 before start date 20260228
[2026-03-04 11:58:06] [INFO] [DATE SKIP] #IO-570 (SHREYAA ENTERPRISES): date 20251122 before start date 20260228
[2026-03-04 11:58:06] [INFO] [DATE SKIP] #IO-571 (SHREYAA ENTERPRISES): date 20251122 before start date 20260228
[2026-03-04 11:58:06] [INFO] [DATE SKIP] #IO-572 (SHREYAA ENTERPRISES): date 20251122 before start date 20260228
[2026-03-04 11:58:06] [INFO] [DATE SKIP] #IO-573 (SHREYAA ENTERPRISES): date 20251124 before start date 20260228
[2026-03-04 11:58:06] [INFO] [DATE SKIP] #ARG-21 (SHREYAA ENTERPRISES): date 20251124 before start date 20260228
[2026-03-04 11:58:06] [INFO] [DATE SKIP] #ARG-22 (SHREYAA ENTERPRISES): date 20251124 before start date 20260228
[2026-03-04 11:58:06] [INFO] [DATE SKIP] #IO-574 (SHREYAA ENTERPRISES): date 20251124 before start date 20260228
[2026-03-04 11:58:06] [INFO] [DATE SKIP] #IO-575 (SHREYAA ENTERPRISES): date 20251124 before start date 20260228
[2026-03-04 11:58:06] [INFO] [DATE SKIP] #IO-576 (SHREYAA ENTERPRISES): date 20251124 before start date 20260228
[2026-03-04 11:58:06] [INFO] [DATE SKIP] #IO-577 (SHREYAA ENTERPRISES): date 20251124 before start date 20260228
[2026-03-04 11:58:06] [INFO] [DATE SKIP] #IO-578 (SHREYAA ENTERPRISES): date 20251124 before start date 20260228
[2026-03-04 11:58:06] [INFO] [DATE SKIP] #IO-579 (SHREYAA ENTERPRISES): date 20251124 before start date 20260228
[2026-03-04 11:58:06] [INFO] [DATE SKIP] #IO-580 (SHREYAA ENTERPRISES): date 20251124 before start date 20260228
[2026-03-04 11:58:06] [INFO] [DATE SKIP] #IO-581 (SHREYAA ENTERPRISES): date 20251124 before start date 20260228
[2026-03-04 11:58:06] [INFO] [DATE SKIP] #IO-582 (SHREYAA ENTERPRISES): date 20251124 before start date 20260228
[2026-03-04 11:58:06] [INFO] [DATE SKIP] #IO-583 (SHREYAA ENTERPRISES): date 20251124 before start date 20260228
[2026-03-04 11:58:06] [INFO] [DATE SKIP] #IO-599 (SHREYAA ENTERPRISES): date 20251124 before start date 20260228
[2026-03-04 11:58:06] [INFO] [DATE SKIP] #IO-584 (SHREYAA ENTERPRISES): date 20251124 before start date 20260228
[2026-03-04 11:58:06] [INFO] [DATE SKIP] #IO-592 (SHREYAA ENTERPRISES): date 20251125 before start date 20260228
[2026-03-04 11:58:06] [INFO] [DATE SKIP] #IO-585 (SHREYAA ENTERPRISES): date 20251125 before start date 20260228
[2026-03-04 11:58:06] [INFO] [DATE SKIP] #IO-586 (SHREYAA ENTERPRISES): date 20251125 before start date 20260228
[2026-03-04 11:58:06] [INFO] [DATE SKIP] #IO-587 (SHREYAA ENTERPRISES): date 20251125 before start date 20260228
[2026-03-04 11:58:06] [INFO] [DATE SKIP] #IO-588 (SHREYAA ENTERPRISES): date 20251125 before start date 20260228
[2026-03-04 11:58:06] [INFO] [DATE SKIP] #IO-589 (SHREYAA ENTERPRISES): date 20251125 before start date 20260228
[2026-03-04 11:58:06] [INFO] [DATE SKIP] #IO-590 (SHREYAA ENTERPRISES): date 20251125 before start date 20260228
[2026-03-04 11:58:06] [INFO] [DATE SKIP] #IO-591 (SHREYAA ENTERPRISES): date 20251125 before start date 20260228
[2026-03-04 11:58:06] [INFO] [DATE SKIP] #IO-593 (SHREYAA ENTERPRISES): date 20251125 before start date 20260228
[2026-03-04 11:58:06] [INFO] [DATE SKIP] #IO-594 (SHREYAA ENTERPRISES): date 20251125 before start date 20260228
[2026-03-04 11:58:06] [INFO] [DATE SKIP] #IO-595 (SHREYAA ENTERPRISES): date 20251125 before start date 20260228
[2026-03-04 11:58:06] [INFO] [DATE SKIP] #IO-596 (SHREYAA ENTERPRISES): date 20251125 before start date 20260228
[2026-03-04 11:58:06] [INFO] [DATE SKIP] #IO-597 (SHREYAA ENTERPRISES): date 20251125 before start date 20260228
[2026-03-04 11:58:06] [INFO] [DATE SKIP] #IO-598 (SHREYAA ENTERPRISES): date 20251125 before start date 20260228
[2026-03-04 11:58:06] [INFO] [DATE SKIP] #IO-600 (SHREYAA ENTERPRISES): date 20251125 before start date 20260228
[2026-03-04 11:58:06] [INFO] [DATE SKIP] #IO-601 (SHREYAA ENTERPRISES): date 20251125 before start date 20260228
[2026-03-04 11:58:06] [INFO] [DATE SKIP] #IO-602 (SHREYAA ENTERPRISES): date 20251125 before start date 20260228
[2026-03-04 11:58:06] [INFO] [DATE SKIP] #IO-603 (SHREYAA ENTERPRISES): date 20251125 before start date 20260228
[2026-03-04 11:58:06] [INFO] [DATE SKIP] #IOP-6 (SHREYAA ENTERPRISES): date 20251125 before start date 20260228
[2026-03-04 11:58:06] [INFO] [DATE SKIP] #IO-604 (SHREYAA ENTERPRISES): date 20251126 before start date 20260228
[2026-03-04 11:58:06] [INFO] [DATE SKIP] #IO-605 (SHREYAA ENTERPRISES): date 20251126 before start date 20260228
[2026-03-04 11:58:06] [INFO] [DATE SKIP] #IO-606 (SHREYAA ENTERPRISES): date 20251126 before start date 20260228
[2026-03-04 11:58:06] [INFO] [DATE SKIP] #IO-607 (SHREYAA ENTERPRISES): date 20251126 before start date 20260228
[2026-03-04 11:58:06] [INFO] [DATE SKIP] #IO-608 (SHREYAA ENTERPRISES): date 20251126 before start date 20260228
[2026-03-04 11:58:06] [INFO] [DATE SKIP] #IO-609 (SHREYAA ENTERPRISES): date 20251126 before start date 20260228
[2026-03-04 11:58:06] [INFO] [DATE SKIP] #IO-610 (SHREYAA ENTERPRISES): date 20251126 before start date 20260228
[2026-03-04 11:58:06] [INFO] [DATE SKIP] #IO-611 (SHREYAA ENTERPRISES): date 20251126 before start date 20260228
[2026-03-04 11:58:06] [INFO] [DATE SKIP] #IO-612 (SHREYAA ENTERPRISES): date 20251126 before start date 20260228
[2026-03-04 11:58:06] [INFO] [DATE SKIP] #ARG-23 (SHREYAA ENTERPRISES): date 20251126 before start date 20260228
[2026-03-04 11:58:06] [INFO] [DATE SKIP] #IO-613 (SHREYAA ENTERPRISES): date 20251126 before start date 20260228
[2026-03-04 11:58:06] [INFO] [DATE SKIP] #IO-614 (SHREYAA ENTERPRISES): date 20251126 before start date 20260228
[2026-03-04 11:58:06] [INFO] [DATE SKIP] #IO-615 (SHREYAA ENTERPRISES): date 20251126 before start date 20260228
[2026-03-04 11:58:06] [INFO] [DATE SKIP] #IO-616 (SHREYAA ENTERPRISES): date 20251126 before start date 20260228
[2026-03-04 11:58:06] [INFO] [DATE SKIP] #IO-617 (SHREYAA ENTERPRISES): date 20251126 before start date 20260228
[2026-03-04 11:58:06] [INFO] [DATE SKIP] #IO-618 (SHREYAA ENTERPRISES): date 20251126 before start date 20260228
[2026-03-04 11:58:06] [INFO] [DATE SKIP] #IO-619 (SHREYAA ENTERPRISES): date 20251127 before start date 20260228
[2026-03-04 11:58:06] [INFO] [DATE SKIP] #IO-620 (SHREYAA ENTERPRISES): date 20251127 before start date 20260228
[2026-03-04 11:58:06] [INFO] [DATE SKIP] #IO-621 (SHREYAA ENTERPRISES): date 20251127 before start date 20260228
[2026-03-04 11:58:06] [INFO] [DATE SKIP] #IO-622 (SHREYAA ENTERPRISES): date 20251127 before start date 20260228
[2026-03-04 11:58:06] [INFO] [DATE SKIP] #IO-623 (SHREYAA ENTERPRISES): date 20251127 before start date 20260228
[2026-03-04 11:58:06] [INFO] [DATE SKIP] #IO-624 (SHREYAA ENTERPRISES): date 20251127 before start date 20260228
[2026-03-04 11:58:06] [INFO] [DATE SKIP] #ARG-24 (SHREYAA ENTERPRISES): date 20251127 before start date 20260228
[2026-03-04 11:58:06] [INFO] [DATE SKIP] #IO-625 (SHREYAA ENTERPRISES): date 20251127 before start date 20260228
[2026-03-04 11:58:06] [INFO] [DATE SKIP] #IO-626 (SHREYAA ENTERPRISES): date 20251127 before start date 20260228
[2026-03-04 11:58:06] [INFO] [DATE SKIP] #IO-627 (SHREYAA ENTERPRISES): date 20251127 before start date 20260228
[2026-03-04 11:58:06] [INFO] [DATE SKIP] #IO-628 (SHREYAA ENTERPRISES): date 20251127 before start date 20260228
[2026-03-04 11:58:06] [INFO] [DATE SKIP] #IO-629 (SHREYAA ENTERPRISES): date 20251127 before start date 20260228
[2026-03-04 11:58:06] [INFO] [DATE SKIP] #IO-630 (SHREYAA ENTERPRISES): date 20251127 before start date 20260228
[2026-03-04 11:58:06] [INFO] [DATE SKIP] #IO-631 (SHREYAA ENTERPRISES): date 20251127 before start date 20260228
[2026-03-04 11:58:06] [INFO] [DATE SKIP] #IO-632 (SHREYAA ENTERPRISES): date 20251127 before start date 20260228
[2026-03-04 11:58:06] [INFO] [DATE SKIP] #IO-633 (SHREYAA ENTERPRISES): date 20251127 before start date 20260228
[2026-03-04 11:58:06] [INFO] [DATE SKIP] #IO-634 (SHREYAA ENTERPRISES): date 20251127 before start date 20260228
[2026-03-04 11:58:06] [INFO] [DATE SKIP] #IO-635 (SHREYAA ENTERPRISES): date 20251127 before start date 20260228
[2026-03-04 11:58:06] [INFO] [DATE SKIP] #IO-636 (SHREYAA ENTERPRISES): date 20251127 before start date 20260228
[2026-03-04 11:58:06] [INFO] [DATE SKIP] #IO-637 (SHREYAA ENTERPRISES): date 20251127 before start date 20260228
[2026-03-04 11:58:06] [INFO] [DATE SKIP] #IO-638 (SHREYAA ENTERPRISES): date 20251127 before start date 20260228
[2026-03-04 11:58:06] [INFO] [DATE SKIP] #IO-664 (SHREYAA ENTERPRISES): date 20251127 before start date 20260228
[2026-03-04 11:58:06] [INFO] [DATE SKIP] #IO-639 (SHREYAA ENTERPRISES): date 20251128 before start date 20260228
[2026-03-04 11:58:06] [INFO] [DATE SKIP] #IO-640 (SHREYAA ENTERPRISES): date 20251128 before start date 20260228
[2026-03-04 11:58:06] [INFO] [DATE SKIP] #IO-641 (SHREYAA ENTERPRISES): date 20251128 before start date 20260228
[2026-03-04 11:58:06] [INFO] [DATE SKIP] #IO-642 (SHREYAA ENTERPRISES): date 20251128 before start date 20260228
[2026-03-04 11:58:06] [INFO] [DATE SKIP] #IO-665 (SHREYAA ENTERPRISES): date 20251128 before start date 20260228
[2026-03-04 11:58:06] [INFO] [DATE SKIP] #IO-643 (SHREYAA ENTERPRISES): date 20251128 before start date 20260228
[2026-03-04 11:58:06] [INFO] [DATE SKIP] #IO-644 (SHREYAA ENTERPRISES): date 20251128 before start date 20260228
[2026-03-04 11:58:06] [INFO] [DATE SKIP] #IO-645 (SHREYAA ENTERPRISES): date 20251128 before start date 20260228
[2026-03-04 11:58:06] [INFO] [DATE SKIP] #IO-646 (SHREYAA ENTERPRISES): date 20251128 before start date 20260228
[2026-03-04 11:58:06] [INFO] [DATE SKIP] #IO-647 (SHREYAA ENTERPRISES): date 20251128 before start date 20260228
[2026-03-04 11:58:06] [INFO] [DATE SKIP] #IO-663 (SHREYAA ENTERPRISES): date 20251128 before start date 20260228
[2026-03-04 11:58:06] [INFO] [DATE SKIP] #21 (SHREYAA ENTERPRISES): date 20251128 before start date 20260228
[2026-03-04 11:58:06] [INFO] [DATE SKIP] #IO-709 (SHREYAA ENTERPRISES): date 20251128 before start date 20260228
[2026-03-04 11:58:06] [INFO] [DATE SKIP] #IO-648 (SHREYAA ENTERPRISES): date 20251129 before start date 20260228
[2026-03-04 11:58:06] [INFO] [DATE SKIP] #ARG-25 (SHREYAA ENTERPRISES): date 20251129 before start date 20260228
[2026-03-04 11:58:06] [INFO] [DATE SKIP] #IO-649 (SHREYAA ENTERPRISES): date 20251129 before start date 20260228
[2026-03-04 11:58:06] [INFO] [DATE SKIP] #IO-650 (SHREYAA ENTERPRISES): date 20251129 before start date 20260228
[2026-03-04 11:58:06] [INFO] [DATE SKIP] #IO-651 (SHREYAA ENTERPRISES): date 20251129 before start date 20260228
[2026-03-04 11:58:06] [INFO] [DATE SKIP] #IO-652 (SHREYAA ENTERPRISES): date 20251129 before start date 20260228
[2026-03-04 11:58:06] [INFO] [DATE SKIP] #IO-655 (SHREYAA ENTERPRISES): date 20251129 before start date 20260228
[2026-03-04 11:58:06] [INFO] [DATE SKIP] #IO-653 (SHREYAA ENTERPRISES): date 20251129 before start date 20260228
[2026-03-04 11:58:06] [INFO] [DATE SKIP] #IO-654 (SHREYAA ENTERPRISES): date 20251129 before start date 20260228
[2026-03-04 11:58:06] [INFO] [DATE SKIP] #IO-656 (SHREYAA ENTERPRISES): date 20251129 before start date 20260228
[2026-03-04 11:58:06] [INFO] [DATE SKIP] #IO-657 (SHREYAA ENTERPRISES): date 20251129 before start date 20260228
[2026-03-04 11:58:06] [INFO] [DATE SKIP] #IO-658 (SHREYAA ENTERPRISES): date 20251129 before start date 20260228
[2026-03-04 11:58:06] [INFO] [DATE SKIP] #IO-659 (SHREYAA ENTERPRISES): date 20251129 before start date 20260228
[2026-03-04 11:58:06] [INFO] [DATE SKIP] #IO-660 (SHREYAA ENTERPRISES): date 20251129 before start date 20260228
[2026-03-04 11:58:06] [INFO] [DATE SKIP] #IO-661 (SHREYAA ENTERPRISES): date 20251129 before start date 20260228
[2026-03-04 11:58:06] [INFO] [DATE SKIP] #IO-662 (SHREYAA ENTERPRISES): date 20251129 before start date 20260228
[2026-03-04 11:58:06] [INFO] [DATE SKIP] #IO-666 (SHREYAA ENTERPRISES): date 20251129 before start date 20260228
[2026-03-04 11:58:06] [INFO] [DATE SKIP] #IO-722 (SHREYAA ENTERPRISES): date 20251129 before start date 20260228
[2026-03-04 11:58:06] [INFO] [DATE SKIP] #IO-670 (SHREYAA ENTERPRISES): date 20251130 before start date 20260228
[2026-03-04 11:58:06] [INFO] [DATE SKIP] #IO-667 (SHREYAA ENTERPRISES): date 20251201 before start date 20260228
[2026-03-04 11:58:06] [INFO] [DATE SKIP] #IO-668 (SHREYAA ENTERPRISES): date 20251201 before start date 20260228
[2026-03-04 11:58:06] [INFO] [DATE SKIP] #IO-669 (SHREYAA ENTERPRISES): date 20251201 before start date 20260228
[2026-03-04 11:58:06] [INFO] [DATE SKIP] #IO-671 (SHREYAA ENTERPRISES): date 20251201 before start date 20260228
[2026-03-04 11:58:06] [INFO] [DATE SKIP] #IO-672 (SHREYAA ENTERPRISES): date 20251201 before start date 20260228
[2026-03-04 11:58:06] [INFO] [DATE SKIP] #IO-673 (SHREYAA ENTERPRISES): date 20251201 before start date 20260228
[2026-03-04 11:58:06] [INFO] [DATE SKIP] #IO-674 (SHREYAA ENTERPRISES): date 20251201 before start date 20260228
[2026-03-04 11:58:06] [INFO] [DATE SKIP] #IO-675 (SHREYAA ENTERPRISES): date 20251201 before start date 20260228
[2026-03-04 11:58:06] [INFO] [DATE SKIP] #IO-676 (SHREYAA ENTERPRISES): date 20251201 before start date 20260228
[2026-03-04 11:58:06] [INFO] [DATE SKIP] #IO-677 (SHREYAA ENTERPRISES): date 20251201 before start date 20260228
[2026-03-04 11:58:06] [INFO] [DATE SKIP] #IO-678 (SHREYAA ENTERPRISES): date 20251201 before start date 20260228
[2026-03-04 11:58:06] [INFO] [DATE SKIP] #IO-679 (SHREYAA ENTERPRISES): date 20251202 before start date 20260228
[2026-03-04 11:58:06] [INFO] [DATE SKIP] #IO-680 (SHREYAA ENTERPRISES): date 20251202 before start date 20260228
[2026-03-04 11:58:06] [INFO] [DATE SKIP] #IO-681 (SHREYAA ENTERPRISES): date 20251202 before start date 20260228
[2026-03-04 11:58:06] [INFO] [DATE SKIP] #ARG-26 (SHREYAA ENTERPRISES): date 20251202 before start date 20260228
[2026-03-04 11:58:06] [INFO] [DATE SKIP] #IO-682 (SHREYAA ENTERPRISES): date 20251202 before start date 20260228
[2026-03-04 11:58:06] [INFO] [DATE SKIP] #IO-683 (SHREYAA ENTERPRISES): date 20251202 before start date 20260228
[2026-03-04 11:58:06] [INFO] [DATE SKIP] #IO-684 (SHREYAA ENTERPRISES): date 20251202 before start date 20260228
[2026-03-04 11:58:06] [INFO] [DATE SKIP] #MO-8 (SHREYAA ENTERPRISES): date 20251202 before start date 20260228
[2026-03-04 11:58:06] [INFO] [DATE SKIP] #IO-685 (SHREYAA ENTERPRISES): date 20251202 before start date 20260228
[2026-03-04 11:58:06] [INFO] [DATE SKIP] #IO-686 (SHREYAA ENTERPRISES): date 20251202 before start date 20260228
[2026-03-04 11:58:06] [INFO] [DATE SKIP] #IO-687 (SHREYAA ENTERPRISES): date 20251202 before start date 20260228
[2026-03-04 11:58:06] [INFO] [DATE SKIP] #IO-688 (SHREYAA ENTERPRISES): date 20251202 before start date 20260228
[2026-03-04 11:58:06] [INFO] [DATE SKIP] #IO-689 (SHREYAA ENTERPRISES): date 20251202 before start date 20260228
[2026-03-04 11:58:06] [INFO] [DATE SKIP] #IO-690 (SHREYAA ENTERPRISES): date 20251202 before start date 20260228
[2026-03-04 11:58:06] [INFO] [DATE SKIP] #IO-691 (SHREYAA ENTERPRISES): date 20251202 before start date 20260228
[2026-03-04 11:58:06] [INFO] [DATE SKIP] #IO-692 (SHREYAA ENTERPRISES): date 20251202 before start date 20260228
[2026-03-04 11:58:06] [INFO] [DATE SKIP] #IO-693 (SHREYAA ENTERPRISES): date 20251202 before start date 20260228
[2026-03-04 11:58:06] [INFO] [DATE SKIP] #IO-694 (SHREYAA ENTERPRISES): date 20251203 before start date 20260228
[2026-03-04 11:58:06] [INFO] [DATE SKIP] #MO-9 (SHREYAA ENTERPRISES): date 20251203 before start date 20260228
[2026-03-04 11:58:06] [INFO] [DATE SKIP] #MO-10 (SHREYAA ENTERPRISES): date 20251203 before start date 20260228
[2026-03-04 11:58:06] [INFO] [DATE SKIP] #IO-695 (SHREYAA ENTERPRISES): date 20251203 before start date 20260228
[2026-03-04 11:58:06] [INFO] [DATE SKIP] #IO-696 (SHREYAA ENTERPRISES): date 20251203 before start date 20260228
[2026-03-04 11:58:06] [INFO] [DATE SKIP] #IO-697 (SHREYAA ENTERPRISES): date 20251203 before start date 20260228
[2026-03-04 11:58:06] [INFO] [DATE SKIP] #ARG-27 (SHREYAA ENTERPRISES): date 20251203 before start date 20260228
[2026-03-04 11:58:06] [INFO] [DATE SKIP] #IO-698 (SHREYAA ENTERPRISES): date 20251203 before start date 20260228
[2026-03-04 11:58:06] [INFO] [DATE SKIP] #IO-699 (SHREYAA ENTERPRISES): date 20251203 before start date 20260228
[2026-03-04 11:58:06] [INFO] [DATE SKIP] #IO-700 (SHREYAA ENTERPRISES): date 20251203 before start date 20260228
[2026-03-04 11:58:06] [INFO] [DATE SKIP] #IO-701 (SHREYAA ENTERPRISES): date 20251203 before start date 20260228
[2026-03-04 11:58:06] [INFO] [DATE SKIP] #IO-702 (SHREYAA ENTERPRISES): date 20251203 before start date 20260228
[2026-03-04 11:58:06] [INFO] [DATE SKIP] #IO-703 (SHREYAA ENTERPRISES): date 20251203 before start date 20260228
[2026-03-04 11:58:06] [INFO] [DATE SKIP] #IO-704 (SHREYAA ENTERPRISES): date 20251203 before start date 20260228
[2026-03-04 11:58:06] [INFO] [DATE SKIP] #IO-705 (SHREYAA ENTERPRISES): date 20251203 before start date 20260228
[2026-03-04 11:58:06] [INFO] [DATE SKIP] #IO-706 (SHREYAA ENTERPRISES): date 20251203 before start date 20260228
[2026-03-04 11:58:06] [INFO] [DATE SKIP] #IO-707 (SHREYAA ENTERPRISES): date 20251203 before start date 20260228
[2026-03-04 11:58:06] [INFO] [DATE SKIP] #IO-708 (SHREYAA ENTERPRISES): date 20251203 before start date 20260228
[2026-03-04 11:58:06] [INFO] [DATE SKIP] #IO-710 (SHREYAA ENTERPRISES): date 20251204 before start date 20260228
[2026-03-04 11:58:06] [INFO] [DATE SKIP] #MO-11 (SHREYAA ENTERPRISES): date 20251204 before start date 20260228
[2026-03-04 11:58:06] [INFO] [DATE SKIP] #IO-711 (SHREYAA ENTERPRISES): date 20251204 before start date 20260228
[2026-03-04 11:58:06] [INFO] [DATE SKIP] #IO-712 (SHREYAA ENTERPRISES): date 20251204 before start date 20260228
[2026-03-04 11:58:06] [INFO] [DATE SKIP] #22 (SHREYAA ENTERPRISES): date 20251204 before start date 20260228
[2026-03-04 11:58:06] [INFO] [DATE SKIP] #IO-713 (SHREYAA ENTERPRISES): date 20251204 before start date 20260228
[2026-03-04 11:58:06] [INFO] [DATE SKIP] #23 (SHREYAA ENTERPRISES): date 20251204 before start date 20260228
[2026-03-04 11:58:06] [INFO] [DATE SKIP] #IO-714 (SHREYAA ENTERPRISES): date 20251204 before start date 20260228
[2026-03-04 11:58:06] [INFO] [DATE SKIP] #IO-715 (SHREYAA ENTERPRISES): date 20251204 before start date 20260228
[2026-03-04 11:58:06] [INFO] [DATE SKIP] #IO-716 (SHREYAA ENTERPRISES): date 20251204 before start date 20260228
[2026-03-04 11:58:06] [INFO] [DATE SKIP] #IO-717 (SHREYAA ENTERPRISES): date 20251204 before start date 20260228
[2026-03-04 11:58:06] [INFO] [DATE SKIP] #IO-718 (SHREYAA ENTERPRISES): date 20251204 before start date 20260228
[2026-03-04 11:58:06] [INFO] [DATE SKIP] #IO-719 (SHREYAA ENTERPRISES): date 20251204 before start date 20260228
[2026-03-04 11:58:06] [INFO] [DATE SKIP] #IO-720 (SHREYAA ENTERPRISES): date 20251204 before start date 20260228
[2026-03-04 11:58:06] [INFO] [DATE SKIP] #IO-721 (SHREYAA ENTERPRISES): date 20251204 before start date 20260228
[2026-03-04 11:58:06] [INFO] [DATE SKIP] #MO-13 (SHREYAA ENTERPRISES): date 20251204 before start date 20260228
[2026-03-04 11:58:06] [INFO] [DATE SKIP] #IO-723 (SHREYAA ENTERPRISES): date 20251205 before start date 20260228
[2026-03-04 11:58:06] [INFO] [DATE SKIP] #IO-724 (SHREYAA ENTERPRISES): date 20251205 before start date 20260228
[2026-03-04 11:58:06] [INFO] [DATE SKIP] #IO-725 (SHREYAA ENTERPRISES): date 20251205 before start date 20260228
[2026-03-04 11:58:06] [INFO] [DATE SKIP] #MO-14 (SHREYAA ENTERPRISES): date 20251205 before start date 20260228
[2026-03-04 11:58:06] [INFO] [DATE SKIP] #IO-726 (SHREYAA ENTERPRISES): date 20251205 before start date 20260228
[2026-03-04 11:58:06] [INFO] [DATE SKIP] #IO-727 (SHREYAA ENTERPRISES): date 20251205 before start date 20260228
[2026-03-04 11:58:06] [INFO] [DATE SKIP] #MO-15 (SHREYAA ENTERPRISES): date 20251205 before start date 20260228
[2026-03-04 11:58:06] [INFO] [DATE SKIP] #IO-728 (SHREYAA ENTERPRISES): date 20251205 before start date 20260228
[2026-03-04 11:58:06] [INFO] [DATE SKIP] #IO-729 (SHREYAA ENTERPRISES): date 20251205 before start date 20260228
[2026-03-04 11:58:06] [INFO] [DATE SKIP] #IO-730 (SHREYAA ENTERPRISES): date 20251205 before start date 20260228
[2026-03-04 11:58:06] [INFO] [DATE SKIP] #IO-731 (SHREYAA ENTERPRISES): date 20251205 before start date 20260228
[2026-03-04 11:58:06] [INFO] [DATE SKIP] #IO-732 (SHREYAA ENTERPRISES): date 20251205 before start date 20260228
[2026-03-04 11:58:06] [INFO] [DATE SKIP] #IO-733 (SHREYAA ENTERPRISES): date 20251205 before start date 20260228
[2026-03-04 11:58:06] [INFO] [DATE SKIP] #IO-734 (SHREYAA ENTERPRISES): date 20251205 before start date 20260228
[2026-03-04 11:58:06] [INFO] [DATE SKIP] #IO-735 (SHREYAA ENTERPRISES): date 20251205 before start date 20260228
[2026-03-04 11:58:06] [INFO] [DATE SKIP] #MO-16 (SHREYAA ENTERPRISES): date 20251205 before start date 20260228
[2026-03-04 11:58:06] [INFO] [DATE SKIP] #IO-736 (SHREYAA ENTERPRISES): date 20251205 before start date 20260228
[2026-03-04 11:58:06] [INFO] [DATE SKIP] #IO-737 (SHREYAA ENTERPRISES): date 20251205 before start date 20260228
[2026-03-04 11:58:06] [INFO] [DATE SKIP] #IO-738 (SHREYAA ENTERPRISES): date 20251206 before start date 20260228
[2026-03-04 11:58:06] [INFO] [DATE SKIP] #ARG-28 (SHREYAA ENTERPRISES): date 20251206 before start date 20260228
[2026-03-04 11:58:06] [INFO] [DATE SKIP] #IO-739 (SHREYAA ENTERPRISES): date 20251206 before start date 20260228
[2026-03-04 11:58:06] [INFO] [DATE SKIP] #IO-743 (SHREYAA ENTERPRISES): date 20251206 before start date 20260228
[2026-03-04 11:58:06] [INFO] [DATE SKIP] #MO-18 (SHREYAA ENTERPRISES): date 20251206 before start date 20260228
[2026-03-04 11:58:06] [INFO] [DATE SKIP] #IO-740 (SHREYAA ENTERPRISES): date 20251206 before start date 20260228
[2026-03-04 11:58:06] [INFO] [DATE SKIP] #IO-741 (SHREYAA ENTERPRISES): date 20251206 before start date 20260228
[2026-03-04 11:58:06] [INFO] [DATE SKIP] #IO-742 (SHREYAA ENTERPRISES): date 20251206 before start date 20260228
[2026-03-04 11:58:06] [INFO] [DATE SKIP] #IO-744 (SHREYAA ENTERPRISES): date 20251206 before start date 20260228
[2026-03-04 11:58:06] [INFO] [DATE SKIP] #IO-745 (SHREYAA ENTERPRISES): date 20251206 before start date 20260228
[2026-03-04 11:58:06] [INFO] [DATE SKIP] #IO-749 (SHREYAA ENTERPRISES): date 20251208 before start date 20260228
[2026-03-04 11:58:06] [INFO] [DATE SKIP] #IO-746 (SHREYAA ENTERPRISES): date 20251208 before start date 20260228
[2026-03-04 11:58:06] [INFO] [DATE SKIP] #IO-747 (SHREYAA ENTERPRISES): date 20251208 before start date 20260228
[2026-03-04 11:58:06] [INFO] [DATE SKIP] #IO-748 (SHREYAA ENTERPRISES): date 20251208 before start date 20260228
[2026-03-04 11:58:06] [INFO] [DATE SKIP] #IO-750 (SHREYAA ENTERPRISES): date 20251208 before start date 20260228
[2026-03-04 11:58:06] [INFO] [DATE SKIP] #IO-751 (SHREYAA ENTERPRISES): date 20251208 before start date 20260228
[2026-03-04 11:58:06] [INFO] [DATE SKIP] #IO-752 (SHREYAA ENTERPRISES): date 20251208 before start date 20260228
[2026-03-04 11:58:06] [INFO] [DATE SKIP] #MO-20 (SHREYAA ENTERPRISES): date 20251208 before start date 20260228
[2026-03-04 11:58:06] [INFO] [DATE SKIP] #24 (SHREYAA ENTERPRISES): date 20251208 before start date 20260228
[2026-03-04 11:58:06] [INFO] [DATE SKIP] #IO-753 (SHREYAA ENTERPRISES): date 20251208 before start date 20260228
[2026-03-04 11:58:06] [INFO] [DATE SKIP] #IO-754 (SHREYAA ENTERPRISES): date 20251208 before start date 20260228
[2026-03-04 11:58:06] [INFO] [DATE SKIP] #IO-755 (SHREYAA ENTERPRISES): date 20251208 before start date 20260228
[2026-03-04 11:58:06] [INFO] [DATE SKIP] #25 (SHREYAA ENTERPRISES): date 20251208 before start date 20260228
[2026-03-04 11:58:06] [INFO] [DATE SKIP] #IO-756 (SHREYAA ENTERPRISES): date 20251208 before start date 20260228
[2026-03-04 11:58:06] [INFO] [DATE SKIP] #ARG-29 (SHREYAA ENTERPRISES): date 20251208 before start date 20260228
[2026-03-04 11:58:06] [INFO] [DATE SKIP] #MO-22 (SHREYAA ENTERPRISES): date 20251208 before start date 20260228
[2026-03-04 11:58:06] [INFO] [DATE SKIP] #MO-23 (SHREYAA ENTERPRISES): date 20251208 before start date 20260228
[2026-03-04 11:58:06] [INFO] [DATE SKIP] #ARG-30 (SHREYAA ENTERPRISES): date 20251209 before start date 20260228
[2026-03-04 11:58:06] [INFO] [DATE SKIP] #IO-757 (SHREYAA ENTERPRISES): date 20251209 before start date 20260228
[2026-03-04 11:58:06] [INFO] [DATE SKIP] #IO-758 (SHREYAA ENTERPRISES): date 20251209 before start date 20260228
[2026-03-04 11:58:06] [INFO] [DATE SKIP] #IO-759 (SHREYAA ENTERPRISES): date 20251209 before start date 20260228
[2026-03-04 11:58:06] [INFO] [DATE SKIP] #IO-760 (SHREYAA ENTERPRISES): date 20251209 before start date 20260228
[2026-03-04 11:58:06] [INFO] [DATE SKIP] #IO-761 (SHREYAA ENTERPRISES): date 20251209 before start date 20260228
[2026-03-04 11:58:06] [INFO] [DATE SKIP] #IO-762 (SHREYAA ENTERPRISES): date 20251209 before start date 20260228
[2026-03-04 11:58:06] [INFO] [DATE SKIP] #IO-763 (SHREYAA ENTERPRISES): date 20251209 before start date 20260228
[2026-03-04 11:58:06] [INFO] [DATE SKIP] #IO-764 (SHREYAA ENTERPRISES): date 20251209 before start date 20260228
[2026-03-04 11:58:06] [INFO] [DATE SKIP] #IO-765 (SHREYAA ENTERPRISES): date 20251209 before start date 20260228
[2026-03-04 11:58:06] [INFO] [DATE SKIP] #IO-766 (SHREYAA ENTERPRISES): date 20251209 before start date 20260228
[2026-03-04 11:58:06] [INFO] [DATE SKIP] #IO-767 (SHREYAA ENTERPRISES): date 20251209 before start date 20260228
[2026-03-04 11:58:06] [INFO] [DATE SKIP] #IO-768 (SHREYAA ENTERPRISES): date 20251209 before start date 20260228
[2026-03-04 11:58:06] [INFO] [DATE SKIP] #26 (SHREYAA ENTERPRISES): date 20251209 before start date 20260228
[2026-03-04 11:58:06] [INFO] [DATE SKIP] #IO-769 (SHREYAA ENTERPRISES): date 20251209 before start date 20260228
[2026-03-04 11:58:06] [INFO] [DATE SKIP] #IO-770 (SHREYAA ENTERPRISES): date 20251210 before start date 20260228
[2026-03-04 11:58:06] [INFO] [DATE SKIP] #IO-771 (SHREYAA ENTERPRISES): date 20251210 before start date 20260228
[2026-03-04 11:58:06] [INFO] [DATE SKIP] #CO2-27 (SHREYAA ENTERPRISES): date 20251210 before start date 20260228
[2026-03-04 11:58:06] [INFO] [DATE SKIP] #IO-772 (SHREYAA ENTERPRISES): date 20251210 before start date 20260228
[2026-03-04 11:58:06] [INFO] [DATE SKIP] #IO-773 (SHREYAA ENTERPRISES): date 20251210 before start date 20260228
[2026-03-04 11:58:06] [INFO] [DATE SKIP] #IO-774 (SHREYAA ENTERPRISES): date 20251210 before start date 20260228
[2026-03-04 11:58:06] [INFO] [DATE SKIP] #MO-24 (SHREYAA ENTERPRISES): date 20251210 before start date 20260228
[2026-03-04 11:58:06] [INFO] [DATE SKIP] #CO2-28 (SHREYAA ENTERPRISES): date 20251210 before start date 20260228
[2026-03-04 11:58:06] [INFO] [DATE SKIP] #IO-775 (SHREYAA ENTERPRISES): date 20251210 before start date 20260228
[2026-03-04 11:58:06] [INFO] [DATE SKIP] #IO-776 (SHREYAA ENTERPRISES): date 20251210 before start date 20260228
[2026-03-04 11:58:06] [INFO] [DATE SKIP] #IO-777 (SHREYAA ENTERPRISES): date 20251210 before start date 20260228
[2026-03-04 11:58:06] [INFO] [DATE SKIP] #IO-778 (SHREYAA ENTERPRISES): date 20251210 before start date 20260228
[2026-03-04 11:58:06] [INFO] [DATE SKIP] #IO-779 (SHREYAA ENTERPRISES): date 20251210 before start date 20260228
[2026-03-04 11:58:06] [INFO] [DATE SKIP] #IO-780 (SHREYAA ENTERPRISES): date 20251210 before start date 20260228
[2026-03-04 11:58:06] [INFO] [DATE SKIP] #IO-781 (SHREYAA ENTERPRISES): date 20251210 before start date 20260228
[2026-03-04 11:58:06] [INFO] [DATE SKIP] #IO-782 (SHREYAA ENTERPRISES): date 20251210 before start date 20260228
[2026-03-04 11:58:06] [INFO] [DATE SKIP] #IO-783 (SHREYAA ENTERPRISES): date 20251210 before start date 20260228
[2026-03-04 11:58:06] [INFO] [DATE SKIP] #IO-784 (SHREYAA ENTERPRISES): date 20251210 before start date 20260228
[2026-03-04 11:58:06] [INFO] [DATE SKIP] #IO-785 (SHREYAA ENTERPRISES): date 20251210 before start date 20260228
[2026-03-04 11:58:06] [INFO] [DATE SKIP] #MO-27 (SHREYAA ENTERPRISES): date 20251210 before start date 20260228
[2026-03-04 11:58:06] [INFO] [DATE SKIP] #IO-786 (SHREYAA ENTERPRISES): date 20251211 before start date 20260228
[2026-03-04 11:58:06] [INFO] [DATE SKIP] #IO-787 (SHREYAA ENTERPRISES): date 20251211 before start date 20260228
[2026-03-04 11:58:06] [INFO] [DATE SKIP] #IO-788 (SHREYAA ENTERPRISES): date 20251211 before start date 20260228
[2026-03-04 11:58:06] [INFO] [DATE SKIP] #IO-789 (SHREYAA ENTERPRISES): date 20251211 before start date 20260228
[2026-03-04 11:58:06] [INFO] [DATE SKIP] #LPG-5 (SHREYAA ENTERPRISES): date 20251211 before start date 20260228
[2026-03-04 11:58:06] [INFO] [DATE SKIP] #LPG-6 (SHREYAA ENTERPRISES): date 20251211 before start date 20260228
[2026-03-04 11:58:06] [INFO] [DATE SKIP] #IO-790 (SHREYAA ENTERPRISES): date 20251211 before start date 20260228
[2026-03-04 11:58:06] [INFO] [DATE SKIP] #IO-791 (SHREYAA ENTERPRISES): date 20251211 before start date 20260228
[2026-03-04 11:58:06] [INFO] [DATE SKIP] #IO-792 (SHREYAA ENTERPRISES): date 20251211 before start date 20260228
[2026-03-04 11:58:06] [INFO] [DATE SKIP] #IO-793 (SHREYAA ENTERPRISES): date 20251211 before start date 20260228
[2026-03-04 11:58:06] [INFO] [DATE SKIP] #IO-794 (SHREYAA ENTERPRISES): date 20251211 before start date 20260228
[2026-03-04 11:58:06] [INFO] [DATE SKIP] #IO-795 (SHREYAA ENTERPRISES): date 20251211 before start date 20260228
[2026-03-04 11:58:06] [INFO] [DATE SKIP] #IO-796 (SHREYAA ENTERPRISES): date 20251211 before start date 20260228
[2026-03-04 11:58:06] [INFO] [DATE SKIP] #IO-797 (SHREYAA ENTERPRISES): date 20251211 before start date 20260228
[2026-03-04 11:58:06] [INFO] [DATE SKIP] #IO-798 (SHREYAA ENTERPRISES): date 20251211 before start date 20260228
[2026-03-04 11:58:06] [INFO] [DATE SKIP] #IO-799 (SHREYAA ENTERPRISES): date 20251211 before start date 20260228
[2026-03-04 11:58:06] [INFO] [DATE SKIP] #IO-800 (SHREYAA ENTERPRISES): date 20251211 before start date 20260228
[2026-03-04 11:58:06] [INFO] [DATE SKIP] #IO-801 (SHREYAA ENTERPRISES): date 20251211 before start date 20260228
[2026-03-04 11:58:06] [INFO] [DATE SKIP] #IO-802 (SHREYAA ENTERPRISES): date 20251211 before start date 20260228
[2026-03-04 11:58:06] [INFO] [DATE SKIP] #IO-803 (SHREYAA ENTERPRISES): date 20251212 before start date 20260228
[2026-03-04 11:58:06] [INFO] [DATE SKIP] #CO2-29 (SHREYAA ENTERPRISES): date 20251212 before start date 20260228
[2026-03-04 11:58:06] [INFO] [DATE SKIP] #IO-804 (SHREYAA ENTERPRISES): date 20251212 before start date 20260228
[2026-03-04 11:58:06] [INFO] [DATE SKIP] #IO-805 (SHREYAA ENTERPRISES): date 20251212 before start date 20260228
[2026-03-04 11:58:06] [INFO] [DATE SKIP] #IO-806 (SHREYAA ENTERPRISES): date 20251212 before start date 20260228
[2026-03-04 11:58:06] [INFO] [DATE SKIP] #IO-807 (SHREYAA ENTERPRISES): date 20251212 before start date 20260228
[2026-03-04 11:58:06] [INFO] [DATE SKIP] #IO-808 (SHREYAA ENTERPRISES): date 20251212 before start date 20260228
[2026-03-04 11:58:06] [INFO] [DATE SKIP] #IO-809 (SHREYAA ENTERPRISES): date 20251212 before start date 20260228
[2026-03-04 11:58:06] [INFO] [DATE SKIP] #IO-810 (SHREYAA ENTERPRISES): date 20251212 before start date 20260228
[2026-03-04 11:58:06] [INFO] [DATE SKIP] #IO-811 (SHREYAA ENTERPRISES): date 20251212 before start date 20260228
[2026-03-04 11:58:06] [INFO] [DATE SKIP] #IO-812 (SHREYAA ENTERPRISES): date 20251212 before start date 20260228
[2026-03-04 11:58:06] [INFO] [DATE SKIP] #IO-813 (SHREYAA ENTERPRISES): date 20251212 before start date 20260228
[2026-03-04 11:58:06] [INFO] [DATE SKIP] #IO-814 (SHREYAA ENTERPRISES): date 20251212 before start date 20260228
[2026-03-04 11:58:06] [INFO] [DATE SKIP] #IO-815 (SHREYAA ENTERPRISES): date 20251212 before start date 20260228
[2026-03-04 11:58:06] [INFO] [DATE SKIP] #IO-819 (SHREYAA ENTERPRISES): date 20251213 before start date 20260228
[2026-03-04 11:58:06] [INFO] [DATE SKIP] #IO-816 (SHREYAA ENTERPRISES): date 20251213 before start date 20260228
[2026-03-04 11:58:06] [INFO] [DATE SKIP] #IO-817 (SHREYAA ENTERPRISES): date 20251213 before start date 20260228
[2026-03-04 11:58:06] [INFO] [DATE SKIP] #IO-818 (SHREYAA ENTERPRISES): date 20251213 before start date 20260228
[2026-03-04 11:58:06] [INFO] [DATE SKIP] #IO-820 (SHREYAA ENTERPRISES): date 20251213 before start date 20260228
[2026-03-04 11:58:06] [INFO] [DATE SKIP] #IO-821 (SHREYAA ENTERPRISES): date 20251213 before start date 20260228
[2026-03-04 11:58:06] [INFO] [DATE SKIP] #IO-822 (SHREYAA ENTERPRISES): date 20251213 before start date 20260228
[2026-03-04 11:58:06] [INFO] [DATE SKIP] #IO-823 (SHREYAA ENTERPRISES): date 20251213 before start date 20260228
[2026-03-04 11:58:06] [INFO] [DATE SKIP] #IO-824 (SHREYAA ENTERPRISES): date 20251213 before start date 20260228
[2026-03-04 11:58:06] [INFO] [DATE SKIP] #IO-825 (SHREYAA ENTERPRISES): date 20251215 before start date 20260228
[2026-03-04 11:58:06] [INFO] [DATE SKIP] #IO-826 (SHREYAA ENTERPRISES): date 20251215 before start date 20260228
[2026-03-04 11:58:06] [INFO] [DATE SKIP] #IO-827 (SHREYAA ENTERPRISES): date 20251215 before start date 20260228
[2026-03-04 11:58:06] [INFO] [DATE SKIP] #IO-828 (SHREYAA ENTERPRISES): date 20251215 before start date 20260228
[2026-03-04 11:58:06] [INFO] [DATE SKIP] #IO-829 (SHREYAA ENTERPRISES): date 20251215 before start date 20260228
[2026-03-04 11:58:06] [INFO] [DATE SKIP] #IO-830 (SHREYAA ENTERPRISES): date 20251215 before start date 20260228
[2026-03-04 11:58:06] [INFO] [DATE SKIP] #IO-831 (SHREYAA ENTERPRISES): date 20251215 before start date 20260228
[2026-03-04 11:58:06] [INFO] [DATE SKIP] #IO-832 (SHREYAA ENTERPRISES): date 20251215 before start date 20260228
[2026-03-04 11:58:06] [INFO] [DATE SKIP] #IO-833 (SHREYAA ENTERPRISES): date 20251215 before start date 20260228
[2026-03-04 11:58:06] [INFO] [DATE SKIP] #IO-834 (SHREYAA ENTERPRISES): date 20251215 before start date 20260228
[2026-03-04 11:58:06] [INFO] [DATE SKIP] #IO-835 (SHREYAA ENTERPRISES): date 20251215 before start date 20260228
[2026-03-04 11:58:06] [INFO] [DATE SKIP] #IO-836 (SHREYAA ENTERPRISES): date 20251215 before start date 20260228
[2026-03-04 11:58:06] [INFO] [DATE SKIP] #IO-837 (SHREYAA ENTERPRISES): date 20251215 before start date 20260228
[2026-03-04 11:58:06] [INFO] [DATE SKIP] #IO-838 (SHREYAA ENTERPRISES): date 20251215 before start date 20260228
[2026-03-04 11:58:06] [INFO] [DATE SKIP] #IO-839 (SHREYAA ENTERPRISES): date 20251215 before start date 20260228
[2026-03-04 11:58:06] [INFO] [DATE SKIP] #27 (SHREYAA ENTERPRISES): date 20251215 before start date 20260228
[2026-03-04 11:58:06] [INFO] [DATE SKIP] #IO-840 (SHREYAA ENTERPRISES): date 20251215 before start date 20260228
[2026-03-04 11:58:06] [INFO] [DATE SKIP] #28 (SHREYAA ENTERPRISES): date 20251215 before start date 20260228
[2026-03-04 11:58:06] [INFO] [DATE SKIP] #IO-841 (SHREYAA ENTERPRISES): date 20251215 before start date 20260228
[2026-03-04 11:58:06] [INFO] [DATE SKIP] #IO-842 (SHREYAA ENTERPRISES): date 20251215 before start date 20260228
[2026-03-04 11:58:06] [INFO] [DATE SKIP] #IO-843 (SHREYAA ENTERPRISES): date 20251215 before start date 20260228
[2026-03-04 11:58:06] [INFO] [DATE SKIP] #IO-844 (SHREYAA ENTERPRISES): date 20251216 before start date 20260228
[2026-03-04 11:58:06] [INFO] [DATE SKIP] #MO-29 (SHREYAA ENTERPRISES): date 20251216 before start date 20260228
[2026-03-04 11:58:06] [INFO] [DATE SKIP] #IO-845 (SHREYAA ENTERPRISES): date 20251216 before start date 20260228
[2026-03-04 11:58:06] [INFO] [DATE SKIP] #IO-846 (SHREYAA ENTERPRISES): date 20251216 before start date 20260228
[2026-03-04 11:58:06] [INFO] [DATE SKIP] #IO-847 (SHREYAA ENTERPRISES): date 20251216 before start date 20260228
[2026-03-04 11:58:06] [INFO] [DATE SKIP] #LPG-7 (SHREYAA ENTERPRISES): date 20251216 before start date 20260228
[2026-03-04 11:58:06] [INFO] [DATE SKIP] #IO-848 (SHREYAA ENTERPRISES): date 20251216 before start date 20260228
[2026-03-04 11:58:06] [INFO] [DATE SKIP] #IO-849 (SHREYAA ENTERPRISES): date 20251216 before start date 20260228
[2026-03-04 11:58:06] [INFO] [DATE SKIP] #IO-850 (SHREYAA ENTERPRISES): date 20251216 before start date 20260228
[2026-03-04 11:58:06] [INFO] [DATE SKIP] #IO-851 (SHREYAA ENTERPRISES): date 20251216 before start date 20260228
[2026-03-04 11:58:06] [INFO] [DATE SKIP] #IO-852 (SHREYAA ENTERPRISES): date 20251216 before start date 20260228
[2026-03-04 11:58:06] [INFO] [DATE SKIP] #IO-853 (SHREYAA ENTERPRISES): date 20251216 before start date 20260228
[2026-03-04 11:58:06] [INFO] [DATE SKIP] #IO-854 (SHREYAA ENTERPRISES): date 20251216 before start date 20260228
[2026-03-04 11:58:06] [INFO] [DATE SKIP] #IO-855 (SHREYAA ENTERPRISES): date 20251216 before start date 20260228
[2026-03-04 11:58:06] [INFO] [DATE SKIP] #IO-856 (SHREYAA ENTERPRISES): date 20251216 before start date 20260228
[2026-03-04 11:58:06] [INFO] [DATE SKIP] #IO-857 (SHREYAA ENTERPRISES): date 20251216 before start date 20260228
[2026-03-04 11:58:06] [INFO] [DATE SKIP] #IO-858 (SHREYAA ENTERPRISES): date 20251216 before start date 20260228
[2026-03-04 11:58:06] [INFO] [DATE SKIP] #IO-859 (SHREYAA ENTERPRISES): date 20251216 before start date 20260228
[2026-03-04 11:58:06] [INFO] [DATE SKIP] #ARG-32 (SHREYAA ENTERPRISES): date 20251216 before start date 20260228
[2026-03-04 11:58:06] [INFO] [DATE SKIP] #IO-862 (SHREYAA ENTERPRISES): date 20251217 before start date 20260228
[2026-03-04 11:58:06] [INFO] [DATE SKIP] #IO-860 (SHREYAA ENTERPRISES): date 20251217 before start date 20260228
[2026-03-04 11:58:06] [INFO] [DATE SKIP] #IO-861 (SHREYAA ENTERPRISES): date 20251217 before start date 20260228
[2026-03-04 11:58:06] [INFO] [DATE SKIP] #IO-863 (SHREYAA ENTERPRISES): date 20251217 before start date 20260228
[2026-03-04 11:58:06] [INFO] [DATE SKIP] #IO-864 (SHREYAA ENTERPRISES): date 20251217 before start date 20260228
[2026-03-04 11:58:06] [INFO] [DATE SKIP] #ARG-33 (SHREYAA ENTERPRISES): date 20251217 before start date 20260228
[2026-03-04 11:58:06] [INFO] [DATE SKIP] #IO-865 (SHREYAA ENTERPRISES): date 20251217 before start date 20260228
[2026-03-04 11:58:06] [INFO] [DATE SKIP] #IO-866 (SHREYAA ENTERPRISES): date 20251217 before start date 20260228
[2026-03-04 11:58:06] [INFO] [DATE SKIP] #IO-867 (SHREYAA ENTERPRISES): date 20251217 before start date 20260228
[2026-03-04 11:58:06] [INFO] [DATE SKIP] #IO-868 (SHREYAA ENTERPRISES): date 20251217 before start date 20260228
[2026-03-04 11:58:06] [INFO] [DATE SKIP] #IO-869 (SHREYAA ENTERPRISES): date 20251217 before start date 20260228
[2026-03-04 11:58:06] [INFO] [DATE SKIP] #IO-870 (SHREYAA ENTERPRISES): date 20251217 before start date 20260228
[2026-03-04 11:58:06] [INFO] [DATE SKIP] #IO-871 (SHREYAA ENTERPRISES): date 20251217 before start date 20260228
[2026-03-04 11:58:06] [INFO] [DATE SKIP] #29 (SHREYAA ENTERPRISES): date 20251217 before start date 20260228
[2026-03-04 11:58:06] [INFO] [DATE SKIP] #IO-872 (SHREYAA ENTERPRISES): date 20251217 before start date 20260228
[2026-03-04 11:58:06] [INFO] [DATE SKIP] #IO-873 (SHREYAA ENTERPRISES): date 20251217 before start date 20260228
[2026-03-04 11:58:06] [INFO] [DATE SKIP] #IO-874 (SHREYAA ENTERPRISES): date 20251217 before start date 20260228
[2026-03-04 11:58:06] [INFO] [DATE SKIP] #IO-875 (SHREYAA ENTERPRISES): date 20251217 before start date 20260228
[2026-03-04 11:58:06] [INFO] [DATE SKIP] #IO-876 (SHREYAA ENTERPRISES): date 20251217 before start date 20260228
[2026-03-04 11:58:06] [INFO] [DATE SKIP] #IO-877 (SHREYAA ENTERPRISES): date 20251217 before start date 20260228
[2026-03-04 11:58:06] [INFO] [DATE SKIP] #IO-929 (SHREYAA ENTERPRISES): date 20251217 before start date 20260228
[2026-03-04 11:58:06] [INFO] [DATE SKIP] #IO-930 (SHREYAA ENTERPRISES): date 20251217 before start date 20260228
[2026-03-04 11:58:06] [INFO] [DATE SKIP] #IO-931 (SHREYAA ENTERPRISES): date 20251217 before start date 20260228
[2026-03-04 11:58:06] [INFO] [DATE SKIP] #IO-878 (SHREYAA ENTERPRISES): date 20251218 before start date 20260228
[2026-03-04 11:58:06] [INFO] [DATE SKIP] #IO-879 (SHREYAA ENTERPRISES): date 20251218 before start date 20260228
[2026-03-04 11:58:06] [INFO] [DATE SKIP] #IO-880 (SHREYAA ENTERPRISES): date 20251218 before start date 20260228
[2026-03-04 11:58:06] [INFO] [DATE SKIP] #IO-881 (SHREYAA ENTERPRISES): date 20251218 before start date 20260228
[2026-03-04 11:58:06] [INFO] [DATE SKIP] #IO-882 (SHREYAA ENTERPRISES): date 20251218 before start date 20260228
[2026-03-04 11:58:06] [INFO] [DATE SKIP] #IO-883 (SHREYAA ENTERPRISES): date 20251218 before start date 20260228
[2026-03-04 11:58:06] [INFO] [DATE SKIP] #IO-884 (SHREYAA ENTERPRISES): date 20251218 before start date 20260228
[2026-03-04 11:58:06] [INFO] [DATE SKIP] #IO-885 (SHREYAA ENTERPRISES): date 20251218 before start date 20260228
[2026-03-04 11:58:06] [INFO] [DATE SKIP] #IO-886 (SHREYAA ENTERPRISES): date 20251218 before start date 20260228
[2026-03-04 11:58:06] [INFO] [DATE SKIP] #IO-887 (SHREYAA ENTERPRISES): date 20251218 before start date 20260228
[2026-03-04 11:58:06] [INFO] [DATE SKIP] #MO-30 (SHREYAA ENTERPRISES): date 20251218 before start date 20260228
[2026-03-04 11:58:06] [INFO] [DATE SKIP] #IO-888 (SHREYAA ENTERPRISES): date 20251218 before start date 20260228
[2026-03-04 11:58:06] [INFO] [DATE SKIP] #IO-889 (SHREYAA ENTERPRISES): date 20251218 before start date 20260228
[2026-03-04 11:58:06] [INFO] [DATE SKIP] #IO-890 (SHREYAA ENTERPRISES): date 20251218 before start date 20260228
[2026-03-04 11:58:06] [INFO] [DATE SKIP] #IO-891 (SHREYAA ENTERPRISES): date 20251218 before start date 20260228
[2026-03-04 11:58:06] [INFO] [DATE SKIP] #IO-892 (SHREYAA ENTERPRISES): date 20251218 before start date 20260228
[2026-03-04 11:58:06] [INFO] [DATE SKIP] #IO-893 (SHREYAA ENTERPRISES): date 20251218 before start date 20260228
[2026-03-04 11:58:06] [INFO] [DATE SKIP] #IO-894 (SHREYAA ENTERPRISES): date 20251218 before start date 20260228
[2026-03-04 11:58:06] [INFO] [DATE SKIP] #IO-895 (SHREYAA ENTERPRISES): date 20251218 before start date 20260228
[2026-03-04 11:58:06] [INFO] [DATE SKIP] #IO-896 (SHREYAA ENTERPRISES): date 20251218 before start date 20260228
[2026-03-04 11:58:06] [INFO] [DATE SKIP] #IO-897 (SHREYAA ENTERPRISES): date 20251218 before start date 20260228
[2026-03-04 11:58:06] [INFO] [DATE SKIP] #IO-898 (SHREYAA ENTERPRISES): date 20251218 before start date 20260228
[2026-03-04 11:58:06] [INFO] [DATE SKIP] #IO-899 (SHREYAA ENTERPRISES): date 20251218 before start date 20260228
[2026-03-04 11:58:06] [INFO] [DATE SKIP] #IO-900 (SHREYAA ENTERPRISES): date 20251218 before start date 20260228
[2026-03-04 11:58:06] [INFO] [DATE SKIP] #IO-901 (SHREYAA ENTERPRISES): date 20251218 before start date 20260228
[2026-03-04 11:58:06] [INFO] [DATE SKIP] #IO-902 (SHREYAA ENTERPRISES): date 20251219 before start date 20260228
[2026-03-04 11:58:06] [INFO] [DATE SKIP] #IO-903 (SHREYAA ENTERPRISES): date 20251219 before start date 20260228
[2026-03-04 11:58:06] [INFO] [DATE SKIP] #IO-904 (SHREYAA ENTERPRISES): date 20251219 before start date 20260228
[2026-03-04 11:58:06] [INFO] [DATE SKIP] #IO-905 (SHREYAA ENTERPRISES): date 20251219 before start date 20260228
[2026-03-04 11:58:06] [INFO] [DATE SKIP] #IO-906 (SHREYAA ENTERPRISES): date 20251219 before start date 20260228
[2026-03-04 11:58:06] [INFO] [DATE SKIP] #IO-907 (SHREYAA ENTERPRISES): date 20251219 before start date 20260228
[2026-03-04 11:58:06] [INFO] [DATE SKIP] #MO-31 (SHREYAA ENTERPRISES): date 20251219 before start date 20260228
[2026-03-04 11:58:06] [INFO] [DATE SKIP] #IO-908 (SHREYAA ENTERPRISES): date 20251219 before start date 20260228
[2026-03-04 11:58:06] [INFO] [DATE SKIP] #IO-909 (SHREYAA ENTERPRISES): date 20251219 before start date 20260228
[2026-03-04 11:58:06] [INFO] [DATE SKIP] #IO-910 (SHREYAA ENTERPRISES): date 20251219 before start date 20260228
[2026-03-04 11:58:06] [INFO] [DATE SKIP] #IO-911 (SHREYAA ENTERPRISES): date 20251219 before start date 20260228
[2026-03-04 11:58:06] [INFO] [DATE SKIP] #IO-912 (SHREYAA ENTERPRISES): date 20251219 before start date 20260228
[2026-03-04 11:58:06] [INFO] [DATE SKIP] #IO-913 (SHREYAA ENTERPRISES): date 20251219 before start date 20260228
[2026-03-04 11:58:06] [INFO] [DATE SKIP] #IO-1042 (SHREYAA ENTERPRISES): date 20251219 before start date 20260228
[2026-03-04 11:58:06] [INFO] [DATE SKIP] #IO-914 (SHREYAA ENTERPRISES): date 20251220 before start date 20260228
[2026-03-04 11:58:06] [INFO] [DATE SKIP] #IO-915 (SHREYAA ENTERPRISES): date 20251220 before start date 20260228
[2026-03-04 11:58:06] [INFO] [DATE SKIP] #IO-916 (SHREYAA ENTERPRISES): date 20251220 before start date 20260228
[2026-03-04 11:58:06] [INFO] [DATE SKIP] #IO-917 (SHREYAA ENTERPRISES): date 20251220 before start date 20260228
[2026-03-04 11:58:06] [INFO] [DATE SKIP] #IO-918 (SHREYAA ENTERPRISES): date 20251220 before start date 20260228
[2026-03-04 11:58:06] [INFO] [DATE SKIP] #IO-919 (SHREYAA ENTERPRISES): date 20251220 before start date 20260228
[2026-03-04 11:58:06] [INFO] [DATE SKIP] #IO-920 (SHREYAA ENTERPRISES): date 20251220 before start date 20260228
[2026-03-04 11:58:06] [INFO] [DATE SKIP] #IO-921 (SHREYAA ENTERPRISES): date 20251220 before start date 20260228
[2026-03-04 11:58:06] [INFO] [DATE SKIP] #IO-922 (SHREYAA ENTERPRISES): date 20251220 before start date 20260228
[2026-03-04 11:58:06] [INFO] [DATE SKIP] #IO-923 (SHREYAA ENTERPRISES): date 20251220 before start date 20260228
[2026-03-04 11:58:06] [INFO] [DATE SKIP] #IO-924 (SHREYAA ENTERPRISES): date 20251220 before start date 20260228
[2026-03-04 11:58:06] [INFO] [DATE SKIP] #IO-925 (SHREYAA ENTERPRISES): date 20251220 before start date 20260228
[2026-03-04 11:58:06] [INFO] [DATE SKIP] #IO-926 (SHREYAA ENTERPRISES): date 20251220 before start date 20260228
[2026-03-04 11:58:06] [INFO] [DATE SKIP] #IO-927 (SHREYAA ENTERPRISES): date 20251220 before start date 20260228
[2026-03-04 11:58:06] [INFO] [DATE SKIP] #IO-928 (SHREYAA ENTERPRISES): date 20251220 before start date 20260228
[2026-03-04 11:58:06] [INFO] [DATE SKIP] #IO-932 (SHREYAA ENTERPRISES): date 20251222 before start date 20260228
[2026-03-04 11:58:06] [INFO] [DATE SKIP] #IO-933 (SHREYAA ENTERPRISES): date 20251222 before start date 20260228
[2026-03-04 11:58:06] [INFO] [DATE SKIP] #IO-934 (SHREYAA ENTERPRISES): date 20251222 before start date 20260228
[2026-03-04 11:58:06] [INFO] [DATE SKIP] #IO-935 (SHREYAA ENTERPRISES): date 20251222 before start date 20260228
[2026-03-04 11:58:06] [INFO] [DATE SKIP] #IO-936 (SHREYAA ENTERPRISES): date 20251222 before start date 20260228
[2026-03-04 11:58:06] [INFO] [DATE SKIP] #IO-937 (SHREYAA ENTERPRISES): date 20251222 before start date 20260228
[2026-03-04 11:58:06] [INFO] [DATE SKIP] #IO-938 (SHREYAA ENTERPRISES): date 20251222 before start date 20260228
[2026-03-04 11:58:06] [INFO] [DATE SKIP] #IO-939 (SHREYAA ENTERPRISES): date 20251222 before start date 20260228
[2026-03-04 11:58:06] [INFO] [DATE SKIP] #IO-940 (SHREYAA ENTERPRISES): date 20251222 before start date 20260228
[2026-03-04 11:58:06] [INFO] [DATE SKIP] #IO-941 (SHREYAA ENTERPRISES): date 20251222 before start date 20260228
[2026-03-04 11:58:06] [INFO] [DATE SKIP] #IO-942 (SHREYAA ENTERPRISES): date 20251222 before start date 20260228
[2026-03-04 11:58:06] [INFO] [DATE SKIP] #IO-943 (SHREYAA ENTERPRISES): date 20251222 before start date 20260228
[2026-03-04 11:58:06] [INFO] [DATE SKIP] #IO-944 (SHREYAA ENTERPRISES): date 20251222 before start date 20260228
[2026-03-04 11:58:06] [INFO] [DATE SKIP] #IO-945 (SHREYAA ENTERPRISES): date 20251222 before start date 20260228
[2026-03-04 11:58:06] [INFO] [DATE SKIP] #IO-946 (SHREYAA ENTERPRISES): date 20251222 before start date 20260228
[2026-03-04 11:58:06] [INFO] [DATE SKIP] #IO-947 (SHREYAA ENTERPRISES): date 20251222 before start date 20260228
[2026-03-04 11:58:06] [INFO] [DATE SKIP] #IO-948 (SHREYAA ENTERPRISES): date 20251222 before start date 20260228
[2026-03-04 11:58:06] [INFO] [DATE SKIP] #IO-949 (SHREYAA ENTERPRISES): date 20251222 before start date 20260228
[2026-03-04 11:58:06] [INFO] [DATE SKIP] #IO-950 (SHREYAA ENTERPRISES): date 20251222 before start date 20260228
[2026-03-04 11:58:06] [INFO] [DATE SKIP] #IO-951 (SHREYAA ENTERPRISES): date 20251222 before start date 20260228
[2026-03-04 11:58:06] [INFO] [DATE SKIP] #IO-952 (SHREYAA ENTERPRISES): date 20251222 before start date 20260228
[2026-03-04 11:58:06] [INFO] [DATE SKIP] #IO-954 (SHREYAA ENTERPRISES): date 20251222 before start date 20260228
[2026-03-04 11:58:06] [INFO] [DATE SKIP] #IO-955 (SHREYAA ENTERPRISES): date 20251222 before start date 20260228
[2026-03-04 11:58:06] [INFO] [DATE SKIP] #IO-956 (SHREYAA ENTERPRISES): date 20251222 before start date 20260228
[2026-03-04 11:58:06] [INFO] [DATE SKIP] #IO-957 (SHREYAA ENTERPRISES): date 20251222 before start date 20260228
[2026-03-04 11:58:06] [INFO] [DATE SKIP] #IO-958 (SHREYAA ENTERPRISES): date 20251223 before start date 20260228
[2026-03-04 11:58:06] [INFO] [DATE SKIP] #IO-959 (SHREYAA ENTERPRISES): date 20251223 before start date 20260228
[2026-03-04 11:58:06] [INFO] [DATE SKIP] #IO-960 (SHREYAA ENTERPRISES): date 20251223 before start date 20260228
[2026-03-04 11:58:06] [INFO] [DATE SKIP] #IO-961 (SHREYAA ENTERPRISES): date 20251223 before start date 20260228
[2026-03-04 11:58:06] [INFO] [DATE SKIP] #IO-962 (SHREYAA ENTERPRISES): date 20251223 before start date 20260228
[2026-03-04 11:58:06] [INFO] [DATE SKIP] #IO-963 (SHREYAA ENTERPRISES): date 20251223 before start date 20260228
[2026-03-04 11:58:06] [INFO] [DATE SKIP] #IO-964 (SHREYAA ENTERPRISES): date 20251223 before start date 20260228
[2026-03-04 11:58:06] [INFO] [DATE SKIP] #IO-965 (SHREYAA ENTERPRISES): date 20251223 before start date 20260228
[2026-03-04 11:58:06] [INFO] [DATE SKIP] #IO-966 (SHREYAA ENTERPRISES): date 20251223 before start date 20260228
[2026-03-04 11:58:06] [INFO] [DATE SKIP] #IO-967 (SHREYAA ENTERPRISES): date 20251223 before start date 20260228
[2026-03-04 11:58:06] [INFO] [DATE SKIP] #30 (SHREYAA ENTERPRISES): date 20251223 before start date 20260228
[2026-03-04 11:58:06] [INFO] [DATE SKIP] #31 (SHREYAA ENTERPRISES): date 20251223 before start date 20260228
[2026-03-04 11:58:06] [INFO] [DATE SKIP] #IO-968 (SHREYAA ENTERPRISES): date 20251223 before start date 20260228
[2026-03-04 11:58:06] [INFO] [DATE SKIP] #IO-969 (SHREYAA ENTERPRISES): date 20251223 before start date 20260228
[2026-03-04 11:58:06] [INFO] [DATE SKIP] #33 (SHREYAA ENTERPRISES): date 20251223 before start date 20260228
[2026-03-04 11:58:06] [INFO] [DATE SKIP] #IO-970 (SHREYAA ENTERPRISES): date 20251223 before start date 20260228
[2026-03-04 11:58:06] [INFO] [DATE SKIP] #IO-971 (SHREYAA ENTERPRISES): date 20251223 before start date 20260228
[2026-03-04 11:58:06] [INFO] [DATE SKIP] #IO-1034 (SHREYAA ENTERPRISES): date 20251223 before start date 20260228
[2026-03-04 11:58:06] [INFO] [DATE SKIP] #IO-972 (SHREYAA ENTERPRISES): date 20251224 before start date 20260228
[2026-03-04 11:58:06] [INFO] [DATE SKIP] #ARG-34 (SHREYAA ENTERPRISES): date 20251224 before start date 20260228
[2026-03-04 11:58:06] [INFO] [DATE SKIP] #IO-973 (SHREYAA ENTERPRISES): date 20251224 before start date 20260228
[2026-03-04 11:58:06] [INFO] [DATE SKIP] #IO-974 (SHREYAA ENTERPRISES): date 20251224 before start date 20260228
[2026-03-04 11:58:06] [INFO] [DATE SKIP] #IO-975 (SHREYAA ENTERPRISES): date 20251224 before start date 20260228
[2026-03-04 11:58:06] [INFO] [DATE SKIP] #IO-976 (SHREYAA ENTERPRISES): date 20251224 before start date 20260228
[2026-03-04 11:58:06] [INFO] [DATE SKIP] #IO-977 (SHREYAA ENTERPRISES): date 20251224 before start date 20260228
[2026-03-04 11:58:06] [INFO] [DATE SKIP] #IO-978 (SHREYAA ENTERPRISES): date 20251224 before start date 20260228
[2026-03-04 11:58:06] [INFO] [DATE SKIP] #IO-979 (SHREYAA ENTERPRISES): date 20251224 before start date 20260228
[2026-03-04 11:58:06] [INFO] [DATE SKIP] #IO-980 (SHREYAA ENTERPRISES): date 20251224 before start date 20260228
[2026-03-04 11:58:06] [INFO] [DATE SKIP] #IO-981 (SHREYAA ENTERPRISES): date 20251224 before start date 20260228
[2026-03-04 11:58:06] [INFO] [DATE SKIP] #IO-982 (SHREYAA ENTERPRISES): date 20251224 before start date 20260228
[2026-03-04 11:58:06] [INFO] [DATE SKIP] #IO-983 (SHREYAA ENTERPRISES): date 20251224 before start date 20260228
[2026-03-04 11:58:06] [INFO] [DATE SKIP] #IO-984 (SHREYAA ENTERPRISES): date 20251224 before start date 20260228
[2026-03-04 11:58:06] [INFO] [DATE SKIP] #34 (SHREYAA ENTERPRISES): date 20251224 before start date 20260228
[2026-03-04 11:58:06] [INFO] [DATE SKIP] #IO-985 (SHREYAA ENTERPRISES): date 20251224 before start date 20260228
[2026-03-04 11:58:06] [INFO] [DATE SKIP] #IO-986 (SHREYAA ENTERPRISES): date 20251224 before start date 20260228
[2026-03-04 11:58:06] [INFO] [DATE SKIP] #IO-987 (SHREYAA ENTERPRISES): date 20251225 before start date 20260228
[2026-03-04 11:58:06] [INFO] [DATE SKIP] #IO-988 (SHREYAA ENTERPRISES): date 20251225 before start date 20260228
[2026-03-04 11:58:06] [INFO] [DATE SKIP] #IO-989 (SHREYAA ENTERPRISES): date 20251225 before start date 20260228
[2026-03-04 11:58:06] [INFO] [DATE SKIP] #IO-990 (SHREYAA ENTERPRISES): date 20251225 before start date 20260228
[2026-03-04 11:58:06] [INFO] [DATE SKIP] #IO-991 (SHREYAA ENTERPRISES): date 20251225 before start date 20260228
[2026-03-04 11:58:06] [INFO] [DATE SKIP] #IO-992 (SHREYAA ENTERPRISES): date 20251225 before start date 20260228
[2026-03-04 11:58:06] [INFO] [DATE SKIP] #IO-993 (SHREYAA ENTERPRISES): date 20251225 before start date 20260228
[2026-03-04 11:58:06] [INFO] [DATE SKIP] #IO-994 (SHREYAA ENTERPRISES): date 20251225 before start date 20260228
[2026-03-04 11:58:06] [INFO] [DATE SKIP] #IO-995 (SHREYAA ENTERPRISES): date 20251225 before start date 20260228
[2026-03-04 11:58:06] [INFO] [DATE SKIP] #IO-996 (SHREYAA ENTERPRISES): date 20251225 before start date 20260228
[2026-03-04 11:58:06] [INFO] [DATE SKIP] #IO-997 (SHREYAA ENTERPRISES): date 20251225 before start date 20260228
[2026-03-04 11:58:06] [INFO] [DATE SKIP] #IO-998 (SHREYAA ENTERPRISES): date 20251225 before start date 20260228
[2026-03-04 11:58:06] [INFO] [DATE SKIP] #IO-999 (SHREYAA ENTERPRISES): date 20251225 before start date 20260228
[2026-03-04 11:58:06] [INFO] [DATE SKIP] #IO-1000 (SHREYAA ENTERPRISES): date 20251226 before start date 20260228
[2026-03-04 11:58:06] [INFO] [DATE SKIP] #CO2-30 (SHREYAA ENTERPRISES): date 20251226 before start date 20260228
[2026-03-04 11:58:06] [INFO] [DATE SKIP] #ARG-35 (SHREYAA ENTERPRISES): date 20251226 before start date 20260228
[2026-03-04 11:58:06] [INFO] [DATE SKIP] #IO-1002 (SHREYAA ENTERPRISES): date 20251226 before start date 20260228
[2026-03-04 11:58:06] [INFO] [DATE SKIP] #IO-1003 (SHREYAA ENTERPRISES): date 20251226 before start date 20260228
[2026-03-04 11:58:06] [INFO] [DATE SKIP] #IO-1004 (SHREYAA ENTERPRISES): date 20251226 before start date 20260228
[2026-03-04 11:58:06] [INFO] [DATE SKIP] #IO-1005 (SHREYAA ENTERPRISES): date 20251226 before start date 20260228
[2026-03-04 11:58:06] [INFO] [DATE SKIP] #IO-1006 (SHREYAA ENTERPRISES): date 20251226 before start date 20260228
[2026-03-04 11:58:06] [INFO] [DATE SKIP] #IO-1007 (SHREYAA ENTERPRISES): date 20251226 before start date 20260228
[2026-03-04 11:58:06] [INFO] [DATE SKIP] #IO-1008 (SHREYAA ENTERPRISES): date 20251226 before start date 20260228
[2026-03-04 11:58:06] [INFO] [DATE SKIP] #IO-1009 (SHREYAA ENTERPRISES): date 20251226 before start date 20260228
[2026-03-04 11:58:06] [INFO] [DATE SKIP] #IO-1010 (SHREYAA ENTERPRISES): date 20251226 before start date 20260228
[2026-03-04 11:58:06] [INFO] [DATE SKIP] #IO-1011 (SHREYAA ENTERPRISES): date 20251226 before start date 20260228
[2026-03-04 11:58:06] [INFO] [DATE SKIP] #IO-1012 (SHREYAA ENTERPRISES): date 20251226 before start date 20260228
[2026-03-04 11:58:06] [INFO] [DATE SKIP] #IO-1013 (SHREYAA ENTERPRISES): date 20251226 before start date 20260228
[2026-03-04 11:58:06] [INFO] [DATE SKIP] #IO-1014 (SHREYAA ENTERPRISES): date 20251226 before start date 20260228
[2026-03-04 11:58:06] [INFO] [DATE SKIP] #IO-1015 (SHREYAA ENTERPRISES): date 20251226 before start date 20260228
[2026-03-04 11:58:06] [INFO] [DATE SKIP] #IO-1016 (SHREYAA ENTERPRISES): date 20251226 before start date 20260228
[2026-03-04 11:58:06] [INFO] [DATE SKIP] #IO-1035 (SHREYAA ENTERPRISES): date 20251226 before start date 20260228
[2026-03-04 11:58:06] [INFO] [DATE SKIP] #IO-1018 (SHREYAA ENTERPRISES): date 20251227 before start date 20260228
[2026-03-04 11:58:06] [INFO] [DATE SKIP] #IO-1017 (SHREYAA ENTERPRISES): date 20251227 before start date 20260228
[2026-03-04 11:58:06] [INFO] [DATE SKIP] #ARG-36 (SHREYAA ENTERPRISES): date 20251227 before start date 20260228
[2026-03-04 11:58:06] [INFO] [DATE SKIP] #IO-1019 (SHREYAA ENTERPRISES): date 20251227 before start date 20260228
[2026-03-04 11:58:06] [INFO] [DATE SKIP] #IO-1020 (SHREYAA ENTERPRISES): date 20251227 before start date 20260228
[2026-03-04 11:58:06] [INFO] [DATE SKIP] #IO-1021 (SHREYAA ENTERPRISES): date 20251227 before start date 20260228
[2026-03-04 11:58:06] [INFO] [DATE SKIP] #IO-1022 (SHREYAA ENTERPRISES): date 20251227 before start date 20260228
[2026-03-04 11:58:06] [INFO] [DATE SKIP] #IO-1023 (SHREYAA ENTERPRISES): date 20251227 before start date 20260228
[2026-03-04 11:58:06] [INFO] [DATE SKIP] #IO-1024 (SHREYAA ENTERPRISES): date 20251227 before start date 20260228
[2026-03-04 11:58:06] [INFO] [DATE SKIP] #IO-1025 (SHREYAA ENTERPRISES): date 20251227 before start date 20260228
[2026-03-04 11:58:06] [INFO] [DATE SKIP] #IO-1026 (SHREYAA ENTERPRISES): date 20251227 before start date 20260228
[2026-03-04 11:58:06] [INFO] [DATE SKIP] #IO-1027 (SHREYAA ENTERPRISES): date 20251227 before start date 20260228
[2026-03-04 11:58:06] [INFO] [DATE SKIP] #IO-1028 (SHREYAA ENTERPRISES): date 20251227 before start date 20260228
[2026-03-04 11:58:06] [INFO] [DATE SKIP] #IO-1029 (SHREYAA ENTERPRISES): date 20251227 before start date 20260228
[2026-03-04 11:58:06] [INFO] [DATE SKIP] #IO-1030 (SHREYAA ENTERPRISES): date 20251227 before start date 20260228
[2026-03-04 11:58:06] [INFO] [DATE SKIP] #IO-1031 (SHREYAA ENTERPRISES): date 20251227 before start date 20260228
[2026-03-04 11:58:06] [INFO] [DATE SKIP] #ARG-37 (SHREYAA ENTERPRISES): date 20251227 before start date 20260228
[2026-03-04 11:58:06] [INFO] [DATE SKIP] #IO-1032 (SHREYAA ENTERPRISES): date 20251227 before start date 20260228
[2026-03-04 11:58:06] [INFO] [DATE SKIP] #IO-1033 (SHREYAA ENTERPRISES): date 20251227 before start date 20260228
[2026-03-04 11:58:06] [INFO] [DATE SKIP] #IO-1036 (SHREYAA ENTERPRISES): date 20251227 before start date 20260228
[2026-03-04 11:58:06] [INFO] [DATE SKIP] #IO-1037 (SHREYAA ENTERPRISES): date 20251229 before start date 20260228
[2026-03-04 11:58:06] [INFO] [DATE SKIP] #IO-1038 (SHREYAA ENTERPRISES): date 20251229 before start date 20260228
[2026-03-04 11:58:06] [INFO] [DATE SKIP] #IO-1039 (SHREYAA ENTERPRISES): date 20251229 before start date 20260228
[2026-03-04 11:58:06] [INFO] [DATE SKIP] #IO-1040 (SHREYAA ENTERPRISES): date 20251229 before start date 20260228
[2026-03-04 11:58:06] [INFO] [DATE SKIP] #IO-1041 (SHREYAA ENTERPRISES): date 20251229 before start date 20260228
[2026-03-04 11:58:06] [INFO] [DATE SKIP] #IO-1043 (SHREYAA ENTERPRISES): date 20251229 before start date 20260228
[2026-03-04 11:58:06] [INFO] [DATE SKIP] #IO-1044 (SHREYAA ENTERPRISES): date 20251229 before start date 20260228
[2026-03-04 11:58:06] [INFO] [DATE SKIP] #IO-1045 (SHREYAA ENTERPRISES): date 20251229 before start date 20260228
[2026-03-04 11:58:06] [INFO] [DATE SKIP] #IO-1046 (SHREYAA ENTERPRISES): date 20251229 before start date 20260228
[2026-03-04 11:58:06] [INFO] [DATE SKIP] #IO-1047 (SHREYAA ENTERPRISES): date 20251230 before start date 20260228
[2026-03-04 11:58:06] [INFO] [DATE SKIP] #IO-1048 (SHREYAA ENTERPRISES): date 20251230 before start date 20260228
[2026-03-04 11:58:06] [INFO] [DATE SKIP] #MO-34 (SHREYAA ENTERPRISES): date 20251230 before start date 20260228
[2026-03-04 11:58:06] [INFO] [DATE SKIP] #36 (SHREYAA ENTERPRISES): date 20251230 before start date 20260228
[2026-03-04 11:58:06] [INFO] [DATE SKIP] #IO-1049 (SHREYAA ENTERPRISES): date 20251230 before start date 20260228
[2026-03-04 11:58:06] [INFO] [DATE SKIP] #IO-1050 (SHREYAA ENTERPRISES): date 20251230 before start date 20260228
[2026-03-04 11:58:06] [INFO] [DATE SKIP] #IO-1051 (SHREYAA ENTERPRISES): date 20251230 before start date 20260228
[2026-03-04 11:58:06] [INFO] [DATE SKIP] #IO-1052 (SHREYAA ENTERPRISES): date 20251230 before start date 20260228
[2026-03-04 11:58:06] [INFO] [DATE SKIP] #IO-1053 (SHREYAA ENTERPRISES): date 20251230 before start date 20260228
[2026-03-04 11:58:06] [INFO] [DATE SKIP] #IO-1054 (SHREYAA ENTERPRISES): date 20251230 before start date 20260228
[2026-03-04 11:58:06] [INFO] [DATE SKIP] #IO-1055 (SHREYAA ENTERPRISES): date 20251230 before start date 20260228
[2026-03-04 11:58:06] [INFO] [DATE SKIP] #IO-1056 (SHREYAA ENTERPRISES): date 20251230 before start date 20260228
[2026-03-04 11:58:06] [INFO] [DATE SKIP] #37 (SHREYAA ENTERPRISES): date 20251230 before start date 20260228
[2026-03-04 11:58:06] [INFO] [DATE SKIP] #IO-1057 (SHREYAA ENTERPRISES): date 20251230 before start date 20260228
[2026-03-04 11:58:06] [INFO] [DATE SKIP] #IO-1058 (SHREYAA ENTERPRISES): date 20251230 before start date 20260228
[2026-03-04 11:58:06] [INFO] [DATE SKIP] #CO2-31 (SHREYAA ENTERPRISES): date 20251230 before start date 20260228
[2026-03-04 11:58:06] [INFO] [DATE SKIP] #IO-1059 (SHREYAA ENTERPRISES): date 20251230 before start date 20260228
[2026-03-04 11:58:06] [INFO] [DATE SKIP] #IO-1060 (SHREYAA ENTERPRISES): date 20251230 before start date 20260228
[2026-03-04 11:58:06] [INFO] [DATE SKIP] #IO-1061 (SHREYAA ENTERPRISES): date 20251230 before start date 20260228
[2026-03-04 11:58:06] [INFO] [DATE SKIP] #IO-1062 (SHREYAA ENTERPRISES): date 20251230 before start date 20260228
[2026-03-04 11:58:06] [INFO] [DATE SKIP] #IO-1063 (SHREYAA ENTERPRISES): date 20251230 before start date 20260228
[2026-03-04 11:58:06] [INFO] [DATE SKIP] #IO-1064 (SHREYAA ENTERPRISES): date 20251230 before start date 20260228
[2026-03-04 11:58:06] [INFO] [DATE SKIP] #38 (SHREYAA ENTERPRISES): date 20251230 before start date 20260228
[2026-03-04 11:58:06] [INFO] [DATE SKIP] #IO-1065 (SHREYAA ENTERPRISES): date 20251231 before start date 20260228
[2026-03-04 11:58:06] [INFO] [DATE SKIP] #IO-1066 (SHREYAA ENTERPRISES): date 20251231 before start date 20260228
[2026-03-04 11:58:06] [INFO] [DATE SKIP] #IO-1067 (SHREYAA ENTERPRISES): date 20251231 before start date 20260228
[2026-03-04 11:58:06] [INFO] [DATE SKIP] #IO-1068 (SHREYAA ENTERPRISES): date 20251231 before start date 20260228
[2026-03-04 11:58:06] [INFO] [DATE SKIP] #IO-1069 (SHREYAA ENTERPRISES): date 20251231 before start date 20260228
[2026-03-04 11:58:06] [INFO] [DATE SKIP] #IO-1070 (SHREYAA ENTERPRISES): date 20251231 before start date 20260228
[2026-03-04 11:58:06] [INFO] [DATE SKIP] #IO-1071 (SHREYAA ENTERPRISES): date 20251231 before start date 20260228
[2026-03-04 11:58:06] [INFO] [DATE SKIP] #IO-1072 (SHREYAA ENTERPRISES): date 20251231 before start date 20260228
[2026-03-04 11:58:06] [INFO] [DATE SKIP] #IO-1073 (SHREYAA ENTERPRISES): date 20251231 before start date 20260228
[2026-03-04 11:58:06] [INFO] [DATE SKIP] #ARG-38 (SHREYAA ENTERPRISES): date 20251231 before start date 20260228
[2026-03-04 11:58:06] [INFO] [DATE SKIP] #IO-1074 (SHREYAA ENTERPRISES): date 20251231 before start date 20260228
[2026-03-04 11:58:06] [INFO] [DATE SKIP] #IO-1075 (SHREYAA ENTERPRISES): date 20251231 before start date 20260228
[2026-03-04 11:58:06] [INFO] [DATE SKIP] #IO-1076 (SHREYAA ENTERPRISES): date 20251231 before start date 20260228
[2026-03-04 11:58:06] [INFO] [DATE SKIP] #IO-1077 (SHREYAA ENTERPRISES): date 20251231 before start date 20260228
[2026-03-04 11:58:06] [INFO] [DATE SKIP] #IO-1078 (SHREYAA ENTERPRISES): date 20251231 before start date 20260228
[2026-03-04 11:58:06] [INFO] [DATE SKIP] #IO-1079 (SHREYAA ENTERPRISES): date 20251231 before start date 20260228
[2026-03-04 11:58:06] [INFO] [DATE SKIP] #LPG-9 (SHREYAA ENTERPRISES): date 20251231 before start date 20260228
[2026-03-04 11:58:06] [INFO] [DATE SKIP] #IO-1080 (SHREYAA ENTERPRISES): date 20251231 before start date 20260228
[2026-03-04 11:58:06] [INFO] [DATE SKIP] #IO-1081 (SHREYAA ENTERPRISES): date 20251231 before start date 20260228
[2026-03-04 11:58:06] [INFO] [DATE SKIP] #IO-1082 (SHREYAA ENTERPRISES): date 20251231 before start date 20260228
[2026-03-04 11:58:06] [INFO] [DATE SKIP] #IO-1083 (SHREYAA ENTERPRISES): date 20251231 before start date 20260228
[2026-03-04 11:58:06] [INFO] [DATE SKIP] #IO-1084 (SHREYAA ENTERPRISES): date 20251231 before start date 20260228
[2026-03-04 11:58:06] [INFO] [DATE SKIP] #IO-1085 (SHREYAA ENTERPRISES): date 20251231 before start date 20260228
[2026-03-04 11:58:06] [INFO] [DATE SKIP] #IO-1086 (SHREYAA ENTERPRISES): date 20251231 before start date 20260228
[2026-03-04 11:58:06] [INFO] [DATE SKIP] #IO-1087 (SHREYAA ENTERPRISES): date 20251231 before start date 20260228
[2026-03-04 11:58:06] [INFO] [DATE SKIP] #IO-1088 (SHREYAA ENTERPRISES): date 20251231 before start date 20260228
[2026-03-04 11:58:06] [INFO] [DATE SKIP] #IO-1089 (SHREYAA ENTERPRISES): date 20251231 before start date 20260228
[2026-03-04 11:58:06] [INFO] [DATE SKIP] #IO-1090 (SHREYAA ENTERPRISES): date 20251231 before start date 20260228
[2026-03-04 11:58:06] [INFO] [DATE SKIP] #39 (SHREYAA ENTERPRISES): date 20251231 before start date 20260228
[2026-03-04 11:58:06] [INFO] [DATE SKIP] #IO-1091 (SHREYAA ENTERPRISES): date 20260101 before start date 20260228
[2026-03-04 11:58:06] [INFO] [DATE SKIP] #IO-1092 (SHREYAA ENTERPRISES): date 20260101 before start date 20260228
[2026-03-04 11:58:06] [INFO] [DATE SKIP] #IO-1093 (SHREYAA ENTERPRISES): date 20260101 before start date 20260228
[2026-03-04 11:58:06] [INFO] [DATE SKIP] #IO-1094 (SHREYAA ENTERPRISES): date 20260101 before start date 20260228
[2026-03-04 11:58:06] [INFO] [DATE SKIP] #IO-1095 (SHREYAA ENTERPRISES): date 20260101 before start date 20260228
[2026-03-04 11:58:06] [INFO] [DATE SKIP] #ARG-39 (SHREYAA ENTERPRISES): date 20260101 before start date 20260228
[2026-03-04 11:58:06] [INFO] [DATE SKIP] #ARG-40 (SHREYAA ENTERPRISES): date 20260101 before start date 20260228
[2026-03-04 11:58:06] [INFO] [DATE SKIP] #ARG-41 (SHREYAA ENTERPRISES): date 20260101 before start date 20260228
[2026-03-04 11:58:06] [INFO] [DATE SKIP] #IO-1096 (SHREYAA ENTERPRISES): date 20260101 before start date 20260228
[2026-03-04 11:58:06] [INFO] [DATE SKIP] #IO-1097 (SHREYAA ENTERPRISES): date 20260101 before start date 20260228
[2026-03-04 11:58:06] [INFO] [DATE SKIP] #IO-1098 (SHREYAA ENTERPRISES): date 20260101 before start date 20260228
[2026-03-04 11:58:06] [INFO] [DATE SKIP] #IO-1099 (SHREYAA ENTERPRISES): date 20260101 before start date 20260228
[2026-03-04 11:58:06] [INFO] [DATE SKIP] #IO-1100 (SHREYAA ENTERPRISES): date 20260101 before start date 20260228
[2026-03-04 11:58:06] [INFO] [DATE SKIP] #IO-1101 (SHREYAA ENTERPRISES): date 20260101 before start date 20260228
[2026-03-04 11:58:06] [INFO] [DATE SKIP] #IO-1102 (SHREYAA ENTERPRISES): date 20260101 before start date 20260228
[2026-03-04 11:58:06] [INFO] [DATE SKIP] #IO-1103 (SHREYAA ENTERPRISES): date 20260101 before start date 20260228
[2026-03-04 11:58:06] [INFO] [DATE SKIP] #IO-1104 (SHREYAA ENTERPRISES): date 20260101 before start date 20260228
[2026-03-04 11:58:06] [INFO] [DATE SKIP] #IO-1105 (SHREYAA ENTERPRISES): date 20260101 before start date 20260228
[2026-03-04 11:58:06] [INFO] [DATE SKIP] #IO-1106 (SHREYAA ENTERPRISES): date 20260101 before start date 20260228
[2026-03-04 11:58:06] [INFO] [DATE SKIP] #IO-1107 (SHREYAA ENTERPRISES): date 20260102 before start date 20260228
[2026-03-04 11:58:06] [INFO] [DATE SKIP] #IO-1108 (SHREYAA ENTERPRISES): date 20260102 before start date 20260228
[2026-03-04 11:58:06] [INFO] [DATE SKIP] #IO-1109 (SHREYAA ENTERPRISES): date 20260102 before start date 20260228
[2026-03-04 11:58:06] [INFO] [DATE SKIP] #IO-1110 (SHREYAA ENTERPRISES): date 20260102 before start date 20260228
[2026-03-04 11:58:06] [INFO] [DATE SKIP] #40 (SHREYAA ENTERPRISES): date 20260102 before start date 20260228
[2026-03-04 11:58:06] [INFO] [DATE SKIP] #IO-1111 (SHREYAA ENTERPRISES): date 20260102 before start date 20260228
[2026-03-04 11:58:06] [INFO] [DATE SKIP] #IO-1112 (SHREYAA ENTERPRISES): date 20260102 before start date 20260228
[2026-03-04 11:58:06] [INFO] [DATE SKIP] #IO-1113 (SHREYAA ENTERPRISES): date 20260102 before start date 20260228
[2026-03-04 11:58:06] [INFO] [DATE SKIP] #IO-1114 (SHREYAA ENTERPRISES): date 20260102 before start date 20260228
[2026-03-04 11:58:06] [INFO] [DATE SKIP] #IO-1115 (SHREYAA ENTERPRISES): date 20260102 before start date 20260228
[2026-03-04 11:58:06] [INFO] [DATE SKIP] #IO-1116 (SHREYAA ENTERPRISES): date 20260102 before start date 20260228
[2026-03-04 11:58:06] [INFO] [DATE SKIP] #IO-1117 (SHREYAA ENTERPRISES): date 20260102 before start date 20260228
[2026-03-04 11:58:06] [INFO] [DATE SKIP] #1 (SHREYAA ENTERPRISES): date 20260102 before start date 20260228
[2026-03-04 11:58:06] [INFO] [DATE SKIP] #2 (SHREYAA ENTERPRISES): date 20260102 before start date 20260228
[2026-03-04 11:58:06] [INFO] [DATE SKIP] #IO-1118 (SHREYAA ENTERPRISES): date 20260103 before start date 20260228
[2026-03-04 11:58:06] [INFO] [DATE SKIP] #IO-1120 (SHREYAA ENTERPRISES): date 20260103 before start date 20260228
[2026-03-04 11:58:06] [INFO] [DATE SKIP] #IO-1119 (SHREYAA ENTERPRISES): date 20260103 before start date 20260228
[2026-03-04 11:58:06] [INFO] [DATE SKIP] #IO-1121 (SHREYAA ENTERPRISES): date 20260103 before start date 20260228
[2026-03-04 11:58:06] [INFO] [DATE SKIP] #CO2-32 (SHREYAA ENTERPRISES): date 20260103 before start date 20260228
[2026-03-04 11:58:06] [INFO] [DATE SKIP] #IO-1122 (SHREYAA ENTERPRISES): date 20260103 before start date 20260228
[2026-03-04 11:58:06] [INFO] [DATE SKIP] #IO-1123 (SHREYAA ENTERPRISES): date 20260103 before start date 20260228
[2026-03-04 11:58:06] [INFO] [DATE SKIP] #IO-1124 (SHREYAA ENTERPRISES): date 20260103 before start date 20260228
[2026-03-04 11:58:06] [INFO] [DATE SKIP] #IO-1125 (SHREYAA ENTERPRISES): date 20260103 before start date 20260228
[2026-03-04 11:58:06] [INFO] [DATE SKIP] #IO-1126 (SHREYAA ENTERPRISES): date 20260103 before start date 20260228
[2026-03-04 11:58:06] [INFO] [DATE SKIP] #IO-1127 (SHREYAA ENTERPRISES): date 20260103 before start date 20260228
[2026-03-04 11:58:06] [INFO] [DATE SKIP] #42 (SHREYAA ENTERPRISES): date 20260103 before start date 20260228
[2026-03-04 11:58:06] [INFO] [DATE SKIP] #IO-1131 (SHREYAA ENTERPRISES): date 20260103 before start date 20260228
[2026-03-04 11:58:06] [INFO] [DATE SKIP] #IO-1128 (SHREYAA ENTERPRISES): date 20260103 before start date 20260228
[2026-03-04 11:58:06] [INFO] [DATE SKIP] #IO-1129 (SHREYAA ENTERPRISES): date 20260103 before start date 20260228
[2026-03-04 11:58:06] [INFO] [DATE SKIP] #IO-1130 (SHREYAA ENTERPRISES): date 20260103 before start date 20260228
[2026-03-04 11:58:06] [INFO] [DATE SKIP] #IO-1132 (SHREYAA ENTERPRISES): date 20260103 before start date 20260228
[2026-03-04 11:58:06] [INFO] [DATE SKIP] #IO-1133 (SHREYAA ENTERPRISES): date 20260105 before start date 20260228
[2026-03-04 11:58:06] [INFO] [DATE SKIP] #IO-1134 (SHREYAA ENTERPRISES): date 20260105 before start date 20260228
[2026-03-04 11:58:06] [INFO] [DATE SKIP] #IO-1135 (SHREYAA ENTERPRISES): date 20260105 before start date 20260228
[2026-03-04 11:58:06] [INFO] [DATE SKIP] #IO-1136 (SHREYAA ENTERPRISES): date 20260105 before start date 20260228
[2026-03-04 11:58:06] [INFO] [DATE SKIP] #IO-1137 (SHREYAA ENTERPRISES): date 20260105 before start date 20260228
[2026-03-04 11:58:06] [INFO] [DATE SKIP] #IO-1138 (SHREYAA ENTERPRISES): date 20260105 before start date 20260228
[2026-03-04 11:58:06] [INFO] [DATE SKIP] #44 (SHREYAA ENTERPRISES): date 20260105 before start date 20260228
[2026-03-04 11:58:06] [INFO] [DATE SKIP] #IO-1139 (SHREYAA ENTERPRISES): date 20260105 before start date 20260228
[2026-03-04 11:58:06] [INFO] [DATE SKIP] #IO-1140 (SHREYAA ENTERPRISES): date 20260105 before start date 20260228
[2026-03-04 11:58:06] [INFO] [DATE SKIP] #IO-1141 (SHREYAA ENTERPRISES): date 20260105 before start date 20260228
[2026-03-04 11:58:06] [INFO] [DATE SKIP] #IO-1142 (SHREYAA ENTERPRISES): date 20260105 before start date 20260228
[2026-03-04 11:58:06] [INFO] [DATE SKIP] #IO-1143 (SHREYAA ENTERPRISES): date 20260105 before start date 20260228
[2026-03-04 11:58:06] [INFO] [DATE SKIP] #IO-1144 (SHREYAA ENTERPRISES): date 20260105 before start date 20260228
[2026-03-04 11:58:06] [INFO] [DATE SKIP] #IO-1145 (SHREYAA ENTERPRISES): date 20260105 before start date 20260228
[2026-03-04 11:58:06] [INFO] [DATE SKIP] #IO-1146 (SHREYAA ENTERPRISES): date 20260106 before start date 20260228
[2026-03-04 11:58:06] [INFO] [DATE SKIP] #IO-1147 (SHREYAA ENTERPRISES): date 20260106 before start date 20260228
[2026-03-04 11:58:06] [INFO] [DATE SKIP] #IO-1148 (SHREYAA ENTERPRISES): date 20260106 before start date 20260228
[2026-03-04 11:58:06] [INFO] [DATE SKIP] #IO-1149 (SHREYAA ENTERPRISES): date 20260106 before start date 20260228
[2026-03-04 11:58:06] [INFO] [DATE SKIP] #45 (SHREYAA ENTERPRISES): date 20260106 before start date 20260228
[2026-03-04 11:58:06] [INFO] [DATE SKIP] #IO-1150 (SHREYAA ENTERPRISES): date 20260106 before start date 20260228
[2026-03-04 11:58:06] [INFO] [DATE SKIP] #IO-1151 (SHREYAA ENTERPRISES): date 20260106 before start date 20260228
[2026-03-04 11:58:06] [INFO] [DATE SKIP] #IO-1152 (SHREYAA ENTERPRISES): date 20260106 before start date 20260228
[2026-03-04 11:58:06] [INFO] [DATE SKIP] #IO-1153 (SHREYAA ENTERPRISES): date 20260106 before start date 20260228
[2026-03-04 11:58:06] [INFO] [DATE SKIP] #IO-1154 (SHREYAA ENTERPRISES): date 20260106 before start date 20260228
[2026-03-04 11:58:06] [INFO] [DATE SKIP] #IO-1155 (SHREYAA ENTERPRISES): date 20260106 before start date 20260228
[2026-03-04 11:58:06] [INFO] [DATE SKIP] #IO-1156 (SHREYAA ENTERPRISES): date 20260106 before start date 20260228
[2026-03-04 11:58:06] [INFO] [DATE SKIP] #IO-1157 (SHREYAA ENTERPRISES): date 20260106 before start date 20260228
[2026-03-04 11:58:06] [INFO] [DATE SKIP] #IO-1158 (SHREYAA ENTERPRISES): date 20260106 before start date 20260228
[2026-03-04 11:58:06] [INFO] [DATE SKIP] #IO-1159 (SHREYAA ENTERPRISES): date 20260106 before start date 20260228
[2026-03-04 11:58:06] [INFO] [DATE SKIP] #IO-1160 (SHREYAA ENTERPRISES): date 20260106 before start date 20260228
[2026-03-04 11:58:06] [INFO] [DATE SKIP] #IO-1161 (SHREYAA ENTERPRISES): date 20260107 before start date 20260228
[2026-03-04 11:58:06] [INFO] [DATE SKIP] #IO-1162 (SHREYAA ENTERPRISES): date 20260107 before start date 20260228
[2026-03-04 11:58:06] [INFO] [DATE SKIP] #IO-1163 (SHREYAA ENTERPRISES): date 20260107 before start date 20260228
[2026-03-04 11:58:06] [INFO] [DATE SKIP] #IO-1164 (SHREYAA ENTERPRISES): date 20260107 before start date 20260228
[2026-03-04 11:58:06] [INFO] [DATE SKIP] #IO-1165 (SHREYAA ENTERPRISES): date 20260107 before start date 20260228
[2026-03-04 11:58:06] [INFO] [DATE SKIP] #IO-1166 (SHREYAA ENTERPRISES): date 20260107 before start date 20260228
[2026-03-04 11:58:06] [INFO] [DATE SKIP] #IO-1167 (SHREYAA ENTERPRISES): date 20260107 before start date 20260228
[2026-03-04 11:58:06] [INFO] [DATE SKIP] #IO-1168 (SHREYAA ENTERPRISES): date 20260107 before start date 20260228
[2026-03-04 11:58:06] [INFO] [DATE SKIP] #46 (SHREYAA ENTERPRISES): date 20260107 before start date 20260228
[2026-03-04 11:58:06] [INFO] [DATE SKIP] #IO-1169 (SHREYAA ENTERPRISES): date 20260107 before start date 20260228
[2026-03-04 11:58:06] [INFO] [DATE SKIP] #IO-1170 (SHREYAA ENTERPRISES): date 20260107 before start date 20260228
[2026-03-04 11:58:06] [INFO] [DATE SKIP] #IO-1171 (SHREYAA ENTERPRISES): date 20260107 before start date 20260228
[2026-03-04 11:58:06] [INFO] [DATE SKIP] #IO-1172 (SHREYAA ENTERPRISES): date 20260107 before start date 20260228
[2026-03-04 11:58:06] [INFO] [DATE SKIP] #IO-1173 (SHREYAA ENTERPRISES): date 20260107 before start date 20260228
[2026-03-04 11:58:06] [INFO] [DATE SKIP] #IO-1174 (SHREYAA ENTERPRISES): date 20260107 before start date 20260228
[2026-03-04 11:58:06] [INFO] [DATE SKIP] #IO-1175 (SHREYAA ENTERPRISES): date 20260107 before start date 20260228
[2026-03-04 11:58:06] [INFO] [DATE SKIP] #CO2-33 (SHREYAA ENTERPRISES): date 20260107 before start date 20260228
[2026-03-04 11:58:06] [INFO] [DATE SKIP] #IO-1176 (SHREYAA ENTERPRISES): date 20260107 before start date 20260228
[2026-03-04 11:58:06] [INFO] [DATE SKIP] #4 (SHREYAA ENTERPRISES): date 20260107 before start date 20260228
[2026-03-04 11:58:06] [INFO] [DATE SKIP] #IO-1177 (SHREYAA ENTERPRISES): date 20260108 before start date 20260228
[2026-03-04 11:58:06] [INFO] [DATE SKIP] #IO-1178 (SHREYAA ENTERPRISES): date 20260108 before start date 20260228
[2026-03-04 11:58:06] [INFO] [DATE SKIP] #IO-1179 (SHREYAA ENTERPRISES): date 20260108 before start date 20260228
[2026-03-04 11:58:06] [INFO] [DATE SKIP] #IO-1180 (SHREYAA ENTERPRISES): date 20260108 before start date 20260228
[2026-03-04 11:58:06] [INFO] [DATE SKIP] #IO-1181 (SHREYAA ENTERPRISES): date 20260108 before start date 20260228
[2026-03-04 11:58:06] [INFO] [DATE SKIP] #IO-1182 (SHREYAA ENTERPRISES): date 20260108 before start date 20260228
[2026-03-04 11:58:06] [INFO] [DATE SKIP] #IO-1183 (SHREYAA ENTERPRISES): date 20260108 before start date 20260228
[2026-03-04 11:58:06] [INFO] [DATE SKIP] #IO-1184 (SHREYAA ENTERPRISES): date 20260108 before start date 20260228
[2026-03-04 11:58:06] [INFO] [DATE SKIP] #IO-1185 (SHREYAA ENTERPRISES): date 20260108 before start date 20260228
[2026-03-04 11:58:06] [INFO] [DATE SKIP] #IO-1186 (SHREYAA ENTERPRISES): date 20260108 before start date 20260228
[2026-03-04 11:58:06] [INFO] [DATE SKIP] #IO-1187 (SHREYAA ENTERPRISES): date 20260108 before start date 20260228
[2026-03-04 11:58:06] [INFO] [DATE SKIP] #IO-1188 (SHREYAA ENTERPRISES): date 20260108 before start date 20260228
[2026-03-04 11:58:06] [INFO] [DATE SKIP] #IO-1189 (SHREYAA ENTERPRISES): date 20260108 before start date 20260228
[2026-03-04 11:58:06] [INFO] [DATE SKIP] #IO-1191 (SHREYAA ENTERPRISES): date 20260109 before start date 20260228
[2026-03-04 11:58:06] [INFO] [DATE SKIP] #47 (SHREYAA ENTERPRISES): date 20260109 before start date 20260228
[2026-03-04 11:58:06] [INFO] [DATE SKIP] #ARG-43 (SHREYAA ENTERPRISES): date 20260109 before start date 20260228
[2026-03-04 11:58:06] [INFO] [DATE SKIP] #IO-1190 (SHREYAA ENTERPRISES): date 20260109 before start date 20260228
[2026-03-04 11:58:06] [INFO] [DATE SKIP] #ARG-42 (SHREYAA ENTERPRISES): date 20260109 before start date 20260228
[2026-03-04 11:58:06] [INFO] [DATE SKIP] #ARG-44 (SHREYAA ENTERPRISES): date 20260109 before start date 20260228
[2026-03-04 11:58:06] [INFO] [DATE SKIP] #ARG-45 (SHREYAA ENTERPRISES): date 20260109 before start date 20260228
[2026-03-04 11:58:06] [INFO] [DATE SKIP] #ARG-46 (SHREYAA ENTERPRISES): date 20260109 before start date 20260228
[2026-03-04 11:58:06] [INFO] [DATE SKIP] #IO-1192 (SHREYAA ENTERPRISES): date 20260109 before start date 20260228
[2026-03-04 11:58:06] [INFO] [DATE SKIP] #IO-1193 (SHREYAA ENTERPRISES): date 20260109 before start date 20260228
[2026-03-04 11:58:06] [INFO] [DATE SKIP] #IO-1194 (SHREYAA ENTERPRISES): date 20260109 before start date 20260228
[2026-03-04 11:58:06] [INFO] [DATE SKIP] #IO-1195 (SHREYAA ENTERPRISES): date 20260109 before start date 20260228
[2026-03-04 11:58:06] [INFO] [DATE SKIP] #IO-1196 (SHREYAA ENTERPRISES): date 20260109 before start date 20260228
[2026-03-04 11:58:06] [INFO] [DATE SKIP] #IO-1197 (SHREYAA ENTERPRISES): date 20260109 before start date 20260228
[2026-03-04 11:58:06] [INFO] [DATE SKIP] #IO-1198 (SHREYAA ENTERPRISES): date 20260109 before start date 20260228
[2026-03-04 11:58:06] [INFO] [DATE SKIP] #IO-1199 (SHREYAA ENTERPRISES): date 20260109 before start date 20260228
[2026-03-04 11:58:06] [INFO] [DATE SKIP] #IO-1200 (SHREYAA ENTERPRISES): date 20260109 before start date 20260228
[2026-03-04 11:58:06] [INFO] [DATE SKIP] #IO-1201 (SHREYAA ENTERPRISES): date 20260109 before start date 20260228
[2026-03-04 11:58:06] [INFO] [DATE SKIP] #5 (SHREYAA ENTERPRISES): date 20260109 before start date 20260228
[2026-03-04 11:58:06] [INFO] [DATE SKIP] #IO-1202 (SHREYAA ENTERPRISES): date 20260110 before start date 20260228
[2026-03-04 11:58:06] [INFO] [DATE SKIP] #IO-1203 (SHREYAA ENTERPRISES): date 20260110 before start date 20260228
[2026-03-04 11:58:06] [INFO] [DATE SKIP] #IO-1204 (SHREYAA ENTERPRISES): date 20260110 before start date 20260228
[2026-03-04 11:58:06] [INFO] [DATE SKIP] #IO-1205 (SHREYAA ENTERPRISES): date 20260110 before start date 20260228
[2026-03-04 11:58:06] [INFO] [DATE SKIP] #IO-1206 (SHREYAA ENTERPRISES): date 20260110 before start date 20260228
[2026-03-04 11:58:06] [INFO] [DATE SKIP] #48 (SHREYAA ENTERPRISES): date 20260110 before start date 20260228
[2026-03-04 11:58:06] [INFO] [DATE SKIP] #IO-1207 (SHREYAA ENTERPRISES): date 20260110 before start date 20260228
[2026-03-04 11:58:06] [INFO] [DATE SKIP] #IO-1208 (SHREYAA ENTERPRISES): date 20260110 before start date 20260228
[2026-03-04 11:58:06] [INFO] [DATE SKIP] #IO-1209 (SHREYAA ENTERPRISES): date 20260110 before start date 20260228
[2026-03-04 11:58:06] [INFO] [DATE SKIP] #3 (SHREYAA ENTERPRISES): date 20260110 before start date 20260228
[2026-03-04 11:58:06] [INFO] [DATE SKIP] #IO-1210 (SHREYAA ENTERPRISES): date 20260112 before start date 20260228
[2026-03-04 11:58:06] [INFO] [DATE SKIP] #IO-1211 (SHREYAA ENTERPRISES): date 20260112 before start date 20260228
[2026-03-04 11:58:06] [INFO] [DATE SKIP] #IO-1212 (SHREYAA ENTERPRISES): date 20260112 before start date 20260228
[2026-03-04 11:58:06] [INFO] [DATE SKIP] #IO-1213 (SHREYAA ENTERPRISES): date 20260112 before start date 20260228
[2026-03-04 11:58:06] [INFO] [DATE SKIP] #IO-1214 (SHREYAA ENTERPRISES): date 20260112 before start date 20260228
[2026-03-04 11:58:06] [INFO] [DATE SKIP] #IO-1215 (SHREYAA ENTERPRISES): date 20260112 before start date 20260228
[2026-03-04 11:58:06] [INFO] [DATE SKIP] #IO-1216 (SHREYAA ENTERPRISES): date 20260112 before start date 20260228
[2026-03-04 11:58:06] [INFO] [DATE SKIP] #IO-1217 (SHREYAA ENTERPRISES): date 20260112 before start date 20260228
[2026-03-04 11:58:06] [INFO] [DATE SKIP] #IO-1218 (SHREYAA ENTERPRISES): date 20260112 before start date 20260228
[2026-03-04 11:58:06] [INFO] [DATE SKIP] #IO-1219 (SHREYAA ENTERPRISES): date 20260112 before start date 20260228
[2026-03-04 11:58:06] [INFO] [DATE SKIP] #IO-1220 (SHREYAA ENTERPRISES): date 20260112 before start date 20260228
[2026-03-04 11:58:06] [INFO] [DATE SKIP] #IO-1221 (SHREYAA ENTERPRISES): date 20260112 before start date 20260228
[2026-03-04 11:58:06] [INFO] [DATE SKIP] #IO-1222 (SHREYAA ENTERPRISES): date 20260112 before start date 20260228
[2026-03-04 11:58:06] [INFO] [DATE SKIP] #IO-1223 (SHREYAA ENTERPRISES): date 20260112 before start date 20260228
[2026-03-04 11:58:06] [INFO] [DATE SKIP] #IO-1224 (SHREYAA ENTERPRISES): date 20260112 before start date 20260228
[2026-03-04 11:58:06] [INFO] [DATE SKIP] #MO-35 (SHREYAA ENTERPRISES): date 20260112 before start date 20260228
[2026-03-04 11:58:06] [INFO] [DATE SKIP] #IO-1225 (SHREYAA ENTERPRISES): date 20260112 before start date 20260228
[2026-03-04 11:58:06] [INFO] [DATE SKIP] #IO-1226 (SHREYAA ENTERPRISES): date 20260112 before start date 20260228
[2026-03-04 11:58:06] [INFO] [DATE SKIP] #IO-1227 (SHREYAA ENTERPRISES): date 20260112 before start date 20260228
[2026-03-04 11:58:06] [INFO] [DATE SKIP] #IO-1228 (SHREYAA ENTERPRISES): date 20260112 before start date 20260228
[2026-03-04 11:58:06] [INFO] [DATE SKIP] #IO-1229 (SHREYAA ENTERPRISES): date 20260112 before start date 20260228
[2026-03-04 11:58:06] [INFO] [DATE SKIP] #IO-1230 (SHREYAA ENTERPRISES): date 20260112 before start date 20260228
[2026-03-04 11:58:06] [INFO] [DATE SKIP] #IO-1231 (SHREYAA ENTERPRISES): date 20260113 before start date 20260228
[2026-03-04 11:58:06] [INFO] [DATE SKIP] #IO-1232 (SHREYAA ENTERPRISES): date 20260113 before start date 20260228
[2026-03-04 11:58:06] [INFO] [DATE SKIP] #IO-1233 (SHREYAA ENTERPRISES): date 20260113 before start date 20260228
[2026-03-04 11:58:06] [INFO] [DATE SKIP] #IO-1234 (SHREYAA ENTERPRISES): date 20260113 before start date 20260228
[2026-03-04 11:58:06] [INFO] [DATE SKIP] #IO-1235 (SHREYAA ENTERPRISES): date 20260113 before start date 20260228
[2026-03-04 11:58:06] [INFO] [DATE SKIP] #IO-1236 (SHREYAA ENTERPRISES): date 20260113 before start date 20260228
[2026-03-04 11:58:06] [INFO] [DATE SKIP] #IO-1237 (SHREYAA ENTERPRISES): date 20260113 before start date 20260228
[2026-03-04 11:58:06] [INFO] [DATE SKIP] #IO-1238 (SHREYAA ENTERPRISES): date 20260113 before start date 20260228
[2026-03-04 11:58:06] [INFO] [DATE SKIP] #IO-1239 (SHREYAA ENTERPRISES): date 20260113 before start date 20260228
[2026-03-04 11:58:06] [INFO] [DATE SKIP] #IO-1240 (SHREYAA ENTERPRISES): date 20260113 before start date 20260228
[2026-03-04 11:58:06] [INFO] [DATE SKIP] #IO-1241 (SHREYAA ENTERPRISES): date 20260113 before start date 20260228
[2026-03-04 11:58:06] [INFO] [DATE SKIP] #CO2-34 (SHREYAA ENTERPRISES): date 20260113 before start date 20260228
[2026-03-04 11:58:06] [INFO] [DATE SKIP] #IO-1268 (SHREYAA ENTERPRISES): date 20260113 before start date 20260228
[2026-03-04 11:58:06] [INFO] [DATE SKIP] #IO-1243 (SHREYAA ENTERPRISES): date 20260114 before start date 20260228
[2026-03-04 11:58:06] [INFO] [DATE SKIP] #IO-1244 (SHREYAA ENTERPRISES): date 20260114 before start date 20260228
[2026-03-04 11:58:06] [INFO] [DATE SKIP] #IO-1245 (SHREYAA ENTERPRISES): date 20260114 before start date 20260228
[2026-03-04 11:58:06] [INFO] [DATE SKIP] #IO-1246 (SHREYAA ENTERPRISES): date 20260114 before start date 20260228
[2026-03-04 11:58:06] [INFO] [DATE SKIP] #IO-1247 (SHREYAA ENTERPRISES): date 20260114 before start date 20260228
[2026-03-04 11:58:06] [INFO] [DATE SKIP] #IO-1248 (SHREYAA ENTERPRISES): date 20260114 before start date 20260228
[2026-03-04 11:58:06] [INFO] [DATE SKIP] #CO2-35 (SHREYAA ENTERPRISES): date 20260114 before start date 20260228
[2026-03-04 11:58:06] [INFO] [DATE SKIP] #IO-1249 (SHREYAA ENTERPRISES): date 20260114 before start date 20260228
[2026-03-04 11:58:06] [INFO] [DATE SKIP] #IO-1250 (SHREYAA ENTERPRISES): date 20260114 before start date 20260228
[2026-03-04 11:58:06] [INFO] [DATE SKIP] #IO-1251 (SHREYAA ENTERPRISES): date 20260114 before start date 20260228
[2026-03-04 11:58:06] [INFO] [DATE SKIP] #ARG-47 (SHREYAA ENTERPRISES): date 20260114 before start date 20260228
[2026-03-04 11:58:06] [INFO] [DATE SKIP] #IO-1252 (SHREYAA ENTERPRISES): date 20260114 before start date 20260228
[2026-03-04 11:58:06] [INFO] [DATE SKIP] #49 (SHREYAA ENTERPRISES): date 20260114 before start date 20260228
[2026-03-04 11:58:06] [INFO] [DATE SKIP] #IO-1253 (SHREYAA ENTERPRISES): date 20260114 before start date 20260228
[2026-03-04 11:58:06] [INFO] [DATE SKIP] #IO-1254 (SHREYAA ENTERPRISES): date 20260114 before start date 20260228
[2026-03-04 11:58:06] [INFO] [DATE SKIP] #IO-1255 (SHREYAA ENTERPRISES): date 20260114 before start date 20260228
[2026-03-04 11:58:06] [INFO] [DATE SKIP] #IO-1256 (SHREYAA ENTERPRISES): date 20260114 before start date 20260228
[2026-03-04 11:58:06] [INFO] [DATE SKIP] #IO-1257 (SHREYAA ENTERPRISES): date 20260114 before start date 20260228
[2026-03-04 11:58:06] [INFO] [DATE SKIP] #IO-1258 (SHREYAA ENTERPRISES): date 20260114 before start date 20260228
[2026-03-04 11:58:06] [INFO] [DATE SKIP] #IO-1259 (SHREYAA ENTERPRISES): date 20260114 before start date 20260228
[2026-03-04 11:58:06] [INFO] [DATE SKIP] #IO-1260 (SHREYAA ENTERPRISES): date 20260114 before start date 20260228
[2026-03-04 11:58:06] [INFO] [DATE SKIP] #IO-1261 (SHREYAA ENTERPRISES): date 20260114 before start date 20260228
[2026-03-04 11:58:06] [INFO] [DATE SKIP] #IO-1262 (SHREYAA ENTERPRISES): date 20260114 before start date 20260228
[2026-03-04 11:58:06] [INFO] [DATE SKIP] #1 (SHREYAA ENTERPRISES): date 20260114 before start date 20260228
[2026-03-04 11:58:06] [INFO] [DATE SKIP] #IO-1263 (SHREYAA ENTERPRISES): date 20260117 before start date 20260228
[2026-03-04 11:58:06] [INFO] [DATE SKIP] #IO-1264 (SHREYAA ENTERPRISES): date 20260117 before start date 20260228
[2026-03-04 11:58:06] [INFO] [DATE SKIP] #50 (SHREYAA ENTERPRISES): date 20260117 before start date 20260228
[2026-03-04 11:58:06] [INFO] [DATE SKIP] #IO-1265 (SHREYAA ENTERPRISES): date 20260117 before start date 20260228
[2026-03-04 11:58:06] [INFO] [DATE SKIP] #IO-1266 (SHREYAA ENTERPRISES): date 20260117 before start date 20260228
[2026-03-04 11:58:06] [INFO] [DATE SKIP] #IO-1267 (SHREYAA ENTERPRISES): date 20260117 before start date 20260228
[2026-03-04 11:58:06] [INFO] [DATE SKIP] #ARG-48 (SHREYAA ENTERPRISES): date 20260117 before start date 20260228
[2026-03-04 11:58:06] [INFO] [DATE SKIP] #IO-1269 (SHREYAA ENTERPRISES): date 20260117 before start date 20260228
[2026-03-04 11:58:06] [INFO] [DATE SKIP] #IO-1270 (SHREYAA ENTERPRISES): date 20260117 before start date 20260228
[2026-03-04 11:58:06] [INFO] [DATE SKIP] #MO-37 (SHREYAA ENTERPRISES): date 20260117 before start date 20260228
[2026-03-04 11:58:06] [INFO] [DATE SKIP] #ARG-49 (SHREYAA ENTERPRISES): date 20260117 before start date 20260228
[2026-03-04 11:58:06] [INFO] [DATE SKIP] #IO-1271 (SHREYAA ENTERPRISES): date 20260117 before start date 20260228
[2026-03-04 11:58:06] [INFO] [DATE SKIP] #IO-1272 (SHREYAA ENTERPRISES): date 20260117 before start date 20260228
[2026-03-04 11:58:06] [INFO] [DATE SKIP] #2 (SHREYAA ENTERPRISES): date 20260117 before start date 20260228
[2026-03-04 11:58:06] [INFO] [DATE SKIP] #6 (SHREYAA ENTERPRISES): date 20260118 before start date 20260228
[2026-03-04 11:58:06] [INFO] [DATE SKIP] #IO-1273 (SHREYAA ENTERPRISES): date 20260119 before start date 20260228
[2026-03-04 11:58:06] [INFO] [DATE SKIP] #IO-1274 (SHREYAA ENTERPRISES): date 20260119 before start date 20260228
[2026-03-04 11:58:06] [INFO] [DATE SKIP] #IO-1275 (SHREYAA ENTERPRISES): date 20260119 before start date 20260228
[2026-03-04 11:58:06] [INFO] [DATE SKIP] #IO-1276 (SHREYAA ENTERPRISES): date 20260119 before start date 20260228
[2026-03-04 11:58:06] [INFO] [DATE SKIP] #IO-1277 (SHREYAA ENTERPRISES): date 20260119 before start date 20260228
[2026-03-04 11:58:06] [INFO] [DATE SKIP] #IO-1278 (SHREYAA ENTERPRISES): date 20260119 before start date 20260228
[2026-03-04 11:58:06] [INFO] [DATE SKIP] #IO-1279 (SHREYAA ENTERPRISES): date 20260119 before start date 20260228
[2026-03-04 11:58:06] [INFO] [DATE SKIP] #IO-1280 (SHREYAA ENTERPRISES): date 20260119 before start date 20260228
[2026-03-04 11:58:06] [INFO] [DATE SKIP] #IO-1281 (SHREYAA ENTERPRISES): date 20260119 before start date 20260228
[2026-03-04 11:58:06] [INFO] [DATE SKIP] #IO-1282 (SHREYAA ENTERPRISES): date 20260119 before start date 20260228
[2026-03-04 11:58:06] [INFO] [DATE SKIP] #IO-1283 (SHREYAA ENTERPRISES): date 20260119 before start date 20260228
[2026-03-04 11:58:06] [INFO] [DATE SKIP] #IO-1284 (SHREYAA ENTERPRISES): date 20260119 before start date 20260228
[2026-03-04 11:58:06] [INFO] [DATE SKIP] #IO-1285 (SHREYAA ENTERPRISES): date 20260119 before start date 20260228
[2026-03-04 11:58:06] [INFO] [DATE SKIP] #IO-1286 (SHREYAA ENTERPRISES): date 20260119 before start date 20260228
[2026-03-04 11:58:07] [INFO] [DATE SKIP] #IO-1287 (SHREYAA ENTERPRISES): date 20260119 before start date 20260228
[2026-03-04 11:58:07] [INFO] [DATE SKIP] #7 (SHREYAA ENTERPRISES): date 20260119 before start date 20260228
[2026-03-04 11:58:07] [INFO] [DATE SKIP] #IO-1288 (SHREYAA ENTERPRISES): date 20260120 before start date 20260228
[2026-03-04 11:58:07] [INFO] [DATE SKIP] #IO-1289 (SHREYAA ENTERPRISES): date 20260120 before start date 20260228
[2026-03-04 11:58:07] [INFO] [DATE SKIP] #IO-1290 (SHREYAA ENTERPRISES): date 20260120 before start date 20260228
[2026-03-04 11:58:07] [INFO] [DATE SKIP] #IO-1291 (SHREYAA ENTERPRISES): date 20260120 before start date 20260228
[2026-03-04 11:58:07] [INFO] [DATE SKIP] #IO-1292 (SHREYAA ENTERPRISES): date 20260120 before start date 20260228
[2026-03-04 11:58:07] [INFO] [DATE SKIP] #ARG-50 (SHREYAA ENTERPRISES): date 20260120 before start date 20260228
[2026-03-04 11:58:07] [INFO] [DATE SKIP] #IO-1293 (SHREYAA ENTERPRISES): date 20260120 before start date 20260228
[2026-03-04 11:58:07] [INFO] [DATE SKIP] #ARG-51 (SHREYAA ENTERPRISES): date 20260120 before start date 20260228
[2026-03-04 11:58:07] [INFO] [DATE SKIP] #CO2-37 (SHREYAA ENTERPRISES): date 20260120 before start date 20260228
[2026-03-04 11:58:07] [INFO] [DATE SKIP] #IO-1294 (SHREYAA ENTERPRISES): date 20260120 before start date 20260228
[2026-03-04 11:58:07] [INFO] [DATE SKIP] #CO2-38 (SHREYAA ENTERPRISES): date 20260120 before start date 20260228
[2026-03-04 11:58:07] [INFO] [DATE SKIP] #IO-1295 (SHREYAA ENTERPRISES): date 20260120 before start date 20260228
[2026-03-04 11:58:07] [INFO] [DATE SKIP] #IO-1296 (SHREYAA ENTERPRISES): date 20260120 before start date 20260228
[2026-03-04 11:58:07] [INFO] [DATE SKIP] #IO-1297 (SHREYAA ENTERPRISES): date 20260120 before start date 20260228
[2026-03-04 11:58:07] [INFO] [DATE SKIP] #IO-1298 (SHREYAA ENTERPRISES): date 20260120 before start date 20260228
[2026-03-04 11:58:07] [INFO] [DATE SKIP] #IO-1299 (SHREYAA ENTERPRISES): date 20260120 before start date 20260228
[2026-03-04 11:58:07] [INFO] [DATE SKIP] #52 (SHREYAA ENTERPRISES): date 20260120 before start date 20260228
[2026-03-04 11:58:07] [INFO] [DATE SKIP] #IO-1300 (SHREYAA ENTERPRISES): date 20260120 before start date 20260228
[2026-03-04 11:58:07] [INFO] [DATE SKIP] #CO2-39 (SHREYAA ENTERPRISES): date 20260120 before start date 20260228
[2026-03-04 11:58:07] [INFO] [DATE SKIP] #53 (SHREYAA ENTERPRISES): date 20260120 before start date 20260228
[2026-03-04 11:58:07] [INFO] [DATE SKIP] #IO-1301 (SHREYAA ENTERPRISES): date 20260120 before start date 20260228
[2026-03-04 11:58:07] [INFO] [DATE SKIP] #IO-1302 (SHREYAA ENTERPRISES): date 20260121 before start date 20260228
[2026-03-04 11:58:07] [INFO] [DATE SKIP] #IO-1303 (SHREYAA ENTERPRISES): date 20260121 before start date 20260228
[2026-03-04 11:58:07] [INFO] [DATE SKIP] #IO-1304 (SHREYAA ENTERPRISES): date 20260121 before start date 20260228
[2026-03-04 11:58:07] [INFO] [DATE SKIP] #IO-1305 (SHREYAA ENTERPRISES): date 20260121 before start date 20260228
[2026-03-04 11:58:07] [INFO] [DATE SKIP] #IO-1306 (SHREYAA ENTERPRISES): date 20260121 before start date 20260228
[2026-03-04 11:58:07] [INFO] [DATE SKIP] #IO-1307 (SHREYAA ENTERPRISES): date 20260121 before start date 20260228
[2026-03-04 11:58:07] [INFO] [DATE SKIP] #54 (SHREYAA ENTERPRISES): date 20260121 before start date 20260228
[2026-03-04 11:58:07] [INFO] [DATE SKIP] #IO-1308 (SHREYAA ENTERPRISES): date 20260121 before start date 20260228
[2026-03-04 11:58:07] [INFO] [DATE SKIP] #IO-1309 (SHREYAA ENTERPRISES): date 20260121 before start date 20260228
[2026-03-04 11:58:07] [INFO] [DATE SKIP] #IO-1310 (SHREYAA ENTERPRISES): date 20260121 before start date 20260228
[2026-03-04 11:58:07] [INFO] [DATE SKIP] #IO-1311 (SHREYAA ENTERPRISES): date 20260121 before start date 20260228
[2026-03-04 11:58:07] [INFO] [DATE SKIP] #IO-1312 (SHREYAA ENTERPRISES): date 20260121 before start date 20260228
[2026-03-04 11:58:07] [INFO] [DATE SKIP] #IO-1313 (SHREYAA ENTERPRISES): date 20260121 before start date 20260228
[2026-03-04 11:58:07] [INFO] [DATE SKIP] #IO-1314 (SHREYAA ENTERPRISES): date 20260121 before start date 20260228
[2026-03-04 11:58:07] [INFO] [DATE SKIP] #IO-1315 (SHREYAA ENTERPRISES): date 20260121 before start date 20260228
[2026-03-04 11:58:07] [INFO] [DATE SKIP] #IO-1316 (SHREYAA ENTERPRISES): date 20260121 before start date 20260228
[2026-03-04 11:58:07] [INFO] [DATE SKIP] #IO-1317 (SHREYAA ENTERPRISES): date 20260121 before start date 20260228
[2026-03-04 11:58:07] [INFO] [DATE SKIP] #IO-1318 (SHREYAA ENTERPRISES): date 20260121 before start date 20260228
[2026-03-04 11:58:07] [INFO] [DATE SKIP] #IO-1319 (SHREYAA ENTERPRISES): date 20260121 before start date 20260228
[2026-03-04 11:58:07] [INFO] [DATE SKIP] #IO-1320 (SHREYAA ENTERPRISES): date 20260121 before start date 20260228
[2026-03-04 11:58:07] [INFO] [DATE SKIP] #55 (SHREYAA ENTERPRISES): date 20260121 before start date 20260228
[2026-03-04 11:58:07] [INFO] [DATE SKIP] #9 (SHREYAA ENTERPRISES): date 20260121 before start date 20260228
[2026-03-04 11:58:07] [INFO] [DATE SKIP] #IO-1321 (SHREYAA ENTERPRISES): date 20260122 before start date 20260228
[2026-03-04 11:58:07] [INFO] [DATE SKIP] #IO-1322 (SHREYAA ENTERPRISES): date 20260122 before start date 20260228
[2026-03-04 11:58:07] [INFO] [DATE SKIP] #IO-1323 (SHREYAA ENTERPRISES): date 20260122 before start date 20260228
[2026-03-04 11:58:07] [INFO] [DATE SKIP] #IO-1324 (SHREYAA ENTERPRISES): date 20260122 before start date 20260228
[2026-03-04 11:58:07] [INFO] [DATE SKIP] #IO-1325 (SHREYAA ENTERPRISES): date 20260122 before start date 20260228
[2026-03-04 11:58:07] [INFO] [DATE SKIP] #IO-1326 (SHREYAA ENTERPRISES): date 20260122 before start date 20260228
[2026-03-04 11:58:07] [INFO] [DATE SKIP] #IO-1327 (SHREYAA ENTERPRISES): date 20260122 before start date 20260228
[2026-03-04 11:58:07] [INFO] [DATE SKIP] #IO-1328 (SHREYAA ENTERPRISES): date 20260122 before start date 20260228
[2026-03-04 11:58:07] [INFO] [DATE SKIP] #IO-1329 (SHREYAA ENTERPRISES): date 20260122 before start date 20260228
[2026-03-04 11:58:07] [INFO] [DATE SKIP] #IO-1330 (SHREYAA ENTERPRISES): date 20260122 before start date 20260228
[2026-03-04 11:58:07] [INFO] [DATE SKIP] #4 (SHREYAA ENTERPRISES): date 20260122 before start date 20260228
[2026-03-04 11:58:07] [INFO] [DATE SKIP] #IO-1331 (SHREYAA ENTERPRISES): date 20260123 before start date 20260228
[2026-03-04 11:58:07] [INFO] [DATE SKIP] #ARG-52 (SHREYAA ENTERPRISES): date 20260123 before start date 20260228
[2026-03-04 11:58:07] [INFO] [DATE SKIP] #IO-1332 (SHREYAA ENTERPRISES): date 20260123 before start date 20260228
[2026-03-04 11:58:07] [INFO] [DATE SKIP] #CO2-40 (SHREYAA ENTERPRISES): date 20260123 before start date 20260228
[2026-03-04 11:58:07] [INFO] [DATE SKIP] #CO2-41 (SHREYAA ENTERPRISES): date 20260123 before start date 20260228
[2026-03-04 11:58:07] [INFO] [DATE SKIP] #56 (SHREYAA ENTERPRISES): date 20260123 before start date 20260228
[2026-03-04 11:58:07] [INFO] [DATE SKIP] #IO-1333 (SHREYAA ENTERPRISES): date 20260123 before start date 20260228
[2026-03-04 11:58:07] [INFO] [DATE SKIP] #IO-1334 (SHREYAA ENTERPRISES): date 20260123 before start date 20260228
[2026-03-04 11:58:07] [INFO] [DATE SKIP] #IO-1335 (SHREYAA ENTERPRISES): date 20260123 before start date 20260228
[2026-03-04 11:58:07] [INFO] [DATE SKIP] #IO-1336 (SHREYAA ENTERPRISES): date 20260123 before start date 20260228
[2026-03-04 11:58:07] [INFO] [DATE SKIP] #CO2-42 (SHREYAA ENTERPRISES): date 20260123 before start date 20260228
[2026-03-04 11:58:07] [INFO] [DATE SKIP] #IO-1337 (SHREYAA ENTERPRISES): date 20260123 before start date 20260228
[2026-03-04 11:58:07] [INFO] [DATE SKIP] #IO-1338 (SHREYAA ENTERPRISES): date 20260123 before start date 20260228
[2026-03-04 11:58:07] [INFO] [DATE SKIP] #IO-1339 (SHREYAA ENTERPRISES): date 20260123 before start date 20260228
[2026-03-04 11:58:07] [INFO] [DATE SKIP] #IO-1340 (SHREYAA ENTERPRISES): date 20260123 before start date 20260228
[2026-03-04 11:58:07] [INFO] [DATE SKIP] #IO-1341 (SHREYAA ENTERPRISES): date 20260123 before start date 20260228
[2026-03-04 11:58:07] [INFO] [DATE SKIP] #IO-1342 (SHREYAA ENTERPRISES): date 20260123 before start date 20260228
[2026-03-04 11:58:07] [INFO] [DATE SKIP] #CO2-43 (SHREYAA ENTERPRISES): date 20260123 before start date 20260228
[2026-03-04 11:58:07] [INFO] [DATE SKIP] #57 (SHREYAA ENTERPRISES): date 20260123 before start date 20260228
[2026-03-04 11:58:07] [INFO] [DATE SKIP] #5 (SHREYAA ENTERPRISES): date 20260123 before start date 20260228
[2026-03-04 11:58:07] [INFO] [DATE SKIP] #IO-1343 (SHREYAA ENTERPRISES): date 20260124 before start date 20260228
[2026-03-04 11:58:07] [INFO] [DATE SKIP] #IO-1344 (SHREYAA ENTERPRISES): date 20260124 before start date 20260228
[2026-03-04 11:58:07] [INFO] [DATE SKIP] #IO-1345 (SHREYAA ENTERPRISES): date 20260124 before start date 20260228
[2026-03-04 11:58:07] [INFO] [DATE SKIP] #IO-1346 (SHREYAA ENTERPRISES): date 20260124 before start date 20260228
[2026-03-04 11:58:07] [INFO] [DATE SKIP] #IO-1347 (SHREYAA ENTERPRISES): date 20260124 before start date 20260228
[2026-03-04 11:58:07] [INFO] [DATE SKIP] #CO2-44 (SHREYAA ENTERPRISES): date 20260124 before start date 20260228
[2026-03-04 11:58:07] [INFO] [DATE SKIP] #IO-1348 (SHREYAA ENTERPRISES): date 20260124 before start date 20260228
[2026-03-04 11:58:07] [INFO] [DATE SKIP] #IO-1349 (SHREYAA ENTERPRISES): date 20260124 before start date 20260228
[2026-03-04 11:58:07] [INFO] [DATE SKIP] #IO-1350 (SHREYAA ENTERPRISES): date 20260124 before start date 20260228
[2026-03-04 11:58:07] [INFO] [DATE SKIP] #IO-1351 (SHREYAA ENTERPRISES): date 20260124 before start date 20260228
[2026-03-04 11:58:07] [INFO] [DATE SKIP] #IO-1352 (SHREYAA ENTERPRISES): date 20260124 before start date 20260228
[2026-03-04 11:58:07] [INFO] [DATE SKIP] #IO-1353 (SHREYAA ENTERPRISES): date 20260124 before start date 20260228
[2026-03-04 11:58:07] [INFO] [DATE SKIP] #58 (SHREYAA ENTERPRISES): date 20260124 before start date 20260228
[2026-03-04 11:58:07] [INFO] [DATE SKIP] #IO-1354 (SHREYAA ENTERPRISES): date 20260124 before start date 20260228
[2026-03-04 11:58:07] [INFO] [DATE SKIP] #IO-1355 (SHREYAA ENTERPRISES): date 20260124 before start date 20260228
[2026-03-04 11:58:07] [INFO] [DATE SKIP] #IO-1356 (SHREYAA ENTERPRISES): date 20260124 before start date 20260228
[2026-03-04 11:58:07] [INFO] [DATE SKIP] #IO-1357 (SHREYAA ENTERPRISES): date 20260124 before start date 20260228
[2026-03-04 11:58:07] [INFO] [DATE SKIP] #IO-1358 (SHREYAA ENTERPRISES): date 20260124 before start date 20260228
[2026-03-04 11:58:07] [INFO] [DATE SKIP] #IO-1359 (SHREYAA ENTERPRISES): date 20260124 before start date 20260228
[2026-03-04 11:58:07] [INFO] [DATE SKIP] #IO-1360 (SHREYAA ENTERPRISES): date 20260124 before start date 20260228
[2026-03-04 11:58:07] [INFO] [DATE SKIP] #IO-1361 (SHREYAA ENTERPRISES): date 20260126 before start date 20260228
[2026-03-04 11:58:07] [INFO] [DATE SKIP] #IO-1362 (SHREYAA ENTERPRISES): date 20260126 before start date 20260228
[2026-03-04 11:58:07] [INFO] [DATE SKIP] #IO-1363 (SHREYAA ENTERPRISES): date 20260126 before start date 20260228
[2026-03-04 11:58:07] [INFO] [DATE SKIP] #IO-1364 (SHREYAA ENTERPRISES): date 20260126 before start date 20260228
[2026-03-04 11:58:07] [INFO] [DATE SKIP] #IO-1365 (SHREYAA ENTERPRISES): date 20260126 before start date 20260228
[2026-03-04 11:58:07] [INFO] [DATE SKIP] #IO-1366 (SHREYAA ENTERPRISES): date 20260126 before start date 20260228
[2026-03-04 11:58:07] [INFO] [DATE SKIP] #IO-1367 (SHREYAA ENTERPRISES): date 20260126 before start date 20260228
[2026-03-04 11:58:07] [INFO] [DATE SKIP] #IO-1368 (SHREYAA ENTERPRISES): date 20260126 before start date 20260228
[2026-03-04 11:58:07] [INFO] [DATE SKIP] #IO-1369 (SHREYAA ENTERPRISES): date 20260126 before start date 20260228
[2026-03-04 11:58:07] [INFO] [DATE SKIP] #IO-1370 (SHREYAA ENTERPRISES): date 20260126 before start date 20260228
[2026-03-04 11:58:07] [INFO] [DATE SKIP] #IO-1371 (SHREYAA ENTERPRISES): date 20260126 before start date 20260228
[2026-03-04 11:58:07] [INFO] [DATE SKIP] #IO-1372 (SHREYAA ENTERPRISES): date 20260126 before start date 20260228
[2026-03-04 11:58:07] [INFO] [DATE SKIP] #59 (SHREYAA ENTERPRISES): date 20260126 before start date 20260228
[2026-03-04 11:58:07] [INFO] [DATE SKIP] #IO-1373 (SHREYAA ENTERPRISES): date 20260126 before start date 20260228
[2026-03-04 11:58:07] [INFO] [DATE SKIP] #IO-1374 (SHREYAA ENTERPRISES): date 20260126 before start date 20260228
[2026-03-04 11:58:07] [INFO] [DATE SKIP] #IO-1375 (SHREYAA ENTERPRISES): date 20260126 before start date 20260228
[2026-03-04 11:58:07] [INFO] [DATE SKIP] #IO-1376 (SHREYAA ENTERPRISES): date 20260126 before start date 20260228
[2026-03-04 11:58:07] [INFO] [DATE SKIP] #IO-1377 (SHREYAA ENTERPRISES): date 20260126 before start date 20260228
[2026-03-04 11:58:07] [INFO] [DATE SKIP] #IO-1378 (SHREYAA ENTERPRISES): date 20260127 before start date 20260228
[2026-03-04 11:58:07] [INFO] [DATE SKIP] #IO-1379 (SHREYAA ENTERPRISES): date 20260127 before start date 20260228
[2026-03-04 11:58:07] [INFO] [DATE SKIP] #ARG-54 (SHREYAA ENTERPRISES): date 20260127 before start date 20260228
[2026-03-04 11:58:07] [INFO] [DATE SKIP] #IO-1380 (SHREYAA ENTERPRISES): date 20260127 before start date 20260228
[2026-03-04 11:58:07] [INFO] [DATE SKIP] #IO-1381 (SHREYAA ENTERPRISES): date 20260127 before start date 20260228
[2026-03-04 11:58:07] [INFO] [DATE SKIP] #IO-1382 (SHREYAA ENTERPRISES): date 20260127 before start date 20260228
[2026-03-04 11:58:07] [INFO] [DATE SKIP] #IO-1383 (SHREYAA ENTERPRISES): date 20260127 before start date 20260228
[2026-03-04 11:58:07] [INFO] [DATE SKIP] #IO-1384 (SHREYAA ENTERPRISES): date 20260127 before start date 20260228
[2026-03-04 11:58:07] [INFO] [DATE SKIP] #IO-1385 (SHREYAA ENTERPRISES): date 20260127 before start date 20260228
[2026-03-04 11:58:07] [INFO] [DATE SKIP] #IO-1386 (SHREYAA ENTERPRISES): date 20260127 before start date 20260228
[2026-03-04 11:58:07] [INFO] [DATE SKIP] #IO-1387 (SHREYAA ENTERPRISES): date 20260127 before start date 20260228
[2026-03-04 11:58:07] [INFO] [DATE SKIP] #IO-1388 (SHREYAA ENTERPRISES): date 20260127 before start date 20260228
[2026-03-04 11:58:07] [INFO] [DATE SKIP] #IO-1389 (SHREYAA ENTERPRISES): date 20260127 before start date 20260228
[2026-03-04 11:58:07] [INFO] [DATE SKIP] #IO-1390 (SHREYAA ENTERPRISES): date 20260127 before start date 20260228
[2026-03-04 11:58:07] [INFO] [DATE SKIP] #CO2-46 (SHREYAA ENTERPRISES): date 20260127 before start date 20260228
[2026-03-04 11:58:07] [INFO] [DATE SKIP] #IO-1391 (SHREYAA ENTERPRISES): date 20260127 before start date 20260228
[2026-03-04 11:58:07] [INFO] [DATE SKIP] #IO-1392 (SHREYAA ENTERPRISES): date 20260127 before start date 20260228
[2026-03-04 11:58:07] [INFO] [DATE SKIP] #MO-38 (SHREYAA ENTERPRISES): date 20260127 before start date 20260228
[2026-03-04 11:58:07] [INFO] [DATE SKIP] #IO-1393 (SHREYAA ENTERPRISES): date 20260128 before start date 20260228
[2026-03-04 11:58:07] [INFO] [DATE SKIP] #IO-1394 (SHREYAA ENTERPRISES): date 20260128 before start date 20260228
[2026-03-04 11:58:07] [INFO] [DATE SKIP] #IO-1395 (SHREYAA ENTERPRISES): date 20260128 before start date 20260228
[2026-03-04 11:58:07] [INFO] [DATE SKIP] #IO-1396 (SHREYAA ENTERPRISES): date 20260128 before start date 20260228
[2026-03-04 11:58:07] [INFO] [DATE SKIP] #IO-1397 (SHREYAA ENTERPRISES): date 20260128 before start date 20260228
[2026-03-04 11:58:07] [INFO] [DATE SKIP] #IO-1398 (SHREYAA ENTERPRISES): date 20260128 before start date 20260228
[2026-03-04 11:58:07] [INFO] [DATE SKIP] #60 (SHREYAA ENTERPRISES): date 20260128 before start date 20260228
[2026-03-04 11:58:07] [INFO] [DATE SKIP] #IO-1399 (SHREYAA ENTERPRISES): date 20260128 before start date 20260228
[2026-03-04 11:58:07] [INFO] [DATE SKIP] #IO-1400 (SHREYAA ENTERPRISES): date 20260128 before start date 20260228
[2026-03-04 11:58:07] [INFO] [DATE SKIP] #IO-1401 (SHREYAA ENTERPRISES): date 20260128 before start date 20260228
[2026-03-04 11:58:07] [INFO] [DATE SKIP] #IO-1402 (SHREYAA ENTERPRISES): date 20260128 before start date 20260228
[2026-03-04 11:58:07] [INFO] [DATE SKIP] #IO-1403 (SHREYAA ENTERPRISES): date 20260128 before start date 20260228
[2026-03-04 11:58:07] [INFO] [DATE SKIP] #IO-1404 (SHREYAA ENTERPRISES): date 20260128 before start date 20260228
[2026-03-04 11:58:07] [INFO] [DATE SKIP] #IO-1405 (SHREYAA ENTERPRISES): date 20260128 before start date 20260228
[2026-03-04 11:58:07] [INFO] [DATE SKIP] #61 (SHREYAA ENTERPRISES): date 20260128 before start date 20260228
[2026-03-04 11:58:07] [INFO] [DATE SKIP] #IO-1406 (SHREYAA ENTERPRISES): date 20260128 before start date 20260228
[2026-03-04 11:58:07] [INFO] [DATE SKIP] #IO-1407 (SHREYAA ENTERPRISES): date 20260128 before start date 20260228
[2026-03-04 11:58:07] [INFO] [DATE SKIP] #IO-1408 (SHREYAA ENTERPRISES): date 20260128 before start date 20260228
[2026-03-04 11:58:07] [INFO] [DATE SKIP] #IO-1409 (SHREYAA ENTERPRISES): date 20260129 before start date 20260228
[2026-03-04 11:58:07] [INFO] [DATE SKIP] #IO-1410 (SHREYAA ENTERPRISES): date 20260129 before start date 20260228
[2026-03-04 11:58:07] [INFO] [DATE SKIP] #IO-1411 (SHREYAA ENTERPRISES): date 20260129 before start date 20260228
[2026-03-04 11:58:07] [INFO] [DATE SKIP] #IO-1412 (SHREYAA ENTERPRISES): date 20260129 before start date 20260228
[2026-03-04 11:58:07] [INFO] [DATE SKIP] #IO-1413 (SHREYAA ENTERPRISES): date 20260129 before start date 20260228
[2026-03-04 11:58:07] [INFO] [DATE SKIP] #IO-1414 (SHREYAA ENTERPRISES): date 20260129 before start date 20260228
[2026-03-04 11:58:07] [INFO] [DATE SKIP] #IO-1415 (SHREYAA ENTERPRISES): date 20260129 before start date 20260228
[2026-03-04 11:58:07] [INFO] [DATE SKIP] #CO2-47 (SHREYAA ENTERPRISES): date 20260129 before start date 20260228
[2026-03-04 11:58:07] [INFO] [DATE SKIP] #CO2-48 (SHREYAA ENTERPRISES): date 20260129 before start date 20260228
[2026-03-04 11:58:07] [INFO] [DATE SKIP] #IO-1416 (SHREYAA ENTERPRISES): date 20260129 before start date 20260228
[2026-03-04 11:58:07] [INFO] [DATE SKIP] #IO-1417 (SHREYAA ENTERPRISES): date 20260129 before start date 20260228
[2026-03-04 11:58:07] [INFO] [DATE SKIP] #IO-1418 (SHREYAA ENTERPRISES): date 20260129 before start date 20260228
[2026-03-04 11:58:07] [INFO] [DATE SKIP] #IO-1419 (SHREYAA ENTERPRISES): date 20260129 before start date 20260228
[2026-03-04 11:58:07] [INFO] [DATE SKIP] #IO-1420 (SHREYAA ENTERPRISES): date 20260129 before start date 20260228
[2026-03-04 11:58:07] [INFO] [DATE SKIP] #IO-1421 (SHREYAA ENTERPRISES): date 20260129 before start date 20260228
[2026-03-04 11:58:07] [INFO] [DATE SKIP] #IO-1422 (SHREYAA ENTERPRISES): date 20260129 before start date 20260228
[2026-03-04 11:58:07] [INFO] [DATE SKIP] #IO-1423 (SHREYAA ENTERPRISES): date 20260129 before start date 20260228
[2026-03-04 11:58:07] [INFO] [DATE SKIP] #IO-1424 (SHREYAA ENTERPRISES): date 20260129 before start date 20260228
[2026-03-04 11:58:07] [INFO] [DATE SKIP] #IO-1425 (SHREYAA ENTERPRISES): date 20260129 before start date 20260228
[2026-03-04 11:58:07] [INFO] [DATE SKIP] #IO-1426 (SHREYAA ENTERPRISES): date 20260129 before start date 20260228
[2026-03-04 11:58:07] [INFO] [DATE SKIP] #6 (SHREYAA ENTERPRISES): date 20260129 before start date 20260228
[2026-03-04 11:58:07] [INFO] [DATE SKIP] #IO-1427 (SHREYAA ENTERPRISES): date 20260130 before start date 20260228
[2026-03-04 11:58:07] [INFO] [DATE SKIP] #IO-1428 (SHREYAA ENTERPRISES): date 20260130 before start date 20260228
[2026-03-04 11:58:07] [INFO] [DATE SKIP] #IO-1429 (SHREYAA ENTERPRISES): date 20260130 before start date 20260228
[2026-03-04 11:58:07] [INFO] [DATE SKIP] #IO-1430 (SHREYAA ENTERPRISES): date 20260130 before start date 20260228
[2026-03-04 11:58:07] [INFO] [DATE SKIP] #IO-1431 (SHREYAA ENTERPRISES): date 20260130 before start date 20260228
[2026-03-04 11:58:07] [INFO] [DATE SKIP] #IO-1432 (SHREYAA ENTERPRISES): date 20260130 before start date 20260228
[2026-03-04 11:58:07] [INFO] [DATE SKIP] #IO-1433 (SHREYAA ENTERPRISES): date 20260130 before start date 20260228
[2026-03-04 11:58:07] [INFO] [DATE SKIP] #IO-1434 (SHREYAA ENTERPRISES): date 20260130 before start date 20260228
[2026-03-04 11:58:07] [INFO] [DATE SKIP] #IO-1435 (SHREYAA ENTERPRISES): date 20260130 before start date 20260228
[2026-03-04 11:58:07] [INFO] [DATE SKIP] #CO2-49 (SHREYAA ENTERPRISES): date 20260130 before start date 20260228
[2026-03-04 11:58:07] [INFO] [DATE SKIP] #63 (SHREYAA ENTERPRISES): date 20260130 before start date 20260228
[2026-03-04 11:58:07] [INFO] [DATE SKIP] #IO-1436 (SHREYAA ENTERPRISES): date 20260130 before start date 20260228
[2026-03-04 11:58:07] [INFO] [DATE SKIP] #IO-1437 (SHREYAA ENTERPRISES): date 20260130 before start date 20260228
[2026-03-04 11:58:07] [INFO] [DATE SKIP] #IO-1438 (SHREYAA ENTERPRISES): date 20260130 before start date 20260228
[2026-03-04 11:58:07] [INFO] [DATE SKIP] #IO-1439 (SHREYAA ENTERPRISES): date 20260131 before start date 20260228
[2026-03-04 11:58:07] [INFO] [DATE SKIP] #IO-1440 (SHREYAA ENTERPRISES): date 20260131 before start date 20260228
[2026-03-04 11:58:07] [INFO] [DATE SKIP] #IO-1441 (SHREYAA ENTERPRISES): date 20260131 before start date 20260228
[2026-03-04 11:58:07] [INFO] [DATE SKIP] #IO-1442 (SHREYAA ENTERPRISES): date 20260131 before start date 20260228
[2026-03-04 11:58:07] [INFO] [DATE SKIP] #IO-1443 (SHREYAA ENTERPRISES): date 20260131 before start date 20260228
[2026-03-04 11:58:07] [INFO] [DATE SKIP] #IO-1444 (SHREYAA ENTERPRISES): date 20260131 before start date 20260228
[2026-03-04 11:58:07] [INFO] [DATE SKIP] #IO-1445 (SHREYAA ENTERPRISES): date 20260131 before start date 20260228
[2026-03-04 11:58:07] [INFO] [DATE SKIP] #IO-1446 (SHREYAA ENTERPRISES): date 20260131 before start date 20260228
[2026-03-04 11:58:07] [INFO] [DATE SKIP] #IO-1447 (SHREYAA ENTERPRISES): date 20260131 before start date 20260228
[2026-03-04 11:58:07] [INFO] [DATE SKIP] #IO-1448 (SHREYAA ENTERPRISES): date 20260131 before start date 20260228
[2026-03-04 11:58:07] [INFO] [DATE SKIP] #CO2-50 (SHREYAA ENTERPRISES): date 20260131 before start date 20260228
[2026-03-04 11:58:07] [INFO] [DATE SKIP] #IO-1449 (SHREYAA ENTERPRISES): date 20260131 before start date 20260228
[2026-03-04 11:58:07] [INFO] [DATE SKIP] #64 (SHREYAA ENTERPRISES): date 20260131 before start date 20260228
[2026-03-04 11:58:07] [INFO] [DATE SKIP] #IO-1450 (SHREYAA ENTERPRISES): date 20260131 before start date 20260228
[2026-03-04 11:58:07] [INFO] [DATE SKIP] #IO-1451 (SHREYAA ENTERPRISES): date 20260131 before start date 20260228
[2026-03-04 11:58:07] [INFO] [DATE SKIP] #IO-1452 (SHREYAA ENTERPRISES): date 20260131 before start date 20260228
[2026-03-04 11:58:07] [INFO] [DATE SKIP] #IO-1453 (SHREYAA ENTERPRISES): date 20260131 before start date 20260228
[2026-03-04 11:58:07] [INFO] [DATE SKIP] #IO-1454 (SHREYAA ENTERPRISES): date 20260131 before start date 20260228
[2026-03-04 11:58:07] [INFO] [DATE SKIP] #CO2-51 (SHREYAA ENTERPRISES): date 20260131 before start date 20260228
[2026-03-04 11:58:07] [INFO] [DATE SKIP] #IO-1455 (SHREYAA ENTERPRISES): date 20260131 before start date 20260228
[2026-03-04 11:58:07] [INFO] [DATE SKIP] #IO-1456 (SHREYAA ENTERPRISES): date 20260131 before start date 20260228
[2026-03-04 11:58:07] [INFO] [DATE SKIP] #IO-1457 (SHREYAA ENTERPRISES): date 20260202 before start date 20260228
[2026-03-04 11:58:07] [INFO] [DATE SKIP] #IO-1458 (SHREYAA ENTERPRISES): date 20260202 before start date 20260228
[2026-03-04 11:58:07] [INFO] [DATE SKIP] #CO2-52 (SHREYAA ENTERPRISES): date 20260202 before start date 20260228
[2026-03-04 11:58:07] [INFO] [DATE SKIP] #IO-1459 (SHREYAA ENTERPRISES): date 20260202 before start date 20260228
[2026-03-04 11:58:07] [INFO] [DATE SKIP] #IO-1460 (SHREYAA ENTERPRISES): date 20260202 before start date 20260228
[2026-03-04 11:58:07] [INFO] [DATE SKIP] #IO-1461 (SHREYAA ENTERPRISES): date 20260202 before start date 20260228
[2026-03-04 11:58:07] [INFO] [DATE SKIP] #IO-1462 (SHREYAA ENTERPRISES): date 20260202 before start date 20260228
[2026-03-04 11:58:07] [INFO] [DATE SKIP] #IO-1463 (SHREYAA ENTERPRISES): date 20260202 before start date 20260228
[2026-03-04 11:58:07] [INFO] [DATE SKIP] #IO-1464 (SHREYAA ENTERPRISES): date 20260202 before start date 20260228
[2026-03-04 11:58:07] [INFO] [DATE SKIP] #IO-1465 (SHREYAA ENTERPRISES): date 20260202 before start date 20260228
[2026-03-04 11:58:07] [INFO] [DATE SKIP] #IO-1466 (SHREYAA ENTERPRISES): date 20260202 before start date 20260228
[2026-03-04 11:58:07] [INFO] [DATE SKIP] #IO-1467 (SHREYAA ENTERPRISES): date 20260202 before start date 20260228
[2026-03-04 11:58:07] [INFO] [DATE SKIP] #IO-1468 (SHREYAA ENTERPRISES): date 20260202 before start date 20260228
[2026-03-04 11:58:07] [INFO] [DATE SKIP] #IO-1469 (SHREYAA ENTERPRISES): date 20260202 before start date 20260228
[2026-03-04 11:58:07] [INFO] [DATE SKIP] #IO-1470 (SHREYAA ENTERPRISES): date 20260202 before start date 20260228
[2026-03-04 11:58:07] [INFO] [DATE SKIP] #IO-1471 (SHREYAA ENTERPRISES): date 20260202 before start date 20260228
[2026-03-04 11:58:07] [INFO] [DATE SKIP] #IO-1472 (SHREYAA ENTERPRISES): date 20260202 before start date 20260228
[2026-03-04 11:58:07] [INFO] [DATE SKIP] #IO-1473 (SHREYAA ENTERPRISES): date 20260202 before start date 20260228
[2026-03-04 11:58:07] [INFO] [DATE SKIP] #IO-1474 (SHREYAA ENTERPRISES): date 20260202 before start date 20260228
[2026-03-04 11:58:07] [INFO] [DATE SKIP] #65 (SHREYAA ENTERPRISES): date 20260203 before start date 20260228
[2026-03-04 11:58:07] [INFO] [DATE SKIP] #IO-1475 (SHREYAA ENTERPRISES): date 20260203 before start date 20260228
[2026-03-04 11:58:07] [INFO] [DATE SKIP] #IO-1476 (SHREYAA ENTERPRISES): date 20260203 before start date 20260228
[2026-03-04 11:58:07] [INFO] [DATE SKIP] #IO-1477 (SHREYAA ENTERPRISES): date 20260203 before start date 20260228
[2026-03-04 11:58:07] [INFO] [DATE SKIP] #IO-1478 (SHREYAA ENTERPRISES): date 20260203 before start date 20260228
[2026-03-04 11:58:07] [INFO] [DATE SKIP] #IO-1479 (SHREYAA ENTERPRISES): date 20260203 before start date 20260228
[2026-03-04 11:58:07] [INFO] [DATE SKIP] #IO-1480 (SHREYAA ENTERPRISES): date 20260203 before start date 20260228
[2026-03-04 11:58:07] [INFO] [DATE SKIP] #IO-1481 (SHREYAA ENTERPRISES): date 20260203 before start date 20260228
[2026-03-04 11:58:07] [INFO] [DATE SKIP] #IO-1482 (SHREYAA ENTERPRISES): date 20260203 before start date 20260228
[2026-03-04 11:58:07] [INFO] [DATE SKIP] #IO-1483 (SHREYAA ENTERPRISES): date 20260203 before start date 20260228
[2026-03-04 11:58:07] [INFO] [DATE SKIP] #IO-1484 (SHREYAA ENTERPRISES): date 20260203 before start date 20260228
[2026-03-04 11:58:07] [INFO] [DATE SKIP] #66 (SHREYAA ENTERPRISES): date 20260203 before start date 20260228
[2026-03-04 11:58:07] [INFO] [DATE SKIP] #IO-1485 (SHREYAA ENTERPRISES): date 20260203 before start date 20260228
[2026-03-04 11:58:07] [INFO] [DATE SKIP] #IO-1486 (SHREYAA ENTERPRISES): date 20260203 before start date 20260228
[2026-03-04 11:58:07] [INFO] [DATE SKIP] #7 (SHREYAA ENTERPRISES): date 20260203 before start date 20260228
[2026-03-04 11:58:07] [INFO] [DATE SKIP] #IO-1487 (SHREYAA ENTERPRISES): date 20260204 before start date 20260228
[2026-03-04 11:58:07] [INFO] [DATE SKIP] #IO-1488 (SHREYAA ENTERPRISES): date 20260204 before start date 20260228
[2026-03-04 11:58:07] [INFO] [DATE SKIP] #IO-1490 (SHREYAA ENTERPRISES): date 20260204 before start date 20260228
[2026-03-04 11:58:07] [INFO] [DATE SKIP] #IO-1491 (SHREYAA ENTERPRISES): date 20260204 before start date 20260228
[2026-03-04 11:58:07] [INFO] [DATE SKIP] #IO-1492 (SHREYAA ENTERPRISES): date 20260204 before start date 20260228
[2026-03-04 11:58:07] [INFO] [DATE SKIP] #IO-1493 (SHREYAA ENTERPRISES): date 20260204 before start date 20260228
[2026-03-04 11:58:07] [INFO] [DATE SKIP] #L2N-8 (SHREYAA ENTERPRISES): date 20260204 before start date 20260228
[2026-03-04 11:58:07] [INFO] [DATE SKIP] #IO-1494 (SHREYAA ENTERPRISES): date 20260204 before start date 20260228
[2026-03-04 11:58:07] [INFO] [DATE SKIP] #IO-1495 (SHREYAA ENTERPRISES): date 20260204 before start date 20260228
[2026-03-04 11:58:07] [INFO] [DATE SKIP] #8 (SHREYAA ENTERPRISES): date 20260204 before start date 20260228
[2026-03-04 11:58:07] [INFO] [DATE SKIP] #IO-1496 (SHREYAA ENTERPRISES): date 20260205 before start date 20260228
[2026-03-04 11:58:07] [INFO] [DATE SKIP] #IO-1497 (SHREYAA ENTERPRISES): date 20260205 before start date 20260228
[2026-03-04 11:58:07] [INFO] [DATE SKIP] #IO-1498 (SHREYAA ENTERPRISES): date 20260205 before start date 20260228
[2026-03-04 11:58:07] [INFO] [DATE SKIP] #MO-41 (SHREYAA ENTERPRISES): date 20260205 before start date 20260228
[2026-03-04 11:58:07] [INFO] [DATE SKIP] #IO-1499 (SHREYAA ENTERPRISES): date 20260205 before start date 20260228
[2026-03-04 11:58:07] [INFO] [DATE SKIP] #IO-1500 (SHREYAA ENTERPRISES): date 20260205 before start date 20260228
[2026-03-04 11:58:07] [INFO] [DATE SKIP] #IO-1501 (SHREYAA ENTERPRISES): date 20260205 before start date 20260228
[2026-03-04 11:58:07] [INFO] [DATE SKIP] #IO-1502 (SHREYAA ENTERPRISES): date 20260205 before start date 20260228
[2026-03-04 11:58:07] [INFO] [DATE SKIP] #IO-1503 (SHREYAA ENTERPRISES): date 20260205 before start date 20260228
[2026-03-04 11:58:07] [INFO] [DATE SKIP] #IO-1504 (SHREYAA ENTERPRISES): date 20260205 before start date 20260228
[2026-03-04 11:58:07] [INFO] [DATE SKIP] #IO-1505 (SHREYAA ENTERPRISES): date 20260205 before start date 20260228
[2026-03-04 11:58:07] [INFO] [DATE SKIP] #IO-1506 (SHREYAA ENTERPRISES): date 20260205 before start date 20260228
[2026-03-04 11:58:07] [INFO] [DATE SKIP] #9 (SHREYAA ENTERPRISES): date 20260205 before start date 20260228
[2026-03-04 11:58:07] [INFO] [DATE SKIP] #IO-1507 (SHREYAA ENTERPRISES): date 20260206 before start date 20260228
[2026-03-04 11:58:07] [INFO] [DATE SKIP] #IO-1508 (SHREYAA ENTERPRISES): date 20260206 before start date 20260228
[2026-03-04 11:58:07] [INFO] [DATE SKIP] #IO-1509 (SHREYAA ENTERPRISES): date 20260206 before start date 20260228
[2026-03-04 11:58:07] [INFO] [DATE SKIP] #IO-1510 (SHREYAA ENTERPRISES): date 20260206 before start date 20260228
[2026-03-04 11:58:07] [INFO] [DATE SKIP] #IO-1511 (SHREYAA ENTERPRISES): date 20260206 before start date 20260228
[2026-03-04 11:58:07] [INFO] [DATE SKIP] #IO-1512 (SHREYAA ENTERPRISES): date 20260206 before start date 20260228
[2026-03-04 11:58:07] [INFO] [DATE SKIP] #IO-1513 (SHREYAA ENTERPRISES): date 20260206 before start date 20260228
[2026-03-04 11:58:07] [INFO] [DATE SKIP] #IO-1514 (SHREYAA ENTERPRISES): date 20260206 before start date 20260228
[2026-03-04 11:58:07] [INFO] [DATE SKIP] #IO-1515 (SHREYAA ENTERPRISES): date 20260206 before start date 20260228
[2026-03-04 11:58:07] [INFO] [DATE SKIP] #IO-1516 (SHREYAA ENTERPRISES): date 20260206 before start date 20260228
[2026-03-04 11:58:07] [INFO] [DATE SKIP] #MO-42 (SHREYAA ENTERPRISES): date 20260206 before start date 20260228
[2026-03-04 11:58:07] [INFO] [DATE SKIP] #IO-1517 (SHREYAA ENTERPRISES): date 20260206 before start date 20260228
[2026-03-04 11:58:07] [INFO] [DATE SKIP] #IO-1518 (SHREYAA ENTERPRISES): date 20260206 before start date 20260228
[2026-03-04 11:58:07] [INFO] [DATE SKIP] #IO-1519 (SHREYAA ENTERPRISES): date 20260206 before start date 20260228
[2026-03-04 11:58:07] [INFO] [DATE SKIP] #IO-1520 (SHREYAA ENTERPRISES): date 20260206 before start date 20260228
[2026-03-04 11:58:07] [INFO] [DATE SKIP] #IO-1521 (SHREYAA ENTERPRISES): date 20260206 before start date 20260228
[2026-03-04 11:58:07] [INFO] [DATE SKIP] #IO-1522 (SHREYAA ENTERPRISES): date 20260206 before start date 20260228
[2026-03-04 11:58:07] [INFO] [DATE SKIP] #IO-1523 (SHREYAA ENTERPRISES): date 20260206 before start date 20260228
[2026-03-04 11:58:07] [INFO] [DATE SKIP] #IO-1524 (SHREYAA ENTERPRISES): date 20260206 before start date 20260228
[2026-03-04 11:58:07] [INFO] [DATE SKIP] #IO-1525 (SHREYAA ENTERPRISES): date 20260207 before start date 20260228
[2026-03-04 11:58:07] [INFO] [DATE SKIP] #IO-1526 (SHREYAA ENTERPRISES): date 20260207 before start date 20260228
[2026-03-04 11:58:07] [INFO] [DATE SKIP] #IO-1527 (SHREYAA ENTERPRISES): date 20260207 before start date 20260228
[2026-03-04 11:58:07] [INFO] [DATE SKIP] #IO-1528 (SHREYAA ENTERPRISES): date 20260207 before start date 20260228
[2026-03-04 11:58:07] [INFO] [DATE SKIP] #IO-1529 (SHREYAA ENTERPRISES): date 20260207 before start date 20260228
[2026-03-04 11:58:07] [INFO] [DATE SKIP] #IO-1530 (SHREYAA ENTERPRISES): date 20260207 before start date 20260228
[2026-03-04 11:58:07] [INFO] [DATE SKIP] #IO-1531 (SHREYAA ENTERPRISES): date 20260207 before start date 20260228
[2026-03-04 11:58:07] [INFO] [DATE SKIP] #IO-1532 (SHREYAA ENTERPRISES): date 20260207 before start date 20260228
[2026-03-04 11:58:07] [INFO] [DATE SKIP] #IO-1533 (SHREYAA ENTERPRISES): date 20260207 before start date 20260228
[2026-03-04 11:58:07] [INFO] [DATE SKIP] #IO-1534 (SHREYAA ENTERPRISES): date 20260207 before start date 20260228
[2026-03-04 11:58:07] [INFO] [DATE SKIP] #IO-1535 (SHREYAA ENTERPRISES): date 20260207 before start date 20260228
[2026-03-04 11:58:07] [INFO] [DATE SKIP] #67 (SHREYAA ENTERPRISES): date 20260207 before start date 20260228
[2026-03-04 11:58:07] [INFO] [DATE SKIP] #MO-43 (SHREYAA ENTERPRISES): date 20260207 before start date 20260228
[2026-03-04 11:58:07] [INFO] [DATE SKIP] #IO-1537 (SHREYAA ENTERPRISES): date 20260207 before start date 20260228
[2026-03-04 11:58:07] [INFO] [DATE SKIP] #CO2-53 (SHREYAA ENTERPRISES): date 20260207 before start date 20260228
[2026-03-04 11:58:07] [INFO] [DATE SKIP] #IO-1538 (SHREYAA ENTERPRISES): date 20260208 before start date 20260228
[2026-03-04 11:58:07] [INFO] [DATE SKIP] #ARG-55 (SHREYAA ENTERPRISES): date 20260209 before start date 20260228
[2026-03-04 11:58:07] [INFO] [DATE SKIP] #ARG-56 (SHREYAA ENTERPRISES): date 20260209 before start date 20260228
[2026-03-04 11:58:07] [INFO] [DATE SKIP] #IO-1539 (SHREYAA ENTERPRISES): date 20260209 before start date 20260228
[2026-03-04 11:58:07] [INFO] [DATE SKIP] #IO-1540 (SHREYAA ENTERPRISES): date 20260209 before start date 20260228
[2026-03-04 11:58:07] [INFO] [DATE SKIP] #IO-1541 (SHREYAA ENTERPRISES): date 20260209 before start date 20260228
[2026-03-04 11:58:07] [INFO] [DATE SKIP] #IO-1542 (SHREYAA ENTERPRISES): date 20260209 before start date 20260228
[2026-03-04 11:58:07] [INFO] [DATE SKIP] #IO-1543 (SHREYAA ENTERPRISES): date 20260209 before start date 20260228
[2026-03-04 11:58:07] [INFO] [DATE SKIP] #IO-1544 (SHREYAA ENTERPRISES): date 20260209 before start date 20260228
[2026-03-04 11:58:07] [INFO] [DATE SKIP] #IO-1545 (SHREYAA ENTERPRISES): date 20260209 before start date 20260228
[2026-03-04 11:58:07] [INFO] [DATE SKIP] #IO-1546 (SHREYAA ENTERPRISES): date 20260209 before start date 20260228
[2026-03-04 11:58:07] [INFO] [DATE SKIP] #IO-1547 (SHREYAA ENTERPRISES): date 20260209 before start date 20260228
[2026-03-04 11:58:07] [INFO] [DATE SKIP] #IO-1548 (SHREYAA ENTERPRISES): date 20260209 before start date 20260228
[2026-03-04 11:58:07] [INFO] [DATE SKIP] #IO-1549 (SHREYAA ENTERPRISES): date 20260209 before start date 20260228
[2026-03-04 11:58:07] [INFO] [DATE SKIP] #IO-1550 (SHREYAA ENTERPRISES): date 20260209 before start date 20260228
[2026-03-04 11:58:07] [INFO] [DATE SKIP] #IO-1551 (SHREYAA ENTERPRISES): date 20260209 before start date 20260228
[2026-03-04 11:58:07] [INFO] [DATE SKIP] #IO-1552 (SHREYAA ENTERPRISES): date 20260209 before start date 20260228
[2026-03-04 11:58:07] [INFO] [DATE SKIP] #IO-1553 (SHREYAA ENTERPRISES): date 20260210 before start date 20260228
[2026-03-04 11:58:07] [INFO] [DATE SKIP] #IO-1554 (SHREYAA ENTERPRISES): date 20260210 before start date 20260228
[2026-03-04 11:58:07] [INFO] [DATE SKIP] #IO-1555 (SHREYAA ENTERPRISES): date 20260210 before start date 20260228
[2026-03-04 11:58:07] [INFO] [DATE SKIP] #IO-1556 (SHREYAA ENTERPRISES): date 20260210 before start date 20260228
[2026-03-04 11:58:07] [INFO] [DATE SKIP] #IO-1557 (SHREYAA ENTERPRISES): date 20260210 before start date 20260228
[2026-03-04 11:58:07] [INFO] [DATE SKIP] #CO2-54 (SHREYAA ENTERPRISES): date 20260210 before start date 20260228
[2026-03-04 11:58:07] [INFO] [DATE SKIP] #IO-1558 (SHREYAA ENTERPRISES): date 20260210 before start date 20260228
[2026-03-04 11:58:07] [INFO] [DATE SKIP] #IO-1559 (SHREYAA ENTERPRISES): date 20260210 before start date 20260228
[2026-03-04 11:58:07] [INFO] [DATE SKIP] #IO-1560 (SHREYAA ENTERPRISES): date 20260210 before start date 20260228
[2026-03-04 11:58:07] [INFO] [DATE SKIP] #IO-1561 (SHREYAA ENTERPRISES): date 20260210 before start date 20260228
[2026-03-04 11:58:07] [INFO] [DATE SKIP] #IO-1562 (SHREYAA ENTERPRISES): date 20260210 before start date 20260228
[2026-03-04 11:58:07] [INFO] [DATE SKIP] #68 (SHREYAA ENTERPRISES): date 20260210 before start date 20260228
[2026-03-04 11:58:07] [INFO] [DATE SKIP] #IO-1563 (SHREYAA ENTERPRISES): date 20260210 before start date 20260228
[2026-03-04 11:58:07] [INFO] [DATE SKIP] #IO-1564 (SHREYAA ENTERPRISES): date 20260210 before start date 20260228
[2026-03-04 11:58:07] [INFO] [DATE SKIP] #IO-1565 (SHREYAA ENTERPRISES): date 20260210 before start date 20260228
[2026-03-04 11:58:07] [INFO] [DATE SKIP] #IO-1566 (SHREYAA ENTERPRISES): date 20260210 before start date 20260228
[2026-03-04 11:58:07] [INFO] [DATE SKIP] #IO-1567 (SHREYAA ENTERPRISES): date 20260210 before start date 20260228
[2026-03-04 11:58:07] [INFO] [DATE SKIP] #IO-1568 (SHREYAA ENTERPRISES): date 20260210 before start date 20260228
[2026-03-04 11:58:07] [INFO] [DATE SKIP] #IO-1569 (SHREYAA ENTERPRISES): date 20260210 before start date 20260228
[2026-03-04 11:58:07] [INFO] [DATE SKIP] #IO-1570 (SHREYAA ENTERPRISES): date 20260210 before start date 20260228
[2026-03-04 11:58:07] [INFO] [DATE SKIP] #IO-1571 (SHREYAA ENTERPRISES): date 20260210 before start date 20260228
[2026-03-04 11:58:07] [INFO] [DATE SKIP] #IO-1572 (SHREYAA ENTERPRISES): date 20260210 before start date 20260228
[2026-03-04 11:58:07] [INFO] [DATE SKIP] #IO-1573 (SHREYAA ENTERPRISES): date 20260211 before start date 20260228
[2026-03-04 11:58:07] [INFO] [DATE SKIP] #IO-1574 (SHREYAA ENTERPRISES): date 20260211 before start date 20260228
[2026-03-04 11:58:07] [INFO] [DATE SKIP] #IO-1575 (SHREYAA ENTERPRISES): date 20260211 before start date 20260228
[2026-03-04 11:58:07] [INFO] [DATE SKIP] #IO-1576 (SHREYAA ENTERPRISES): date 20260211 before start date 20260228
[2026-03-04 11:58:07] [INFO] [DATE SKIP] #IO-1577 (SHREYAA ENTERPRISES): date 20260211 before start date 20260228
[2026-03-04 11:58:07] [INFO] [DATE SKIP] #IO-1578 (SHREYAA ENTERPRISES): date 20260211 before start date 20260228
[2026-03-04 11:58:07] [INFO] [DATE SKIP] #IO-1579 (SHREYAA ENTERPRISES): date 20260211 before start date 20260228
[2026-03-04 11:58:07] [INFO] [DATE SKIP] #IO-1580 (SHREYAA ENTERPRISES): date 20260211 before start date 20260228
[2026-03-04 11:58:07] [INFO] [DATE SKIP] #IO-1581 (SHREYAA ENTERPRISES): date 20260211 before start date 20260228
[2026-03-04 11:58:07] [INFO] [DATE SKIP] #69 (SHREYAA ENTERPRISES): date 20260211 before start date 20260228
[2026-03-04 11:58:07] [INFO] [DATE SKIP] #IO-1582 (SHREYAA ENTERPRISES): date 20260211 before start date 20260228
[2026-03-04 11:58:07] [INFO] [DATE SKIP] #IO-1583 (SHREYAA ENTERPRISES): date 20260211 before start date 20260228
[2026-03-04 11:58:07] [INFO] [DATE SKIP] #IO-1584 (SHREYAA ENTERPRISES): date 20260211 before start date 20260228
[2026-03-04 11:58:07] [INFO] [DATE SKIP] #IO-1585 (SHREYAA ENTERPRISES): date 20260212 before start date 20260228
[2026-03-04 11:58:07] [INFO] [DATE SKIP] #IO-1586 (SHREYAA ENTERPRISES): date 20260212 before start date 20260228
[2026-03-04 11:58:07] [INFO] [DATE SKIP] #IO-1587 (SHREYAA ENTERPRISES): date 20260212 before start date 20260228
[2026-03-04 11:58:07] [INFO] [DATE SKIP] #IO-1588 (SHREYAA ENTERPRISES): date 20260212 before start date 20260228
[2026-03-04 11:58:07] [INFO] [DATE SKIP] #IO-1589 (SHREYAA ENTERPRISES): date 20260212 before start date 20260228
[2026-03-04 11:58:07] [INFO] [DATE SKIP] #IO-1590 (SHREYAA ENTERPRISES): date 20260212 before start date 20260228
[2026-03-04 11:58:07] [INFO] [DATE SKIP] #IO-1591 (SHREYAA ENTERPRISES): date 20260212 before start date 20260228
[2026-03-04 11:58:07] [INFO] [DATE SKIP] #IO-1592 (SHREYAA ENTERPRISES): date 20260212 before start date 20260228
[2026-03-04 11:58:07] [INFO] [DATE SKIP] #IO-1593 (SHREYAA ENTERPRISES): date 20260212 before start date 20260228
[2026-03-04 11:58:07] [INFO] [DATE SKIP] #IO-1594 (SHREYAA ENTERPRISES): date 20260212 before start date 20260228
[2026-03-04 11:58:07] [INFO] [DATE SKIP] #IO-1595 (SHREYAA ENTERPRISES): date 20260213 before start date 20260228
[2026-03-04 11:58:07] [INFO] [DATE SKIP] #IO-1596 (SHREYAA ENTERPRISES): date 20260213 before start date 20260228
[2026-03-04 11:58:07] [INFO] [DATE SKIP] #IO-1597 (SHREYAA ENTERPRISES): date 20260213 before start date 20260228
[2026-03-04 11:58:07] [INFO] [DATE SKIP] #IO-1598 (SHREYAA ENTERPRISES): date 20260213 before start date 20260228
[2026-03-04 11:58:07] [INFO] [DATE SKIP] #IO-1599 (SHREYAA ENTERPRISES): date 20260213 before start date 20260228
[2026-03-04 11:58:07] [INFO] [DATE SKIP] #IO-1600 (SHREYAA ENTERPRISES): date 20260213 before start date 20260228
[2026-03-04 11:58:07] [INFO] [DATE SKIP] #LPG-10 (SHREYAA ENTERPRISES): date 20260213 before start date 20260228
[2026-03-04 11:58:07] [INFO] [DATE SKIP] #IO-1601 (SHREYAA ENTERPRISES): date 20260213 before start date 20260228
[2026-03-04 11:58:07] [INFO] [DATE SKIP] #IO-1602 (SHREYAA ENTERPRISES): date 20260213 before start date 20260228
[2026-03-04 11:58:07] [INFO] [DATE SKIP] #IO-1603 (SHREYAA ENTERPRISES): date 20260213 before start date 20260228
[2026-03-04 11:58:07] [INFO] [DATE SKIP] #IO-1604 (SHREYAA ENTERPRISES): date 20260213 before start date 20260228
[2026-03-04 11:58:07] [INFO] [DATE SKIP] #IO-1605 (SHREYAA ENTERPRISES): date 20260213 before start date 20260228
[2026-03-04 11:58:07] [INFO] [DATE SKIP] #CO2-55 (SHREYAA ENTERPRISES): date 20260213 before start date 20260228
[2026-03-04 11:58:07] [INFO] [DATE SKIP] #IO-1606 (SHREYAA ENTERPRISES): date 20260213 before start date 20260228
[2026-03-04 11:58:07] [INFO] [DATE SKIP] #IO-1607 (SHREYAA ENTERPRISES): date 20260213 before start date 20260228
[2026-03-04 11:58:07] [INFO] [DATE SKIP] #IO-1608 (SHREYAA ENTERPRISES): date 20260213 before start date 20260228
[2026-03-04 11:58:07] [INFO] [DATE SKIP] #70 (SHREYAA ENTERPRISES): date 20260213 before start date 20260228
[2026-03-04 11:58:07] [INFO] [DATE SKIP] #IO-1609 (SHREYAA ENTERPRISES): date 20260213 before start date 20260228
[2026-03-04 11:58:07] [INFO] [DATE SKIP] #71 (SHREYAA ENTERPRISES): date 20260213 before start date 20260228
[2026-03-04 11:58:07] [INFO] [DATE SKIP] #IO-1610 (SHREYAA ENTERPRISES): date 20260213 before start date 20260228
[2026-03-04 11:58:07] [INFO] [DATE SKIP] #IO-1611 (SHREYAA ENTERPRISES): date 20260213 before start date 20260228
[2026-03-04 11:58:07] [INFO] [DATE SKIP] #IO-1612 (SHREYAA ENTERPRISES): date 20260214 before start date 20260228
[2026-03-04 11:58:07] [INFO] [DATE SKIP] #IO-1613 (SHREYAA ENTERPRISES): date 20260214 before start date 20260228
[2026-03-04 11:58:07] [INFO] [DATE SKIP] #CO2-56 (SHREYAA ENTERPRISES): date 20260214 before start date 20260228
[2026-03-04 11:58:07] [INFO] [DATE SKIP] #CO2-57 (SHREYAA ENTERPRISES): date 20260214 before start date 20260228
[2026-03-04 11:58:07] [INFO] [DATE SKIP] #ARG-57 (SHREYAA ENTERPRISES): date 20260214 before start date 20260228
[2026-03-04 11:58:07] [INFO] [DATE SKIP] #IO-1614 (SHREYAA ENTERPRISES): date 20260214 before start date 20260228
[2026-03-04 11:58:07] [INFO] [DATE SKIP] #IO-1615 (SHREYAA ENTERPRISES): date 20260214 before start date 20260228
[2026-03-04 11:58:07] [INFO] [DATE SKIP] #IO-1616 (SHREYAA ENTERPRISES): date 20260214 before start date 20260228
[2026-03-04 11:58:07] [INFO] [DATE SKIP] #IO-1617 (SHREYAA ENTERPRISES): date 20260214 before start date 20260228
[2026-03-04 11:58:07] [INFO] [DATE SKIP] #IO-1618 (SHREYAA ENTERPRISES): date 20260214 before start date 20260228
[2026-03-04 11:58:07] [INFO] [DATE SKIP] #IO-1619 (SHREYAA ENTERPRISES): date 20260214 before start date 20260228
[2026-03-04 11:58:07] [INFO] [DATE SKIP] #72 (SHREYAA ENTERPRISES): date 20260214 before start date 20260228
[2026-03-04 11:58:07] [INFO] [DATE SKIP] #IO-1620 (SHREYAA ENTERPRISES): date 20260214 before start date 20260228
[2026-03-04 11:58:07] [INFO] [DATE SKIP] #IO-1621 (SHREYAA ENTERPRISES): date 20260214 before start date 20260228
[2026-03-04 11:58:07] [INFO] [DATE SKIP] #IO-1622 (SHREYAA ENTERPRISES): date 20260214 before start date 20260228
[2026-03-04 11:58:07] [INFO] [DATE SKIP] #IO-1623 (SHREYAA ENTERPRISES): date 20260214 before start date 20260228
[2026-03-04 11:58:07] [INFO] [DATE SKIP] #IO-1624 (SHREYAA ENTERPRISES): date 20260214 before start date 20260228
[2026-03-04 11:58:07] [INFO] [DATE SKIP] #CO2-58 (SHREYAA ENTERPRISES): date 20260214 before start date 20260228
[2026-03-04 11:58:07] [INFO] [DATE SKIP] #IO-1625 (SHREYAA ENTERPRISES): date 20260215 before start date 20260228
[2026-03-04 11:58:07] [INFO] [DATE SKIP] #IO-1626 (SHREYAA ENTERPRISES): date 20260216 before start date 20260228
[2026-03-04 11:58:07] [INFO] [DATE SKIP] #CO2-59 (SHREYAA ENTERPRISES): date 20260216 before start date 20260228
[2026-03-04 11:58:07] [INFO] [DATE SKIP] #IO-1627 (SHREYAA ENTERPRISES): date 20260216 before start date 20260228
[2026-03-04 11:58:07] [INFO] [DATE SKIP] #IO-1628 (SHREYAA ENTERPRISES): date 20260216 before start date 20260228
[2026-03-04 11:58:07] [INFO] [DATE SKIP] #IO-1629 (SHREYAA ENTERPRISES): date 20260216 before start date 20260228
[2026-03-04 11:58:07] [INFO] [DATE SKIP] #IO-1630 (SHREYAA ENTERPRISES): date 20260216 before start date 20260228
[2026-03-04 11:58:07] [INFO] [DATE SKIP] #IO-1631 (SHREYAA ENTERPRISES): date 20260216 before start date 20260228
[2026-03-04 11:58:07] [INFO] [DATE SKIP] #IO-1632 (SHREYAA ENTERPRISES): date 20260216 before start date 20260228
[2026-03-04 11:58:07] [INFO] [DATE SKIP] #ARG-58 (SHREYAA ENTERPRISES): date 20260216 before start date 20260228
[2026-03-04 11:58:07] [INFO] [DATE SKIP] #IO-1633 (SHREYAA ENTERPRISES): date 20260216 before start date 20260228
[2026-03-04 11:58:07] [INFO] [DATE SKIP] #MO-44 (SHREYAA ENTERPRISES): date 20260216 before start date 20260228
[2026-03-04 11:58:07] [INFO] [DATE SKIP] #IO-1634 (SHREYAA ENTERPRISES): date 20260216 before start date 20260228
[2026-03-04 11:58:07] [INFO] [DATE SKIP] #IO-1635 (SHREYAA ENTERPRISES): date 20260216 before start date 20260228
[2026-03-04 11:58:07] [INFO] [DATE SKIP] #IO-1636 (SHREYAA ENTERPRISES): date 20260216 before start date 20260228
[2026-03-04 11:58:07] [INFO] [DATE SKIP] #IO-1637 (SHREYAA ENTERPRISES): date 20260216 before start date 20260228
[2026-03-04 11:58:07] [INFO] [DATE SKIP] #IO-1643 (SHREYAA ENTERPRISES): date 20260217 before start date 20260228
[2026-03-04 11:58:07] [INFO] [DATE SKIP] #IO-1638 (SHREYAA ENTERPRISES): date 20260217 before start date 20260228
[2026-03-04 11:58:07] [INFO] [DATE SKIP] #IO-1639 (SHREYAA ENTERPRISES): date 20260217 before start date 20260228
[2026-03-04 11:58:07] [INFO] [DATE SKIP] #IO-1640 (SHREYAA ENTERPRISES): date 20260217 before start date 20260228
[2026-03-04 11:58:07] [INFO] [DATE SKIP] #IO-1641 (SHREYAA ENTERPRISES): date 20260217 before start date 20260228
[2026-03-04 11:58:07] [INFO] [DATE SKIP] #ARG-59 (SHREYAA ENTERPRISES): date 20260217 before start date 20260228
[2026-03-04 11:58:07] [INFO] [DATE SKIP] #ARG-60 (SHREYAA ENTERPRISES): date 20260217 before start date 20260228
[2026-03-04 11:58:07] [INFO] [DATE SKIP] #IO-1642 (SHREYAA ENTERPRISES): date 20260217 before start date 20260228
[2026-03-04 11:58:07] [INFO] [DATE SKIP] #IO-1644 (SHREYAA ENTERPRISES): date 20260217 before start date 20260228
[2026-03-04 11:58:07] [INFO] [DATE SKIP] #IO-1645 (SHREYAA ENTERPRISES): date 20260217 before start date 20260228
[2026-03-04 11:58:07] [INFO] [DATE SKIP] #IO-1646 (SHREYAA ENTERPRISES): date 20260217 before start date 20260228
[2026-03-04 11:58:07] [INFO] [DATE SKIP] #74 (SHREYAA ENTERPRISES): date 20260217 before start date 20260228
[2026-03-04 11:58:07] [INFO] [DATE SKIP] #IO-1647 (SHREYAA ENTERPRISES): date 20260217 before start date 20260228
[2026-03-04 11:58:07] [INFO] [DATE SKIP] #IO-1648 (SHREYAA ENTERPRISES): date 20260218 before start date 20260228
[2026-03-04 11:58:07] [INFO] [DATE SKIP] #IO-1649 (SHREYAA ENTERPRISES): date 20260218 before start date 20260228
[2026-03-04 11:58:07] [INFO] [DATE SKIP] #IO-1650 (SHREYAA ENTERPRISES): date 20260218 before start date 20260228
[2026-03-04 11:58:07] [INFO] [DATE SKIP] #IO-1651 (SHREYAA ENTERPRISES): date 20260218 before start date 20260228
[2026-03-04 11:58:07] [INFO] [DATE SKIP] #IO-1652 (SHREYAA ENTERPRISES): date 20260218 before start date 20260228
[2026-03-04 11:58:07] [INFO] [DATE SKIP] #IO-1653 (SHREYAA ENTERPRISES): date 20260218 before start date 20260228
[2026-03-04 11:58:07] [INFO] [DATE SKIP] #IO-1654 (SHREYAA ENTERPRISES): date 20260218 before start date 20260228
[2026-03-04 11:58:07] [INFO] [DATE SKIP] #IO-1655 (SHREYAA ENTERPRISES): date 20260218 before start date 20260228
[2026-03-04 11:58:07] [INFO] [DATE SKIP] #IO-1656 (SHREYAA ENTERPRISES): date 20260218 before start date 20260228
[2026-03-04 11:58:07] [INFO] [DATE SKIP] #8 (SHREYAA ENTERPRISES): date 20260218 before start date 20260228
[2026-03-04 11:58:07] [INFO] [DATE SKIP] #IO-1657 (SHREYAA ENTERPRISES): date 20260218 before start date 20260228
[2026-03-04 11:58:07] [INFO] [DATE SKIP] #75 (SHREYAA ENTERPRISES): date 20260218 before start date 20260228
[2026-03-04 11:58:07] [INFO] [DATE SKIP] #MO-45 (SHREYAA ENTERPRISES): date 20260218 before start date 20260228
[2026-03-04 11:58:07] [INFO] [DATE SKIP] #IO-1658 (SHREYAA ENTERPRISES): date 20260219 before start date 20260228
[2026-03-04 11:58:07] [INFO] [DATE SKIP] #IO-1659 (SHREYAA ENTERPRISES): date 20260219 before start date 20260228
[2026-03-04 11:58:07] [INFO] [DATE SKIP] #CO2-60 (SHREYAA ENTERPRISES): date 20260219 before start date 20260228
[2026-03-04 11:58:07] [INFO] [DATE SKIP] #IO-1660 (SHREYAA ENTERPRISES): date 20260219 before start date 20260228
[2026-03-04 11:58:07] [INFO] [DATE SKIP] #IO-1661 (SHREYAA ENTERPRISES): date 20260219 before start date 20260228
[2026-03-04 11:58:07] [INFO] [DATE SKIP] #ARG-61 (SHREYAA ENTERPRISES): date 20260219 before start date 20260228
[2026-03-04 11:58:07] [INFO] [DATE SKIP] #ARG-62 (SHREYAA ENTERPRISES): date 20260219 before start date 20260228
[2026-03-04 11:58:07] [INFO] [DATE SKIP] #IO-1662 (SHREYAA ENTERPRISES): date 20260219 before start date 20260228
[2026-03-04 11:58:07] [INFO] [DATE SKIP] #IO-1663 (SHREYAA ENTERPRISES): date 20260219 before start date 20260228
[2026-03-04 11:58:07] [INFO] [DATE SKIP] #IO-1664 (SHREYAA ENTERPRISES): date 20260219 before start date 20260228
[2026-03-04 11:58:07] [INFO] [DATE SKIP] #IO-1665 (SHREYAA ENTERPRISES): date 20260219 before start date 20260228
[2026-03-04 11:58:07] [INFO] [DATE SKIP] #IO-1666 (SHREYAA ENTERPRISES): date 20260219 before start date 20260228
[2026-03-04 11:58:07] [INFO] [DATE SKIP] #IO-1667 (SHREYAA ENTERPRISES): date 20260219 before start date 20260228
[2026-03-04 11:58:07] [INFO] [DATE SKIP] #IO-1668 (SHREYAA ENTERPRISES): date 20260219 before start date 20260228
[2026-03-04 11:58:07] [INFO] [DATE SKIP] #76 (SHREYAA ENTERPRISES): date 20260219 before start date 20260228
[2026-03-04 11:58:07] [INFO] [DATE SKIP] #IO-1669 (SHREYAA ENTERPRISES): date 20260219 before start date 20260228
[2026-03-04 11:58:07] [INFO] [DATE SKIP] #77 (SHREYAA ENTERPRISES): date 20260219 before start date 20260228
[2026-03-04 11:58:07] [INFO] [DATE SKIP] #IO-1670 (SHREYAA ENTERPRISES): date 20260219 before start date 20260228
[2026-03-04 11:58:07] [INFO] [DATE SKIP] #IO-1671 (SHREYAA ENTERPRISES): date 20260219 before start date 20260228
[2026-03-04 11:58:07] [INFO] [DATE SKIP] #IO-1672 (SHREYAA ENTERPRISES): date 20260219 before start date 20260228
[2026-03-04 11:58:07] [INFO] [DATE SKIP] #78 (SHREYAA ENTERPRISES): date 20260219 before start date 20260228
[2026-03-04 11:58:07] [INFO] [DATE SKIP] #79 (SHREYAA ENTERPRISES): date 20260219 before start date 20260228
[2026-03-04 11:58:07] [INFO] [DATE SKIP] #IO-1673 (SHREYAA ENTERPRISES): date 20260220 before start date 20260228
[2026-03-04 11:58:07] [INFO] [DATE SKIP] #IO-1674 (SHREYAA ENTERPRISES): date 20260220 before start date 20260228
[2026-03-04 11:58:07] [INFO] [DATE SKIP] #IO-1675 (SHREYAA ENTERPRISES): date 20260220 before start date 20260228
[2026-03-04 11:58:07] [INFO] [DATE SKIP] #IO-1676 (SHREYAA ENTERPRISES): date 20260220 before start date 20260228
[2026-03-04 11:58:07] [INFO] [DATE SKIP] #IO-1677 (SHREYAA ENTERPRISES): date 20260220 before start date 20260228
[2026-03-04 11:58:07] [INFO] [DATE SKIP] #IO-1678 (SHREYAA ENTERPRISES): date 20260220 before start date 20260228
[2026-03-04 11:58:07] [INFO] [DATE SKIP] #IO-1679 (SHREYAA ENTERPRISES): date 20260220 before start date 20260228
[2026-03-04 11:58:07] [INFO] [DATE SKIP] #IO-1680 (SHREYAA ENTERPRISES): date 20260220 before start date 20260228
[2026-03-04 11:58:07] [INFO] [DATE SKIP] #80 (SHREYAA ENTERPRISES): date 20260220 before start date 20260228
[2026-03-04 11:58:07] [INFO] [DATE SKIP] #IO-1681 (SHREYAA ENTERPRISES): date 20260220 before start date 20260228
[2026-03-04 11:58:07] [INFO] [DATE SKIP] #IO-1682 (SHREYAA ENTERPRISES): date 20260220 before start date 20260228
[2026-03-04 11:58:07] [INFO] [DATE SKIP] #IO-1683 (SHREYAA ENTERPRISES): date 20260220 before start date 20260228
[2026-03-04 11:58:07] [INFO] [DATE SKIP] #IO-1684 (SHREYAA ENTERPRISES): date 20260220 before start date 20260228
[2026-03-04 11:58:07] [INFO] [DATE SKIP] #CO2-61 (SHREYAA ENTERPRISES): date 20260220 before start date 20260228
[2026-03-04 11:58:07] [INFO] [DATE SKIP] #IO-1685 (SHREYAA ENTERPRISES): date 20260221 before start date 20260228
[2026-03-04 11:58:07] [INFO] [DATE SKIP] #IO-1686 (SHREYAA ENTERPRISES): date 20260221 before start date 20260228
[2026-03-04 11:58:07] [INFO] [DATE SKIP] #IO-1687 (SHREYAA ENTERPRISES): date 20260221 before start date 20260228
[2026-03-04 11:58:07] [INFO] [DATE SKIP] #IO-1688 (SHREYAA ENTERPRISES): date 20260221 before start date 20260228
[2026-03-04 11:58:07] [INFO] [DATE SKIP] #IO-1689 (SHREYAA ENTERPRISES): date 20260221 before start date 20260228
[2026-03-04 11:58:07] [INFO] [DATE SKIP] #IO-1690 (SHREYAA ENTERPRISES): date 20260221 before start date 20260228
[2026-03-04 11:58:07] [INFO] [DATE SKIP] #IO-1691 (SHREYAA ENTERPRISES): date 20260221 before start date 20260228
[2026-03-04 11:58:07] [INFO] [DATE SKIP] #IO-1692 (SHREYAA ENTERPRISES): date 20260221 before start date 20260228
[2026-03-04 11:58:07] [INFO] [DATE SKIP] #IO-1693 (SHREYAA ENTERPRISES): date 20260221 before start date 20260228
[2026-03-04 11:58:07] [INFO] [DATE SKIP] #IO-1694 (SHREYAA ENTERPRISES): date 20260221 before start date 20260228
[2026-03-04 11:58:07] [INFO] [DATE SKIP] #IO-1695 (SHREYAA ENTERPRISES): date 20260221 before start date 20260228
[2026-03-04 11:58:07] [INFO] [DATE SKIP] #IO-1696 (SHREYAA ENTERPRISES): date 20260221 before start date 20260228
[2026-03-04 11:58:07] [INFO] [DATE SKIP] #IO-1697 (SHREYAA ENTERPRISES): date 20260221 before start date 20260228
[2026-03-04 11:58:07] [INFO] [DATE SKIP] #IO-1698 (SHREYAA ENTERPRISES): date 20260221 before start date 20260228
[2026-03-04 11:58:07] [INFO] [DATE SKIP] #IO-1699 (SHREYAA ENTERPRISES): date 20260221 before start date 20260228
[2026-03-04 11:58:07] [INFO] [DATE SKIP] #CO2-62 (SHREYAA ENTERPRISES): date 20260221 before start date 20260228
[2026-03-04 11:58:07] [INFO] [DATE SKIP] #IO-1700 (SHREYAA ENTERPRISES): date 20260222 before start date 20260228
[2026-03-04 11:58:07] [INFO] [DATE SKIP] #IO-1701 (SHREYAA ENTERPRISES): date 20260223 before start date 20260228
[2026-03-04 11:58:07] [INFO] [DATE SKIP] #ARG-63 (SHREYAA ENTERPRISES): date 20260223 before start date 20260228
[2026-03-04 11:58:07] [INFO] [DATE SKIP] #IO-1702 (SHREYAA ENTERPRISES): date 20260223 before start date 20260228
[2026-03-04 11:58:07] [INFO] [DATE SKIP] #IO-1703 (SHREYAA ENTERPRISES): date 20260223 before start date 20260228
[2026-03-04 11:58:07] [INFO] [DATE SKIP] #IO-1704 (SHREYAA ENTERPRISES): date 20260223 before start date 20260228
[2026-03-04 11:58:07] [INFO] [DATE SKIP] #IO-1705 (SHREYAA ENTERPRISES): date 20260223 before start date 20260228
[2026-03-04 11:58:07] [INFO] [DATE SKIP] #IO-1706 (SHREYAA ENTERPRISES): date 20260223 before start date 20260228
[2026-03-04 11:58:07] [INFO] [DATE SKIP] #IO-1707 (SHREYAA ENTERPRISES): date 20260223 before start date 20260228
[2026-03-04 11:58:07] [INFO] [DATE SKIP] #IO-1708 (SHREYAA ENTERPRISES): date 20260223 before start date 20260228
[2026-03-04 11:58:07] [INFO] [DATE SKIP] #IO-1709 (SHREYAA ENTERPRISES): date 20260223 before start date 20260228
[2026-03-04 11:58:07] [INFO] [DATE SKIP] #IO-1710 (SHREYAA ENTERPRISES): date 20260223 before start date 20260228
[2026-03-04 11:58:07] [INFO] [DATE SKIP] #IO-1711 (SHREYAA ENTERPRISES): date 20260223 before start date 20260228
[2026-03-04 11:58:07] [INFO] [DATE SKIP] #IO-1712 (SHREYAA ENTERPRISES): date 20260223 before start date 20260228
[2026-03-04 11:58:07] [INFO] [DATE SKIP] #IO-1713 (SHREYAA ENTERPRISES): date 20260223 before start date 20260228
[2026-03-04 11:58:07] [INFO] [DATE SKIP] #IO-1714 (SHREYAA ENTERPRISES): date 20260223 before start date 20260228
[2026-03-04 11:58:07] [INFO] [DATE SKIP] #IO-1715 (SHREYAA ENTERPRISES): date 20260223 before start date 20260228
[2026-03-04 11:58:07] [INFO] [DATE SKIP] #IO-1716 (SHREYAA ENTERPRISES): date 20260223 before start date 20260228
[2026-03-04 11:58:07] [INFO] [DATE SKIP] #IO-1717 (SHREYAA ENTERPRISES): date 20260223 before start date 20260228
[2026-03-04 11:58:07] [INFO] [DATE SKIP] #IO-1718 (SHREYAA ENTERPRISES): date 20260223 before start date 20260228
[2026-03-04 11:58:07] [INFO] [DATE SKIP] #IO-1719 (SHREYAA ENTERPRISES): date 20260223 before start date 20260228
[2026-03-04 11:58:07] [INFO] [DATE SKIP] #81 (SHREYAA ENTERPRISES): date 20260223 before start date 20260228
[2026-03-04 11:58:07] [INFO] [DATE SKIP] #82 (SHREYAA ENTERPRISES): date 20260223 before start date 20260228
[2026-03-04 11:58:07] [INFO] [DATE SKIP] #IO-1720 (SHREYAA ENTERPRISES): date 20260223 before start date 20260228
[2026-03-04 11:58:07] [INFO] [DATE SKIP] #IO-1721 (SHREYAA ENTERPRISES): date 20260223 before start date 20260228
[2026-03-04 11:58:07] [INFO] [DATE SKIP] #83 (SHREYAA ENTERPRISES): date 20260223 before start date 20260228
[2026-03-04 11:58:07] [INFO] [UPDATED INVOICE] #IO-1722 refreshed (company: SHREYAA ENTERPRISES, new hash: 6f1c1624...)
[2026-03-04 11:58:07] [INFO] [UPDATED INVOICE] #IO-1723 refreshed (company: SHREYAA ENTERPRISES, new hash: eaf84649...)
[2026-03-04 11:58:07] [INFO] [UPDATED INVOICE] #IO-1724 refreshed (company: SHREYAA ENTERPRISES, new hash: cbbd4495...)
[2026-03-04 11:58:07] [INFO] [UPDATED INVOICE] #IO-1725 refreshed (company: SHREYAA ENTERPRISES, new hash: 60537612...)
[2026-03-04 11:58:07] [INFO] [UPDATED INVOICE] #IO-1726 refreshed (company: SHREYAA ENTERPRISES, new hash: 0f72a90b...)
[2026-03-04 11:58:07] [INFO] [UPDATED INVOICE] #CO2-63 refreshed (company: SHREYAA ENTERPRISES, new hash: b06e1bc3...)
[2026-03-04 11:58:07] [INFO] [UPDATED INVOICE] #CO2-64 refreshed (company: SHREYAA ENTERPRISES, new hash: 2476843e...)
[2026-03-04 11:58:07] [INFO] [NEW INVOICE] #CO2-65 saved (company: SHREYAA ENTERPRISES, customer: A.KANNAN, date: 20260304, items: 1, hash: c74f9d72...)
[2026-03-04 11:58:07] [INFO] [NEW INVOICE] #CO2-66 saved (company: SHREYAA ENTERPRISES, customer: AR WELDING, date: 20260304, items: 1, hash: 826229db...)
[2026-03-04 11:58:07] [INFO] 
============================================================
[2026-03-04 11:58:07] [INFO] Processing: Surya Air System (COMPANY_2)
[2026-03-04 11:58:07] [INFO] ============================================================
[2026-03-04 11:58:07] [INFO] No invoices found for Surya Air System in date range
[2026-03-04 11:58:07] [INFO] 
============================================================
[2026-03-04 11:58:08] [INFO] Processing: BHARATH OXYGEN LICENSEE (COMPANY_3)
[2026-03-04 11:58:08] [INFO] ============================================================
[2026-03-04 11:58:08] [INFO] Fetched 4 invoices from Tally
[2026-03-04 11:58:08] [INFO] [DATE SKIP] #3 (BHARATH OXYGEN LICENSEE): date 20260202 before start date 20260228
[2026-03-04 11:58:08] [INFO] [DATE SKIP] #4 (BHARATH OXYGEN LICENSEE): date 20260202 before start date 20260228
[2026-03-04 11:58:08] [INFO] [DATE SKIP] #5 (BHARATH OXYGEN LICENSEE): date 20260225 before start date 20260228
[2026-03-04 11:58:08] [INFO] [NEW INVOICE] #6 saved (company: BHARATH OXYGEN LICENSEE, customer: SKV Engineering India Private Limited, date: 20260304, items: 1, hash: e17d15d8...)
[2026-03-04 11:58:08] [INFO] 
============================================================
[2026-03-04 11:58:08] [INFO] INVOICE FETCH SUMMARY
[2026-03-04 11:58:08] [INFO] ============================================================
[2026-03-04 11:58:08] [INFO] Date filter: from 20260228 onward (query upper bound: 20991231)
[2026-03-04 11:58:08] [INFO] Total Fetched from Tally: 1973
[2026-03-04 11:58:08] [INFO] Skipped (out of date range): 1963
[2026-03-04 11:58:08] [INFO] Skipped (no delivery info): 0
[2026-03-04 11:58:08] [INFO] New Invoices Saved: 3
[2026-03-04 11:58:08] [INFO] Updated Invoices (hash/data changed): 7
[2026-03-04 11:58:08] [INFO] Already Exists (Unchanged): 0
[2026-03-04 11:58:08] [INFO] Marked as Deleted: 0
[2026-03-04 11:58:08] [INFO] Errors: 0
[2026-03-04 11:58:08] [INFO] ============================================================
[2026-03-04 11:58:08] [INFO] 
Database Statistics:
[2026-03-04 11:58:08] [INFO] Total Invoices: 10
[2026-03-04 11:58:08] [INFO] Invoices by Company: {'BHARATH OXYGEN LICENSEE': 1, 'SHREYAA ENTERPRISES': 9}
[2026-03-04 11:58:08] [INFO] Synced Invoices: 0
[2026-03-04 11:58:08] [INFO] ============================================================
[2026-03-04 12:28:44] [INFO] Starting invoice fetch from 3 companies
[2026-03-04 12:28:44] [INFO] Date filter: from 20260228 onward (query upper bound: 20991231)
[2026-03-04 12:28:44] [INFO] Active companies: SHREYAA ENTERPRISES, Surya Air System, BHARATH OXYGEN LICENSEE
[2026-03-04 12:28:44] [INFO] 
============================================================
[2026-03-04 12:28:44] [INFO] Processing: SHREYAA ENTERPRISES (COMPANY_1)
[2026-03-04 12:28:44] [INFO] ============================================================
[2026-03-04 12:28:51] [INFO] Fetched 1969 invoices from Tally
[2026-03-04 12:28:51] [INFO] [DATE SKIP] #IO-1 (SHREYAA ENTERPRISES): date 20251006 before start date 20260228
[2026-03-04 12:28:51] [INFO] [DATE SKIP] #IO-2 (SHREYAA ENTERPRISES): date 20251006 before start date 20260228
[2026-03-04 12:28:51] [INFO] [DATE SKIP] #ARG-1 (SHREYAA ENTERPRISES): date 20251006 before start date 20260228
[2026-03-04 12:28:51] [INFO] [DATE SKIP] #ARG-2 (SHREYAA ENTERPRISES): date 20251006 before start date 20260228
[2026-03-04 12:28:51] [INFO] [DATE SKIP] #IO-3 (SHREYAA ENTERPRISES): date 20251006 before start date 20260228
[2026-03-04 12:28:51] [INFO] [DATE SKIP] #IO-4 (SHREYAA ENTERPRISES): date 20251006 before start date 20260228
[2026-03-04 12:28:51] [INFO] [DATE SKIP] #IO-5 (SHREYAA ENTERPRISES): date 20251006 before start date 20260228
[2026-03-04 12:28:51] [INFO] [DATE SKIP] #L2N-1 (SHREYAA ENTERPRISES): date 20251006 before start date 20260228
[2026-03-04 12:28:51] [INFO] [DATE SKIP] #IO-6 (SHREYAA ENTERPRISES): date 20251006 before start date 20260228
[2026-03-04 12:28:51] [INFO] [DATE SKIP] #ARG-3 (SHREYAA ENTERPRISES): date 20251006 before start date 20260228
[2026-03-04 12:28:51] [INFO] [DATE SKIP] #IO-7 (SHREYAA ENTERPRISES): date 20251006 before start date 20260228
[2026-03-04 12:28:51] [INFO] [DATE SKIP] #IO-8 (SHREYAA ENTERPRISES): date 20251006 before start date 20260228
[2026-03-04 12:28:51] [INFO] [DATE SKIP] #IO-9 (SHREYAA ENTERPRISES): date 20251006 before start date 20260228
[2026-03-04 12:28:51] [INFO] [DATE SKIP] #IO-10 (SHREYAA ENTERPRISES): date 20251006 before start date 20260228
[2026-03-04 12:28:51] [INFO] [DATE SKIP] #IO-11 (SHREYAA ENTERPRISES): date 20251006 before start date 20260228
[2026-03-04 12:28:51] [INFO] [DATE SKIP] #IO-12 (SHREYAA ENTERPRISES): date 20251006 before start date 20260228
[2026-03-04 12:28:51] [INFO] [DATE SKIP] #IO-13 (SHREYAA ENTERPRISES): date 20251006 before start date 20260228
[2026-03-04 12:28:51] [INFO] [DATE SKIP] #IO-14 (SHREYAA ENTERPRISES): date 20251007 before start date 20260228
[2026-03-04 12:28:51] [INFO] [DATE SKIP] #IO-15 (SHREYAA ENTERPRISES): date 20251007 before start date 20260228
[2026-03-04 12:28:51] [INFO] [DATE SKIP] #IO-16 (SHREYAA ENTERPRISES): date 20251007 before start date 20260228
[2026-03-04 12:28:51] [INFO] [DATE SKIP] #CO2-1 (SHREYAA ENTERPRISES): date 20251007 before start date 20260228
[2026-03-04 12:28:51] [INFO] [DATE SKIP] #CO2-2 (SHREYAA ENTERPRISES): date 20251007 before start date 20260228
[2026-03-04 12:28:51] [INFO] [DATE SKIP] #IO-17 (SHREYAA ENTERPRISES): date 20251007 before start date 20260228
[2026-03-04 12:28:51] [INFO] [DATE SKIP] #IO-18 (SHREYAA ENTERPRISES): date 20251007 before start date 20260228
[2026-03-04 12:28:51] [INFO] [DATE SKIP] #IO-19 (SHREYAA ENTERPRISES): date 20251007 before start date 20260228
[2026-03-04 12:28:51] [INFO] [DATE SKIP] #IO-20 (SHREYAA ENTERPRISES): date 20251007 before start date 20260228
[2026-03-04 12:28:51] [INFO] [DATE SKIP] #IO-21 (SHREYAA ENTERPRISES): date 20251007 before start date 20260228
[2026-03-04 12:28:51] [INFO] [DATE SKIP] #IO-22 (SHREYAA ENTERPRISES): date 20251007 before start date 20260228
[2026-03-04 12:28:51] [INFO] [DATE SKIP] #IO-23 (SHREYAA ENTERPRISES): date 20251007 before start date 20260228
[2026-03-04 12:28:51] [INFO] [DATE SKIP] #IO-24 (SHREYAA ENTERPRISES): date 20251007 before start date 20260228
[2026-03-04 12:28:51] [INFO] [DATE SKIP] #IO-25 (SHREYAA ENTERPRISES): date 20251007 before start date 20260228
[2026-03-04 12:28:51] [INFO] [DATE SKIP] #IO-26 (SHREYAA ENTERPRISES): date 20251007 before start date 20260228
[2026-03-04 12:28:51] [INFO] [DATE SKIP] #IO-27 (SHREYAA ENTERPRISES): date 20251008 before start date 20260228
[2026-03-04 12:28:51] [INFO] [DATE SKIP] #ARG-4 (SHREYAA ENTERPRISES): date 20251008 before start date 20260228
[2026-03-04 12:28:51] [INFO] [DATE SKIP] #ARG-5 (SHREYAA ENTERPRISES): date 20251008 before start date 20260228
[2026-03-04 12:28:51] [INFO] [DATE SKIP] #CO2-3 (SHREYAA ENTERPRISES): date 20251008 before start date 20260228
[2026-03-04 12:28:51] [INFO] [DATE SKIP] #IO-28 (SHREYAA ENTERPRISES): date 20251008 before start date 20260228
[2026-03-04 12:28:51] [INFO] [DATE SKIP] #IO-29 (SHREYAA ENTERPRISES): date 20251008 before start date 20260228
[2026-03-04 12:28:51] [INFO] [DATE SKIP] #IO-30 (SHREYAA ENTERPRISES): date 20251008 before start date 20260228
[2026-03-04 12:28:51] [INFO] [DATE SKIP] #IO-31 (SHREYAA ENTERPRISES): date 20251008 before start date 20260228
[2026-03-04 12:28:51] [INFO] [DATE SKIP] #IO-32 (SHREYAA ENTERPRISES): date 20251008 before start date 20260228
[2026-03-04 12:28:51] [INFO] [DATE SKIP] #IO-33 (SHREYAA ENTERPRISES): date 20251008 before start date 20260228
[2026-03-04 12:28:51] [INFO] [DATE SKIP] #IO-34 (SHREYAA ENTERPRISES): date 20251008 before start date 20260228
[2026-03-04 12:28:51] [INFO] [DATE SKIP] #IO-35 (SHREYAA ENTERPRISES): date 20251008 before start date 20260228
[2026-03-04 12:28:51] [INFO] [DATE SKIP] #IO-36 (SHREYAA ENTERPRISES): date 20251008 before start date 20260228
[2026-03-04 12:28:51] [INFO] [DATE SKIP] #IO-37 (SHREYAA ENTERPRISES): date 20251008 before start date 20260228
[2026-03-04 12:28:51] [INFO] [DATE SKIP] #IO-38 (SHREYAA ENTERPRISES): date 20251009 before start date 20260228
[2026-03-04 12:28:51] [INFO] [DATE SKIP] #IO-39 (SHREYAA ENTERPRISES): date 20251009 before start date 20260228
[2026-03-04 12:28:51] [INFO] [DATE SKIP] #IO-40 (SHREYAA ENTERPRISES): date 20251009 before start date 20260228
[2026-03-04 12:28:51] [INFO] [DATE SKIP] #IO-41 (SHREYAA ENTERPRISES): date 20251009 before start date 20260228
[2026-03-04 12:28:51] [INFO] [DATE SKIP] #IO-42 (SHREYAA ENTERPRISES): date 20251009 before start date 20260228
[2026-03-04 12:28:51] [INFO] [DATE SKIP] #IO-43 (SHREYAA ENTERPRISES): date 20251009 before start date 20260228
[2026-03-04 12:28:51] [INFO] [DATE SKIP] #IO-44 (SHREYAA ENTERPRISES): date 20251009 before start date 20260228
[2026-03-04 12:28:51] [INFO] [DATE SKIP] #IO-45 (SHREYAA ENTERPRISES): date 20251010 before start date 20260228
[2026-03-04 12:28:51] [INFO] [DATE SKIP] #IO-46 (SHREYAA ENTERPRISES): date 20251010 before start date 20260228
[2026-03-04 12:28:51] [INFO] [DATE SKIP] #IO-47 (SHREYAA ENTERPRISES): date 20251010 before start date 20260228
[2026-03-04 12:28:51] [INFO] [DATE SKIP] #IO-48 (SHREYAA ENTERPRISES): date 20251010 before start date 20260228
[2026-03-04 12:28:51] [INFO] [DATE SKIP] #IO-49 (SHREYAA ENTERPRISES): date 20251010 before start date 20260228
[2026-03-04 12:28:51] [INFO] [DATE SKIP] #IO-50 (SHREYAA ENTERPRISES): date 20251010 before start date 20260228
[2026-03-04 12:28:51] [INFO] [DATE SKIP] #IO-51 (SHREYAA ENTERPRISES): date 20251010 before start date 20260228
[2026-03-04 12:28:51] [INFO] [DATE SKIP] #IO-52 (SHREYAA ENTERPRISES): date 20251010 before start date 20260228
[2026-03-04 12:28:51] [INFO] [DATE SKIP] #IO-54 (SHREYAA ENTERPRISES): date 20251010 before start date 20260228
[2026-03-04 12:28:51] [INFO] [DATE SKIP] #IO-55 (SHREYAA ENTERPRISES): date 20251010 before start date 20260228
[2026-03-04 12:28:51] [INFO] [DATE SKIP] #IO-56 (SHREYAA ENTERPRISES): date 20251010 before start date 20260228
[2026-03-04 12:28:51] [INFO] [DATE SKIP] #IO-57 (SHREYAA ENTERPRISES): date 20251010 before start date 20260228
[2026-03-04 12:28:51] [INFO] [DATE SKIP] #IO-58 (SHREYAA ENTERPRISES): date 20251010 before start date 20260228
[2026-03-04 12:28:51] [INFO] [DATE SKIP] #1 (SHREYAA ENTERPRISES): date 20251010 before start date 20260228
[2026-03-04 12:28:51] [INFO] [DATE SKIP] #IO-59 (SHREYAA ENTERPRISES): date 20251010 before start date 20260228
[2026-03-04 12:28:51] [INFO] [DATE SKIP] #IO-60 (SHREYAA ENTERPRISES): date 20251010 before start date 20260228
[2026-03-04 12:28:51] [INFO] [DATE SKIP] #IO-61 (SHREYAA ENTERPRISES): date 20251010 before start date 20260228
[2026-03-04 12:28:51] [INFO] [DATE SKIP] #IO-62 (SHREYAA ENTERPRISES): date 20251011 before start date 20260228
[2026-03-04 12:28:51] [INFO] [DATE SKIP] #ARG-6 (SHREYAA ENTERPRISES): date 20251011 before start date 20260228
[2026-03-04 12:28:51] [INFO] [DATE SKIP] #IO-63 (SHREYAA ENTERPRISES): date 20251011 before start date 20260228
[2026-03-04 12:28:51] [INFO] [DATE SKIP] #CO2-4 (SHREYAA ENTERPRISES): date 20251011 before start date 20260228
[2026-03-04 12:28:51] [INFO] [DATE SKIP] #IO-64 (SHREYAA ENTERPRISES): date 20251011 before start date 20260228
[2026-03-04 12:28:51] [INFO] [DATE SKIP] #IO-65 (SHREYAA ENTERPRISES): date 20251011 before start date 20260228
[2026-03-04 12:28:51] [INFO] [DATE SKIP] #IO-66 (SHREYAA ENTERPRISES): date 20251011 before start date 20260228
[2026-03-04 12:28:51] [INFO] [DATE SKIP] #IO-68 (SHREYAA ENTERPRISES): date 20251011 before start date 20260228
[2026-03-04 12:28:51] [INFO] [DATE SKIP] #IO-67 (SHREYAA ENTERPRISES): date 20251011 before start date 20260228
[2026-03-04 12:28:51] [INFO] [DATE SKIP] #IO-69 (SHREYAA ENTERPRISES): date 20251011 before start date 20260228
[2026-03-04 12:28:51] [INFO] [DATE SKIP] #IO-70 (SHREYAA ENTERPRISES): date 20251011 before start date 20260228
[2026-03-04 12:28:51] [INFO] [DATE SKIP] #IO-71 (SHREYAA ENTERPRISES): date 20251011 before start date 20260228
[2026-03-04 12:28:51] [INFO] [DATE SKIP] #IO-72 (SHREYAA ENTERPRISES): date 20251011 before start date 20260228
[2026-03-04 12:28:51] [INFO] [DATE SKIP] #IO-73 (SHREYAA ENTERPRISES): date 20251011 before start date 20260228
[2026-03-04 12:28:51] [INFO] [DATE SKIP] #2 (SHREYAA ENTERPRISES): date 20251011 before start date 20260228
[2026-03-04 12:28:51] [INFO] [DATE SKIP] #IO-74 (SHREYAA ENTERPRISES): date 20251011 before start date 20260228
[2026-03-04 12:28:51] [INFO] [DATE SKIP] #IO-75 (SHREYAA ENTERPRISES): date 20251011 before start date 20260228
[2026-03-04 12:28:51] [INFO] [DATE SKIP] #IO-76 (SHREYAA ENTERPRISES): date 20251011 before start date 20260228
[2026-03-04 12:28:51] [INFO] [DATE SKIP] #IO-77 (SHREYAA ENTERPRISES): date 20251011 before start date 20260228
[2026-03-04 12:28:51] [INFO] [DATE SKIP] #IO-78 (SHREYAA ENTERPRISES): date 20251011 before start date 20260228
[2026-03-04 12:28:51] [INFO] [DATE SKIP] #IO-79 (SHREYAA ENTERPRISES): date 20251013 before start date 20260228
[2026-03-04 12:28:51] [INFO] [DATE SKIP] #IO-80 (SHREYAA ENTERPRISES): date 20251013 before start date 20260228
[2026-03-04 12:28:51] [INFO] [DATE SKIP] #IO-81 (SHREYAA ENTERPRISES): date 20251013 before start date 20260228
[2026-03-04 12:28:51] [INFO] [DATE SKIP] #IO-82 (SHREYAA ENTERPRISES): date 20251013 before start date 20260228
[2026-03-04 12:28:51] [INFO] [DATE SKIP] #IO-83 (SHREYAA ENTERPRISES): date 20251013 before start date 20260228
[2026-03-04 12:28:51] [INFO] [DATE SKIP] #IO-84 (SHREYAA ENTERPRISES): date 20251013 before start date 20260228
[2026-03-04 12:28:51] [INFO] [DATE SKIP] #IO-85 (SHREYAA ENTERPRISES): date 20251013 before start date 20260228
[2026-03-04 12:28:51] [INFO] [DATE SKIP] #IO-86 (SHREYAA ENTERPRISES): date 20251013 before start date 20260228
[2026-03-04 12:28:51] [INFO] [DATE SKIP] #CO2-5 (SHREYAA ENTERPRISES): date 20251013 before start date 20260228
[2026-03-04 12:28:51] [INFO] [DATE SKIP] #L2N-2 (SHREYAA ENTERPRISES): date 20251013 before start date 20260228
[2026-03-04 12:28:51] [INFO] [DATE SKIP] #IO-87 (SHREYAA ENTERPRISES): date 20251013 before start date 20260228
[2026-03-04 12:28:51] [INFO] [DATE SKIP] #IO-88 (SHREYAA ENTERPRISES): date 20251013 before start date 20260228
[2026-03-04 12:28:51] [INFO] [DATE SKIP] #IO-89 (SHREYAA ENTERPRISES): date 20251013 before start date 20260228
[2026-03-04 12:28:51] [INFO] [DATE SKIP] #IO-90 (SHREYAA ENTERPRISES): date 20251013 before start date 20260228
[2026-03-04 12:28:51] [INFO] [DATE SKIP] #IO-91 (SHREYAA ENTERPRISES): date 20251013 before start date 20260228
[2026-03-04 12:28:51] [INFO] [DATE SKIP] #IO-95 (SHREYAA ENTERPRISES): date 20251013 before start date 20260228
[2026-03-04 12:28:51] [INFO] [DATE SKIP] #IO-96 (SHREYAA ENTERPRISES): date 20251013 before start date 20260228
[2026-03-04 12:28:51] [INFO] [DATE SKIP] #IO-97 (SHREYAA ENTERPRISES): date 20251013 before start date 20260228
[2026-03-04 12:28:51] [INFO] [DATE SKIP] #CO2-7 (SHREYAA ENTERPRISES): date 20251013 before start date 20260228
[2026-03-04 12:28:51] [INFO] [DATE SKIP] #IO-98 (SHREYAA ENTERPRISES): date 20251013 before start date 20260228
[2026-03-04 12:28:51] [INFO] [DATE SKIP] #IO-99 (SHREYAA ENTERPRISES): date 20251014 before start date 20260228
[2026-03-04 12:28:51] [INFO] [DATE SKIP] #IO-100 (SHREYAA ENTERPRISES): date 20251014 before start date 20260228
[2026-03-04 12:28:51] [INFO] [DATE SKIP] #IO-101 (SHREYAA ENTERPRISES): date 20251014 before start date 20260228
[2026-03-04 12:28:51] [INFO] [DATE SKIP] #IO-102 (SHREYAA ENTERPRISES): date 20251014 before start date 20260228
[2026-03-04 12:28:51] [INFO] [DATE SKIP] #IO-103 (SHREYAA ENTERPRISES): date 20251014 before start date 20260228
[2026-03-04 12:28:51] [INFO] [DATE SKIP] #CO2-8 (SHREYAA ENTERPRISES): date 20251014 before start date 20260228
[2026-03-04 12:28:51] [INFO] [DATE SKIP] #IO-104 (SHREYAA ENTERPRISES): date 20251014 before start date 20260228
[2026-03-04 12:28:51] [INFO] [DATE SKIP] #IO-105 (SHREYAA ENTERPRISES): date 20251014 before start date 20260228
[2026-03-04 12:28:51] [INFO] [DATE SKIP] #IO-106 (SHREYAA ENTERPRISES): date 20251014 before start date 20260228
[2026-03-04 12:28:51] [INFO] [DATE SKIP] #IO-107 (SHREYAA ENTERPRISES): date 20251014 before start date 20260228
[2026-03-04 12:28:51] [INFO] [DATE SKIP] #IO-108 (SHREYAA ENTERPRISES): date 20251014 before start date 20260228
[2026-03-04 12:28:51] [INFO] [DATE SKIP] #IO-109 (SHREYAA ENTERPRISES): date 20251014 before start date 20260228
[2026-03-04 12:28:51] [INFO] [DATE SKIP] #IO-110 (SHREYAA ENTERPRISES): date 20251014 before start date 20260228
[2026-03-04 12:28:51] [INFO] [DATE SKIP] #IO-111 (SHREYAA ENTERPRISES): date 20251014 before start date 20260228
[2026-03-04 12:28:51] [INFO] [DATE SKIP] #IO-112 (SHREYAA ENTERPRISES): date 20251014 before start date 20260228
[2026-03-04 12:28:51] [INFO] [DATE SKIP] #IO-113 (SHREYAA ENTERPRISES): date 20251014 before start date 20260228
[2026-03-04 12:28:51] [INFO] [DATE SKIP] #3 (SHREYAA ENTERPRISES): date 20251014 before start date 20260228
[2026-03-04 12:28:51] [INFO] [DATE SKIP] #IO-114 (SHREYAA ENTERPRISES): date 20251014 before start date 20260228
[2026-03-04 12:28:51] [INFO] [DATE SKIP] #4 (SHREYAA ENTERPRISES): date 20251014 before start date 20260228
[2026-03-04 12:28:51] [INFO] [DATE SKIP] #IO-123 (SHREYAA ENTERPRISES): date 20251015 before start date 20260228
[2026-03-04 12:28:51] [INFO] [DATE SKIP] #IO-115 (SHREYAA ENTERPRISES): date 20251015 before start date 20260228
[2026-03-04 12:28:51] [INFO] [DATE SKIP] #IO-116 (SHREYAA ENTERPRISES): date 20251015 before start date 20260228
[2026-03-04 12:28:51] [INFO] [DATE SKIP] #IO-119 (SHREYAA ENTERPRISES): date 20251015 before start date 20260228
[2026-03-04 12:28:51] [INFO] [DATE SKIP] #IO-120 (SHREYAA ENTERPRISES): date 20251015 before start date 20260228
[2026-03-04 12:28:51] [INFO] [DATE SKIP] #IO-118 (SHREYAA ENTERPRISES): date 20251015 before start date 20260228
[2026-03-04 12:28:51] [INFO] [DATE SKIP] #IO-121 (SHREYAA ENTERPRISES): date 20251015 before start date 20260228
[2026-03-04 12:28:51] [INFO] [DATE SKIP] #IO-117 (SHREYAA ENTERPRISES): date 20251015 before start date 20260228
[2026-03-04 12:28:51] [INFO] [DATE SKIP] #IO-122 (SHREYAA ENTERPRISES): date 20251015 before start date 20260228
[2026-03-04 12:28:51] [INFO] [DATE SKIP] #IO-124 (SHREYAA ENTERPRISES): date 20251015 before start date 20260228
[2026-03-04 12:28:51] [INFO] [DATE SKIP] #L2N-4 (SHREYAA ENTERPRISES): date 20251015 before start date 20260228
[2026-03-04 12:28:51] [INFO] [DATE SKIP] #IO-125 (SHREYAA ENTERPRISES): date 20251016 before start date 20260228
[2026-03-04 12:28:51] [INFO] [DATE SKIP] #IO-126 (SHREYAA ENTERPRISES): date 20251016 before start date 20260228
[2026-03-04 12:28:51] [INFO] [DATE SKIP] #IO-127 (SHREYAA ENTERPRISES): date 20251016 before start date 20260228
[2026-03-04 12:28:51] [INFO] [DATE SKIP] #IO-128 (SHREYAA ENTERPRISES): date 20251016 before start date 20260228
[2026-03-04 12:28:51] [INFO] [DATE SKIP] #IO-129 (SHREYAA ENTERPRISES): date 20251016 before start date 20260228
[2026-03-04 12:28:51] [INFO] [DATE SKIP] #IO-130 (SHREYAA ENTERPRISES): date 20251016 before start date 20260228
[2026-03-04 12:28:51] [INFO] [DATE SKIP] #IO-131 (SHREYAA ENTERPRISES): date 20251016 before start date 20260228
[2026-03-04 12:28:51] [INFO] [DATE SKIP] #IO-132 (SHREYAA ENTERPRISES): date 20251016 before start date 20260228
[2026-03-04 12:28:51] [INFO] [DATE SKIP] #IO-133 (SHREYAA ENTERPRISES): date 20251016 before start date 20260228
[2026-03-04 12:28:51] [INFO] [DATE SKIP] #IO-134 (SHREYAA ENTERPRISES): date 20251016 before start date 20260228
[2026-03-04 12:28:51] [INFO] [DATE SKIP] #IO-135 (SHREYAA ENTERPRISES): date 20251016 before start date 20260228
[2026-03-04 12:28:51] [INFO] [DATE SKIP] #IO-136 (SHREYAA ENTERPRISES): date 20251016 before start date 20260228
[2026-03-04 12:28:51] [INFO] [DATE SKIP] #IO-137 (SHREYAA ENTERPRISES): date 20251016 before start date 20260228
[2026-03-04 12:28:51] [INFO] [DATE SKIP] #IO-138 (SHREYAA ENTERPRISES): date 20251016 before start date 20260228
[2026-03-04 12:28:51] [INFO] [DATE SKIP] #IO-139 (SHREYAA ENTERPRISES): date 20251017 before start date 20260228
[2026-03-04 12:28:51] [INFO] [DATE SKIP] #IO-140 (SHREYAA ENTERPRISES): date 20251017 before start date 20260228
[2026-03-04 12:28:51] [INFO] [DATE SKIP] #IO-141 (SHREYAA ENTERPRISES): date 20251017 before start date 20260228
[2026-03-04 12:28:51] [INFO] [DATE SKIP] #ARG-8 (SHREYAA ENTERPRISES): date 20251017 before start date 20260228
[2026-03-04 12:28:51] [INFO] [DATE SKIP] #IO-142 (SHREYAA ENTERPRISES): date 20251017 before start date 20260228
[2026-03-04 12:28:51] [INFO] [DATE SKIP] #IO-143 (SHREYAA ENTERPRISES): date 20251017 before start date 20260228
[2026-03-04 12:28:51] [INFO] [DATE SKIP] #IO-144 (SHREYAA ENTERPRISES): date 20251017 before start date 20260228
[2026-03-04 12:28:51] [INFO] [DATE SKIP] #L2N-5 (SHREYAA ENTERPRISES): date 20251017 before start date 20260228
[2026-03-04 12:28:51] [INFO] [DATE SKIP] #IO-145 (SHREYAA ENTERPRISES): date 20251017 before start date 20260228
[2026-03-04 12:28:51] [INFO] [DATE SKIP] #IO-146 (SHREYAA ENTERPRISES): date 20251017 before start date 20260228
[2026-03-04 12:28:51] [INFO] [DATE SKIP] #IO-147 (SHREYAA ENTERPRISES): date 20251017 before start date 20260228
[2026-03-04 12:28:51] [INFO] [DATE SKIP] #IO-148 (SHREYAA ENTERPRISES): date 20251017 before start date 20260228
[2026-03-04 12:28:51] [INFO] [DATE SKIP] #IO-149 (SHREYAA ENTERPRISES): date 20251017 before start date 20260228
[2026-03-04 12:28:51] [INFO] [DATE SKIP] #IO-150 (SHREYAA ENTERPRISES): date 20251017 before start date 20260228
[2026-03-04 12:28:51] [INFO] [DATE SKIP] #IO-151 (SHREYAA ENTERPRISES): date 20251017 before start date 20260228
[2026-03-04 12:28:51] [INFO] [DATE SKIP] #5 (SHREYAA ENTERPRISES): date 20251017 before start date 20260228
[2026-03-04 12:28:51] [INFO] [DATE SKIP] #IO-152 (SHREYAA ENTERPRISES): date 20251017 before start date 20260228
[2026-03-04 12:28:51] [INFO] [DATE SKIP] #IO-192 (SHREYAA ENTERPRISES): date 20251017 before start date 20260228
[2026-03-04 12:28:51] [INFO] [DATE SKIP] #IO-193 (SHREYAA ENTERPRISES): date 20251017 before start date 20260228
[2026-03-04 12:28:51] [INFO] [DATE SKIP] #IO-153 (SHREYAA ENTERPRISES): date 20251018 before start date 20260228
[2026-03-04 12:28:51] [INFO] [DATE SKIP] #IO-154 (SHREYAA ENTERPRISES): date 20251018 before start date 20260228
[2026-03-04 12:28:51] [INFO] [DATE SKIP] #IO-155 (SHREYAA ENTERPRISES): date 20251018 before start date 20260228
[2026-03-04 12:28:51] [INFO] [DATE SKIP] #IO-156 (SHREYAA ENTERPRISES): date 20251018 before start date 20260228
[2026-03-04 12:28:51] [INFO] [DATE SKIP] #6 (SHREYAA ENTERPRISES): date 20251018 before start date 20260228
[2026-03-04 12:28:51] [INFO] [DATE SKIP] #7 (SHREYAA ENTERPRISES): date 20251018 before start date 20260228
[2026-03-04 12:28:51] [INFO] [DATE SKIP] #IO-157 (SHREYAA ENTERPRISES): date 20251018 before start date 20260228
[2026-03-04 12:28:51] [INFO] [DATE SKIP] #IO-158 (SHREYAA ENTERPRISES): date 20251022 before start date 20260228
[2026-03-04 12:28:51] [INFO] [DATE SKIP] #IO-159 (SHREYAA ENTERPRISES): date 20251022 before start date 20260228
[2026-03-04 12:28:51] [INFO] [DATE SKIP] #IO-160 (SHREYAA ENTERPRISES): date 20251022 before start date 20260228
[2026-03-04 12:28:51] [INFO] [DATE SKIP] #IO-161 (SHREYAA ENTERPRISES): date 20251022 before start date 20260228
[2026-03-04 12:28:51] [INFO] [DATE SKIP] #IO-162 (SHREYAA ENTERPRISES): date 20251022 before start date 20260228
[2026-03-04 12:28:51] [INFO] [DATE SKIP] #IO-163 (SHREYAA ENTERPRISES): date 20251022 before start date 20260228
[2026-03-04 12:28:51] [INFO] [DATE SKIP] #IO-164 (SHREYAA ENTERPRISES): date 20251022 before start date 20260228
[2026-03-04 12:28:51] [INFO] [DATE SKIP] #IO-165 (SHREYAA ENTERPRISES): date 20251022 before start date 20260228
[2026-03-04 12:28:51] [INFO] [DATE SKIP] #IO-166 (SHREYAA ENTERPRISES): date 20251022 before start date 20260228
[2026-03-04 12:28:51] [INFO] [DATE SKIP] #IO-167 (SHREYAA ENTERPRISES): date 20251023 before start date 20260228
[2026-03-04 12:28:51] [INFO] [DATE SKIP] #IO-168 (SHREYAA ENTERPRISES): date 20251023 before start date 20260228
[2026-03-04 12:28:51] [INFO] [DATE SKIP] #IO-169 (SHREYAA ENTERPRISES): date 20251023 before start date 20260228
[2026-03-04 12:28:51] [INFO] [DATE SKIP] #IO-170 (SHREYAA ENTERPRISES): date 20251023 before start date 20260228
[2026-03-04 12:28:51] [INFO] [DATE SKIP] #IO-171 (SHREYAA ENTERPRISES): date 20251023 before start date 20260228
[2026-03-04 12:28:51] [INFO] [DATE SKIP] #IO-172 (SHREYAA ENTERPRISES): date 20251023 before start date 20260228
[2026-03-04 12:28:51] [INFO] [DATE SKIP] #IO-173 (SHREYAA ENTERPRISES): date 20251023 before start date 20260228
[2026-03-04 12:28:51] [INFO] [DATE SKIP] #IO-174 (SHREYAA ENTERPRISES): date 20251024 before start date 20260228
[2026-03-04 12:28:51] [INFO] [DATE SKIP] #IO-175 (SHREYAA ENTERPRISES): date 20251024 before start date 20260228
[2026-03-04 12:28:51] [INFO] [DATE SKIP] #IO-176 (SHREYAA ENTERPRISES): date 20251024 before start date 20260228
[2026-03-04 12:28:51] [INFO] [DATE SKIP] #IO-177 (SHREYAA ENTERPRISES): date 20251024 before start date 20260228
[2026-03-04 12:28:51] [INFO] [DATE SKIP] #IO-178 (SHREYAA ENTERPRISES): date 20251024 before start date 20260228
[2026-03-04 12:28:51] [INFO] [DATE SKIP] #IO-179 (SHREYAA ENTERPRISES): date 20251024 before start date 20260228
[2026-03-04 12:28:51] [INFO] [DATE SKIP] #IO-180 (SHREYAA ENTERPRISES): date 20251024 before start date 20260228
[2026-03-04 12:28:51] [INFO] [DATE SKIP] #L2N-6 (SHREYAA ENTERPRISES): date 20251024 before start date 20260228
[2026-03-04 12:28:51] [INFO] [DATE SKIP] #IO-181 (SHREYAA ENTERPRISES): date 20251024 before start date 20260228
[2026-03-04 12:28:51] [INFO] [DATE SKIP] #IO-182 (SHREYAA ENTERPRISES): date 20251024 before start date 20260228
[2026-03-04 12:28:51] [INFO] [DATE SKIP] #IO-183 (SHREYAA ENTERPRISES): date 20251024 before start date 20260228
[2026-03-04 12:28:51] [INFO] [DATE SKIP] #IO-184 (SHREYAA ENTERPRISES): date 20251024 before start date 20260228
[2026-03-04 12:28:51] [INFO] [DATE SKIP] #IO-185 (SHREYAA ENTERPRISES): date 20251024 before start date 20260228
[2026-03-04 12:28:51] [INFO] [DATE SKIP] #IO-186 (SHREYAA ENTERPRISES): date 20251024 before start date 20260228
[2026-03-04 12:28:51] [INFO] [DATE SKIP] #IO-187 (SHREYAA ENTERPRISES): date 20251024 before start date 20260228
[2026-03-04 12:28:51] [INFO] [DATE SKIP] #IO-188 (SHREYAA ENTERPRISES): date 20251025 before start date 20260228
[2026-03-04 12:28:51] [INFO] [DATE SKIP] #IO-189 (SHREYAA ENTERPRISES): date 20251025 before start date 20260228
[2026-03-04 12:28:51] [INFO] [DATE SKIP] #IO-190 (SHREYAA ENTERPRISES): date 20251025 before start date 20260228
[2026-03-04 12:28:51] [INFO] [DATE SKIP] #IO-191 (SHREYAA ENTERPRISES): date 20251025 before start date 20260228
[2026-03-04 12:28:51] [INFO] [DATE SKIP] #CO2-9 (SHREYAA ENTERPRISES): date 20251025 before start date 20260228
[2026-03-04 12:28:51] [INFO] [DATE SKIP] #IO-194 (SHREYAA ENTERPRISES): date 20251025 before start date 20260228
[2026-03-04 12:28:51] [INFO] [DATE SKIP] #IO-195 (SHREYAA ENTERPRISES): date 20251025 before start date 20260228
[2026-03-04 12:28:51] [INFO] [DATE SKIP] #IO-196 (SHREYAA ENTERPRISES): date 20251025 before start date 20260228
[2026-03-04 12:28:51] [INFO] [DATE SKIP] #IO-197 (SHREYAA ENTERPRISES): date 20251025 before start date 20260228
[2026-03-04 12:28:51] [INFO] [DATE SKIP] #IO-198 (SHREYAA ENTERPRISES): date 20251025 before start date 20260228
[2026-03-04 12:28:51] [INFO] [DATE SKIP] #IO-199 (SHREYAA ENTERPRISES): date 20251025 before start date 20260228
[2026-03-04 12:28:51] [INFO] [DATE SKIP] #IO-200 (SHREYAA ENTERPRISES): date 20251025 before start date 20260228
[2026-03-04 12:28:51] [INFO] [DATE SKIP] #CO2-10 (SHREYAA ENTERPRISES): date 20251025 before start date 20260228
[2026-03-04 12:28:51] [INFO] [DATE SKIP] #IO-201 (SHREYAA ENTERPRISES): date 20251025 before start date 20260228
[2026-03-04 12:28:51] [INFO] [DATE SKIP] #IO-202 (SHREYAA ENTERPRISES): date 20251027 before start date 20260228
[2026-03-04 12:28:51] [INFO] [DATE SKIP] #IO-203 (SHREYAA ENTERPRISES): date 20251027 before start date 20260228
[2026-03-04 12:28:51] [INFO] [DATE SKIP] #IO-204 (SHREYAA ENTERPRISES): date 20251027 before start date 20260228
[2026-03-04 12:28:51] [INFO] [DATE SKIP] #IO-205 (SHREYAA ENTERPRISES): date 20251027 before start date 20260228
[2026-03-04 12:28:51] [INFO] [DATE SKIP] #IO-206 (SHREYAA ENTERPRISES): date 20251027 before start date 20260228
[2026-03-04 12:28:51] [INFO] [DATE SKIP] #ARG-10 (SHREYAA ENTERPRISES): date 20251027 before start date 20260228
[2026-03-04 12:28:51] [INFO] [DATE SKIP] #IO-207 (SHREYAA ENTERPRISES): date 20251027 before start date 20260228
[2026-03-04 12:28:51] [INFO] [DATE SKIP] #IO-208 (SHREYAA ENTERPRISES): date 20251027 before start date 20260228
[2026-03-04 12:28:51] [INFO] [DATE SKIP] #IO-209 (SHREYAA ENTERPRISES): date 20251027 before start date 20260228
[2026-03-04 12:28:51] [INFO] [DATE SKIP] #IO-210 (SHREYAA ENTERPRISES): date 20251027 before start date 20260228
[2026-03-04 12:28:51] [INFO] [DATE SKIP] #IO-211 (SHREYAA ENTERPRISES): date 20251027 before start date 20260228
[2026-03-04 12:28:51] [INFO] [DATE SKIP] #8 (SHREYAA ENTERPRISES): date 20251027 before start date 20260228
[2026-03-04 12:28:51] [INFO] [DATE SKIP] #IO-212 (SHREYAA ENTERPRISES): date 20251028 before start date 20260228
[2026-03-04 12:28:51] [INFO] [DATE SKIP] #IO-213 (SHREYAA ENTERPRISES): date 20251028 before start date 20260228
[2026-03-04 12:28:51] [INFO] [DATE SKIP] #IO-214 (SHREYAA ENTERPRISES): date 20251028 before start date 20260228
[2026-03-04 12:28:51] [INFO] [DATE SKIP] #IO-215 (SHREYAA ENTERPRISES): date 20251028 before start date 20260228
[2026-03-04 12:28:51] [INFO] [DATE SKIP] #IO-216 (SHREYAA ENTERPRISES): date 20251028 before start date 20260228
[2026-03-04 12:28:51] [INFO] [DATE SKIP] #IO-217 (SHREYAA ENTERPRISES): date 20251028 before start date 20260228
[2026-03-04 12:28:51] [INFO] [DATE SKIP] #IO-218 (SHREYAA ENTERPRISES): date 20251028 before start date 20260228
[2026-03-04 12:28:51] [INFO] [DATE SKIP] #IO-219 (SHREYAA ENTERPRISES): date 20251028 before start date 20260228
[2026-03-04 12:28:51] [INFO] [DATE SKIP] #IO-220 (SHREYAA ENTERPRISES): date 20251028 before start date 20260228
[2026-03-04 12:28:51] [INFO] [DATE SKIP] #IO-221 (SHREYAA ENTERPRISES): date 20251028 before start date 20260228
[2026-03-04 12:28:51] [INFO] [DATE SKIP] #IO-222 (SHREYAA ENTERPRISES): date 20251028 before start date 20260228
[2026-03-04 12:28:51] [INFO] [DATE SKIP] #IO-223 (SHREYAA ENTERPRISES): date 20251028 before start date 20260228
[2026-03-04 12:28:51] [INFO] [DATE SKIP] #IO-224 (SHREYAA ENTERPRISES): date 20251028 before start date 20260228
[2026-03-04 12:28:51] [INFO] [DATE SKIP] #IO-225 (SHREYAA ENTERPRISES): date 20251028 before start date 20260228
[2026-03-04 12:28:51] [INFO] [DATE SKIP] #IOP-2 (SHREYAA ENTERPRISES): date 20251029 before start date 20260228
[2026-03-04 12:28:51] [INFO] [DATE SKIP] #IO-226 (SHREYAA ENTERPRISES): date 20251029 before start date 20260228
[2026-03-04 12:28:51] [INFO] [DATE SKIP] #IO-227 (SHREYAA ENTERPRISES): date 20251029 before start date 20260228
[2026-03-04 12:28:51] [INFO] [DATE SKIP] #IO-228 (SHREYAA ENTERPRISES): date 20251029 before start date 20260228
[2026-03-04 12:28:51] [INFO] [DATE SKIP] #IO-229 (SHREYAA ENTERPRISES): date 20251029 before start date 20260228
[2026-03-04 12:28:51] [INFO] [DATE SKIP] #IO-230 (SHREYAA ENTERPRISES): date 20251029 before start date 20260228
[2026-03-04 12:28:51] [INFO] [DATE SKIP] #ARG-11 (SHREYAA ENTERPRISES): date 20251029 before start date 20260228
[2026-03-04 12:28:51] [INFO] [DATE SKIP] #IO-231 (SHREYAA ENTERPRISES): date 20251029 before start date 20260228
[2026-03-04 12:28:51] [INFO] [DATE SKIP] #IO-232 (SHREYAA ENTERPRISES): date 20251029 before start date 20260228
[2026-03-04 12:28:51] [INFO] [DATE SKIP] #IO-233 (SHREYAA ENTERPRISES): date 20251029 before start date 20260228
[2026-03-04 12:28:51] [INFO] [DATE SKIP] #IO-234 (SHREYAA ENTERPRISES): date 20251029 before start date 20260228
[2026-03-04 12:28:51] [INFO] [DATE SKIP] #IO-235 (SHREYAA ENTERPRISES): date 20251029 before start date 20260228
[2026-03-04 12:28:51] [INFO] [DATE SKIP] #IO-236 (SHREYAA ENTERPRISES): date 20251029 before start date 20260228
[2026-03-04 12:28:51] [INFO] [DATE SKIP] #IO-239 (SHREYAA ENTERPRISES): date 20251029 before start date 20260228
[2026-03-04 12:28:51] [INFO] [DATE SKIP] #IO-240 (SHREYAA ENTERPRISES): date 20251029 before start date 20260228
[2026-03-04 12:28:51] [INFO] [DATE SKIP] #IO-241 (SHREYAA ENTERPRISES): date 20251029 before start date 20260228
[2026-03-04 12:28:51] [INFO] [DATE SKIP] #IO-242 (SHREYAA ENTERPRISES): date 20251029 before start date 20260228
[2026-03-04 12:28:51] [INFO] [DATE SKIP] #IO-243 (SHREYAA ENTERPRISES): date 20251029 before start date 20260228
[2026-03-04 12:28:51] [INFO] [DATE SKIP] #IO-244 (SHREYAA ENTERPRISES): date 20251029 before start date 20260228
[2026-03-04 12:28:51] [INFO] [DATE SKIP] #IO-245 (SHREYAA ENTERPRISES): date 20251029 before start date 20260228
[2026-03-04 12:28:51] [INFO] [DATE SKIP] #IOP-3 (SHREYAA ENTERPRISES): date 20251029 before start date 20260228
[2026-03-04 12:28:51] [INFO] [DATE SKIP] #IOP-4 (SHREYAA ENTERPRISES): date 20251029 before start date 20260228
[2026-03-04 12:28:51] [INFO] [DATE SKIP] #IO-281 (SHREYAA ENTERPRISES): date 20251029 before start date 20260228
[2026-03-04 12:28:51] [INFO] [DATE SKIP] #ARG-12 (SHREYAA ENTERPRISES): date 20251030 before start date 20260228
[2026-03-04 12:28:51] [INFO] [DATE SKIP] #IO-246 (SHREYAA ENTERPRISES): date 20251030 before start date 20260228
[2026-03-04 12:28:51] [INFO] [DATE SKIP] #IO-247 (SHREYAA ENTERPRISES): date 20251030 before start date 20260228
[2026-03-04 12:28:51] [INFO] [DATE SKIP] #IO-248 (SHREYAA ENTERPRISES): date 20251030 before start date 20260228
[2026-03-04 12:28:51] [INFO] [DATE SKIP] #IO-249 (SHREYAA ENTERPRISES): date 20251030 before start date 20260228
[2026-03-04 12:28:51] [INFO] [DATE SKIP] #IO-251 (SHREYAA ENTERPRISES): date 20251030 before start date 20260228
[2026-03-04 12:28:51] [INFO] [DATE SKIP] #IO-252 (SHREYAA ENTERPRISES): date 20251030 before start date 20260228
[2026-03-04 12:28:51] [INFO] [DATE SKIP] #IO-253 (SHREYAA ENTERPRISES): date 20251030 before start date 20260228
[2026-03-04 12:28:51] [INFO] [DATE SKIP] #IO-254 (SHREYAA ENTERPRISES): date 20251030 before start date 20260228
[2026-03-04 12:28:51] [INFO] [DATE SKIP] #IO-255 (SHREYAA ENTERPRISES): date 20251030 before start date 20260228
[2026-03-04 12:28:51] [INFO] [DATE SKIP] #IO-256 (SHREYAA ENTERPRISES): date 20251030 before start date 20260228
[2026-03-04 12:28:51] [INFO] [DATE SKIP] #IO-257 (SHREYAA ENTERPRISES): date 20251030 before start date 20260228
[2026-03-04 12:28:51] [INFO] [DATE SKIP] #9 (SHREYAA ENTERPRISES): date 20251030 before start date 20260228
[2026-03-04 12:28:51] [INFO] [DATE SKIP] #LPG-1 (SHREYAA ENTERPRISES): date 20251030 before start date 20260228
[2026-03-04 12:28:51] [INFO] [DATE SKIP] #IO-258 (SHREYAA ENTERPRISES): date 20251030 before start date 20260228
[2026-03-04 12:28:51] [INFO] [DATE SKIP] #IO-259 (SHREYAA ENTERPRISES): date 20251030 before start date 20260228
[2026-03-04 12:28:51] [INFO] [DATE SKIP] #IO-260 (SHREYAA ENTERPRISES): date 20251030 before start date 20260228
[2026-03-04 12:28:51] [INFO] [DATE SKIP] #IO-261 (SHREYAA ENTERPRISES): date 20251030 before start date 20260228
[2026-03-04 12:28:51] [INFO] [DATE SKIP] #IO-262 (SHREYAA ENTERPRISES): date 20251031 before start date 20260228
[2026-03-04 12:28:51] [INFO] [DATE SKIP] #IO-263 (SHREYAA ENTERPRISES): date 20251031 before start date 20260228
[2026-03-04 12:28:51] [INFO] [DATE SKIP] #IO-264 (SHREYAA ENTERPRISES): date 20251031 before start date 20260228
[2026-03-04 12:28:51] [INFO] [DATE SKIP] #IO-265 (SHREYAA ENTERPRISES): date 20251031 before start date 20260228
[2026-03-04 12:28:51] [INFO] [DATE SKIP] #IO-266 (SHREYAA ENTERPRISES): date 20251031 before start date 20260228
[2026-03-04 12:28:51] [INFO] [DATE SKIP] #IO-267 (SHREYAA ENTERPRISES): date 20251031 before start date 20260228
[2026-03-04 12:28:51] [INFO] [DATE SKIP] #IO-268 (SHREYAA ENTERPRISES): date 20251031 before start date 20260228
[2026-03-04 12:28:51] [INFO] [DATE SKIP] #IO-269 (SHREYAA ENTERPRISES): date 20251031 before start date 20260228
[2026-03-04 12:28:51] [INFO] [DATE SKIP] #IO-270 (SHREYAA ENTERPRISES): date 20251031 before start date 20260228
[2026-03-04 12:28:51] [INFO] [DATE SKIP] #IO-271 (SHREYAA ENTERPRISES): date 20251031 before start date 20260228
[2026-03-04 12:28:51] [INFO] [DATE SKIP] #IO-272 (SHREYAA ENTERPRISES): date 20251031 before start date 20260228
[2026-03-04 12:28:51] [INFO] [DATE SKIP] #IO-273 (SHREYAA ENTERPRISES): date 20251031 before start date 20260228
[2026-03-04 12:28:51] [INFO] [DATE SKIP] #IO-274 (SHREYAA ENTERPRISES): date 20251031 before start date 20260228
[2026-03-04 12:28:51] [INFO] [DATE SKIP] #IO-275 (SHREYAA ENTERPRISES): date 20251031 before start date 20260228
[2026-03-04 12:28:51] [INFO] [DATE SKIP] #IO-276 (SHREYAA ENTERPRISES): date 20251031 before start date 20260228
[2026-03-04 12:28:51] [INFO] [DATE SKIP] #IO-277 (SHREYAA ENTERPRISES): date 20251031 before start date 20260228
[2026-03-04 12:28:51] [INFO] [DATE SKIP] #IO-278 (SHREYAA ENTERPRISES): date 20251031 before start date 20260228
[2026-03-04 12:28:51] [INFO] [DATE SKIP] #IO-279 (SHREYAA ENTERPRISES): date 20251101 before start date 20260228
[2026-03-04 12:28:51] [INFO] [DATE SKIP] #IO-280 (SHREYAA ENTERPRISES): date 20251101 before start date 20260228
[2026-03-04 12:28:51] [INFO] [DATE SKIP] #IO-282 (SHREYAA ENTERPRISES): date 20251101 before start date 20260228
[2026-03-04 12:28:51] [INFO] [DATE SKIP] #IO-283 (SHREYAA ENTERPRISES): date 20251101 before start date 20260228
[2026-03-04 12:28:51] [INFO] [DATE SKIP] #IO-284 (SHREYAA ENTERPRISES): date 20251101 before start date 20260228
[2026-03-04 12:28:51] [INFO] [DATE SKIP] #IO-285 (SHREYAA ENTERPRISES): date 20251101 before start date 20260228
[2026-03-04 12:28:51] [INFO] [DATE SKIP] #IO-286 (SHREYAA ENTERPRISES): date 20251101 before start date 20260228
[2026-03-04 12:28:51] [INFO] [DATE SKIP] #IO-287 (SHREYAA ENTERPRISES): date 20251101 before start date 20260228
[2026-03-04 12:28:51] [INFO] [DATE SKIP] #IO-288 (SHREYAA ENTERPRISES): date 20251101 before start date 20260228
[2026-03-04 12:28:51] [INFO] [DATE SKIP] #IO-289 (SHREYAA ENTERPRISES): date 20251101 before start date 20260228
[2026-03-04 12:28:51] [INFO] [DATE SKIP] #10 (SHREYAA ENTERPRISES): date 20251101 before start date 20260228
[2026-03-04 12:28:51] [INFO] [DATE SKIP] #IO-293 (SHREYAA ENTERPRISES): date 20251103 before start date 20260228
[2026-03-04 12:28:51] [INFO] [DATE SKIP] #CO2-11 (SHREYAA ENTERPRISES): date 20251103 before start date 20260228
[2026-03-04 12:28:51] [INFO] [DATE SKIP] #ARG-13 (SHREYAA ENTERPRISES): date 20251103 before start date 20260228
[2026-03-04 12:28:51] [INFO] [DATE SKIP] #IO-294 (SHREYAA ENTERPRISES): date 20251103 before start date 20260228
[2026-03-04 12:28:51] [INFO] [DATE SKIP] #IO-290 (SHREYAA ENTERPRISES): date 20251103 before start date 20260228
[2026-03-04 12:28:51] [INFO] [DATE SKIP] #IO-291 (SHREYAA ENTERPRISES): date 20251103 before start date 20260228
[2026-03-04 12:28:51] [INFO] [DATE SKIP] #IO-292 (SHREYAA ENTERPRISES): date 20251103 before start date 20260228
[2026-03-04 12:28:51] [INFO] [DATE SKIP] #IO-295 (SHREYAA ENTERPRISES): date 20251103 before start date 20260228
[2026-03-04 12:28:51] [INFO] [DATE SKIP] #IO-296 (SHREYAA ENTERPRISES): date 20251103 before start date 20260228
[2026-03-04 12:28:51] [INFO] [DATE SKIP] #IO-297 (SHREYAA ENTERPRISES): date 20251103 before start date 20260228
[2026-03-04 12:28:51] [INFO] [DATE SKIP] #IO-298 (SHREYAA ENTERPRISES): date 20251103 before start date 20260228
[2026-03-04 12:28:51] [INFO] [DATE SKIP] #IO-299 (SHREYAA ENTERPRISES): date 20251103 before start date 20260228
[2026-03-04 12:28:51] [INFO] [DATE SKIP] #IO-300 (SHREYAA ENTERPRISES): date 20251103 before start date 20260228
[2026-03-04 12:28:51] [INFO] [DATE SKIP] #IO-301 (SHREYAA ENTERPRISES): date 20251103 before start date 20260228
[2026-03-04 12:28:51] [INFO] [DATE SKIP] #IO-302 (SHREYAA ENTERPRISES): date 20251103 before start date 20260228
[2026-03-04 12:28:51] [INFO] [DATE SKIP] #IO-303 (SHREYAA ENTERPRISES): date 20251103 before start date 20260228
[2026-03-04 12:28:51] [INFO] [DATE SKIP] #IO-304 (SHREYAA ENTERPRISES): date 20251103 before start date 20260228
[2026-03-04 12:28:51] [INFO] [DATE SKIP] #IO-305 (SHREYAA ENTERPRISES): date 20251103 before start date 20260228
[2026-03-04 12:28:51] [INFO] [DATE SKIP] #CO2-13 (SHREYAA ENTERPRISES): date 20251103 before start date 20260228
[2026-03-04 12:28:51] [INFO] [DATE SKIP] #IO-306 (SHREYAA ENTERPRISES): date 20251104 before start date 20260228
[2026-03-04 12:28:51] [INFO] [DATE SKIP] #IO-307 (SHREYAA ENTERPRISES): date 20251104 before start date 20260228
[2026-03-04 12:28:51] [INFO] [DATE SKIP] #IO-308 (SHREYAA ENTERPRISES): date 20251104 before start date 20260228
[2026-03-04 12:28:51] [INFO] [DATE SKIP] #IO-309 (SHREYAA ENTERPRISES): date 20251104 before start date 20260228
[2026-03-04 12:28:51] [INFO] [DATE SKIP] #CO2-12 (SHREYAA ENTERPRISES): date 20251104 before start date 20260228
[2026-03-04 12:28:51] [INFO] [DATE SKIP] #IO-310 (SHREYAA ENTERPRISES): date 20251104 before start date 20260228
[2026-03-04 12:28:51] [INFO] [DATE SKIP] #IO-311 (SHREYAA ENTERPRISES): date 20251104 before start date 20260228
[2026-03-04 12:28:51] [INFO] [DATE SKIP] #IO-312 (SHREYAA ENTERPRISES): date 20251104 before start date 20260228
[2026-03-04 12:28:51] [INFO] [DATE SKIP] #IO-313 (SHREYAA ENTERPRISES): date 20251104 before start date 20260228
[2026-03-04 12:28:51] [INFO] [DATE SKIP] #IO-314 (SHREYAA ENTERPRISES): date 20251104 before start date 20260228
[2026-03-04 12:28:51] [INFO] [DATE SKIP] #IO-315 (SHREYAA ENTERPRISES): date 20251104 before start date 20260228
[2026-03-04 12:28:51] [INFO] [DATE SKIP] #IO-316 (SHREYAA ENTERPRISES): date 20251104 before start date 20260228
[2026-03-04 12:28:51] [INFO] [DATE SKIP] #IO-317 (SHREYAA ENTERPRISES): date 20251104 before start date 20260228
[2026-03-04 12:28:51] [INFO] [DATE SKIP] #IO-318 (SHREYAA ENTERPRISES): date 20251104 before start date 20260228
[2026-03-04 12:28:51] [INFO] [DATE SKIP] #IO-319 (SHREYAA ENTERPRISES): date 20251104 before start date 20260228
[2026-03-04 12:28:51] [INFO] [DATE SKIP] #IO-320 (SHREYAA ENTERPRISES): date 20251104 before start date 20260228
[2026-03-04 12:28:51] [INFO] [DATE SKIP] #IO-321 (SHREYAA ENTERPRISES): date 20251104 before start date 20260228
[2026-03-04 12:28:51] [INFO] [DATE SKIP] #IO-322 (SHREYAA ENTERPRISES): date 20251104 before start date 20260228
[2026-03-04 12:28:51] [INFO] [DATE SKIP] #IO-323 (SHREYAA ENTERPRISES): date 20251104 before start date 20260228
[2026-03-04 12:28:51] [INFO] [DATE SKIP] #IO-324 (SHREYAA ENTERPRISES): date 20251104 before start date 20260228
[2026-03-04 12:28:51] [INFO] [DATE SKIP] #IO-325 (SHREYAA ENTERPRISES): date 20251104 before start date 20260228
[2026-03-04 12:28:51] [INFO] [DATE SKIP] #IO-326 (SHREYAA ENTERPRISES): date 20251105 before start date 20260228
[2026-03-04 12:28:51] [INFO] [DATE SKIP] #IO-327 (SHREYAA ENTERPRISES): date 20251105 before start date 20260228
[2026-03-04 12:28:51] [INFO] [DATE SKIP] #ARG-14 (SHREYAA ENTERPRISES): date 20251105 before start date 20260228
[2026-03-04 12:28:51] [INFO] [DATE SKIP] #IO-328 (SHREYAA ENTERPRISES): date 20251105 before start date 20260228
[2026-03-04 12:28:51] [INFO] [DATE SKIP] #IO-329 (SHREYAA ENTERPRISES): date 20251105 before start date 20260228
[2026-03-04 12:28:51] [INFO] [DATE SKIP] #CO2-14 (SHREYAA ENTERPRISES): date 20251105 before start date 20260228
[2026-03-04 12:28:51] [INFO] [DATE SKIP] #11 (SHREYAA ENTERPRISES): date 20251105 before start date 20260228
[2026-03-04 12:28:51] [INFO] [DATE SKIP] #12 (SHREYAA ENTERPRISES): date 20251105 before start date 20260228
[2026-03-04 12:28:51] [INFO] [DATE SKIP] #13 (SHREYAA ENTERPRISES): date 20251105 before start date 20260228
[2026-03-04 12:28:51] [INFO] [DATE SKIP] #14 (SHREYAA ENTERPRISES): date 20251105 before start date 20260228
[2026-03-04 12:28:51] [INFO] [DATE SKIP] #15 (SHREYAA ENTERPRISES): date 20251105 before start date 20260228
[2026-03-04 12:28:51] [INFO] [DATE SKIP] #IO-330 (SHREYAA ENTERPRISES): date 20251105 before start date 20260228
[2026-03-04 12:28:51] [INFO] [DATE SKIP] #ARG-15 (SHREYAA ENTERPRISES): date 20251105 before start date 20260228
[2026-03-04 12:28:51] [INFO] [DATE SKIP] #IO-331 (SHREYAA ENTERPRISES): date 20251105 before start date 20260228
[2026-03-04 12:28:51] [INFO] [DATE SKIP] #CO2-15 (SHREYAA ENTERPRISES): date 20251105 before start date 20260228
[2026-03-04 12:28:51] [INFO] [DATE SKIP] #IO-332 (SHREYAA ENTERPRISES): date 20251105 before start date 20260228
[2026-03-04 12:28:51] [INFO] [DATE SKIP] #IO-333 (SHREYAA ENTERPRISES): date 20251106 before start date 20260228
[2026-03-04 12:28:51] [INFO] [DATE SKIP] #IO-334 (SHREYAA ENTERPRISES): date 20251106 before start date 20260228
[2026-03-04 12:28:51] [INFO] [DATE SKIP] #IO-335 (SHREYAA ENTERPRISES): date 20251106 before start date 20260228
[2026-03-04 12:28:51] [INFO] [DATE SKIP] #IO-336 (SHREYAA ENTERPRISES): date 20251106 before start date 20260228
[2026-03-04 12:28:51] [INFO] [DATE SKIP] #IO-337 (SHREYAA ENTERPRISES): date 20251106 before start date 20260228
[2026-03-04 12:28:51] [INFO] [DATE SKIP] #IO-338 (SHREYAA ENTERPRISES): date 20251106 before start date 20260228
[2026-03-04 12:28:51] [INFO] [DATE SKIP] #IO-339 (SHREYAA ENTERPRISES): date 20251106 before start date 20260228
[2026-03-04 12:28:51] [INFO] [DATE SKIP] #IO-340 (SHREYAA ENTERPRISES): date 20251106 before start date 20260228
[2026-03-04 12:28:51] [INFO] [DATE SKIP] #IO-341 (SHREYAA ENTERPRISES): date 20251106 before start date 20260228
[2026-03-04 12:28:51] [INFO] [DATE SKIP] #IO-342 (SHREYAA ENTERPRISES): date 20251106 before start date 20260228
[2026-03-04 12:28:51] [INFO] [DATE SKIP] #IO-343 (SHREYAA ENTERPRISES): date 20251106 before start date 20260228
[2026-03-04 12:28:51] [INFO] [DATE SKIP] #IO-344 (SHREYAA ENTERPRISES): date 20251106 before start date 20260228
[2026-03-04 12:28:51] [INFO] [DATE SKIP] #IO-345 (SHREYAA ENTERPRISES): date 20251106 before start date 20260228
[2026-03-04 12:28:51] [INFO] [DATE SKIP] #IO-346 (SHREYAA ENTERPRISES): date 20251106 before start date 20260228
[2026-03-04 12:28:51] [INFO] [DATE SKIP] #IO-347 (SHREYAA ENTERPRISES): date 20251107 before start date 20260228
[2026-03-04 12:28:51] [INFO] [DATE SKIP] #IO-348 (SHREYAA ENTERPRISES): date 20251107 before start date 20260228
[2026-03-04 12:28:51] [INFO] [DATE SKIP] #IO-349 (SHREYAA ENTERPRISES): date 20251107 before start date 20260228
[2026-03-04 12:28:51] [INFO] [DATE SKIP] #IO-350 (SHREYAA ENTERPRISES): date 20251107 before start date 20260228
[2026-03-04 12:28:51] [INFO] [DATE SKIP] #IO-351 (SHREYAA ENTERPRISES): date 20251107 before start date 20260228
[2026-03-04 12:28:51] [INFO] [DATE SKIP] #IO-352 (SHREYAA ENTERPRISES): date 20251107 before start date 20260228
[2026-03-04 12:28:51] [INFO] [DATE SKIP] #IO-353 (SHREYAA ENTERPRISES): date 20251107 before start date 20260228
[2026-03-04 12:28:51] [INFO] [DATE SKIP] #IO-354 (SHREYAA ENTERPRISES): date 20251107 before start date 20260228
[2026-03-04 12:28:51] [INFO] [DATE SKIP] #IO-355 (SHREYAA ENTERPRISES): date 20251107 before start date 20260228
[2026-03-04 12:28:51] [INFO] [DATE SKIP] #IO-356 (SHREYAA ENTERPRISES): date 20251107 before start date 20260228
[2026-03-04 12:28:51] [INFO] [DATE SKIP] #IO-357 (SHREYAA ENTERPRISES): date 20251107 before start date 20260228
[2026-03-04 12:28:51] [INFO] [DATE SKIP] #ARG-16 (SHREYAA ENTERPRISES): date 20251107 before start date 20260228
[2026-03-04 12:28:51] [INFO] [DATE SKIP] #CO2-16 (SHREYAA ENTERPRISES): date 20251107 before start date 20260228
[2026-03-04 12:28:51] [INFO] [DATE SKIP] #IO-358 (SHREYAA ENTERPRISES): date 20251107 before start date 20260228
[2026-03-04 12:28:51] [INFO] [DATE SKIP] #IO-359 (SHREYAA ENTERPRISES): date 20251107 before start date 20260228
[2026-03-04 12:28:51] [INFO] [DATE SKIP] #IO-360 (SHREYAA ENTERPRISES): date 20251107 before start date 20260228
[2026-03-04 12:28:51] [INFO] [DATE SKIP] #IO-361 (SHREYAA ENTERPRISES): date 20251107 before start date 20260228
[2026-03-04 12:28:51] [INFO] [DATE SKIP] #CO2-17 (SHREYAA ENTERPRISES): date 20251107 before start date 20260228
[2026-03-04 12:28:51] [INFO] [DATE SKIP] #IO-363 (SHREYAA ENTERPRISES): date 20251108 before start date 20260228
[2026-03-04 12:28:51] [INFO] [DATE SKIP] #IO-364 (SHREYAA ENTERPRISES): date 20251108 before start date 20260228
[2026-03-04 12:28:51] [INFO] [DATE SKIP] #IO-365 (SHREYAA ENTERPRISES): date 20251108 before start date 20260228
[2026-03-04 12:28:51] [INFO] [DATE SKIP] #ARG-17 (SHREYAA ENTERPRISES): date 20251108 before start date 20260228
[2026-03-04 12:28:51] [INFO] [DATE SKIP] #IO-366 (SHREYAA ENTERPRISES): date 20251108 before start date 20260228
[2026-03-04 12:28:51] [INFO] [DATE SKIP] #IO-367 (SHREYAA ENTERPRISES): date 20251108 before start date 20260228
[2026-03-04 12:28:51] [INFO] [DATE SKIP] #IO-368 (SHREYAA ENTERPRISES): date 20251108 before start date 20260228
[2026-03-04 12:28:51] [INFO] [DATE SKIP] #IO-369 (SHREYAA ENTERPRISES): date 20251108 before start date 20260228
[2026-03-04 12:28:51] [INFO] [DATE SKIP] #IO-370 (SHREYAA ENTERPRISES): date 20251108 before start date 20260228
[2026-03-04 12:28:51] [INFO] [DATE SKIP] #IO-371 (SHREYAA ENTERPRISES): date 20251108 before start date 20260228
[2026-03-04 12:28:51] [INFO] [DATE SKIP] #IO-372 (SHREYAA ENTERPRISES): date 20251108 before start date 20260228
[2026-03-04 12:28:51] [INFO] [DATE SKIP] #IO-373 (SHREYAA ENTERPRISES): date 20251108 before start date 20260228
[2026-03-04 12:28:51] [INFO] [DATE SKIP] #IO-374 (SHREYAA ENTERPRISES): date 20251108 before start date 20260228
[2026-03-04 12:28:51] [INFO] [DATE SKIP] #IO-375 (SHREYAA ENTERPRISES): date 20251108 before start date 20260228
[2026-03-04 12:28:51] [INFO] [DATE SKIP] #IO-376 (SHREYAA ENTERPRISES): date 20251108 before start date 20260228
[2026-03-04 12:28:51] [INFO] [DATE SKIP] #IO-377 (SHREYAA ENTERPRISES): date 20251108 before start date 20260228
[2026-03-04 12:28:51] [INFO] [DATE SKIP] #IO-378 (SHREYAA ENTERPRISES): date 20251108 before start date 20260228
[2026-03-04 12:28:51] [INFO] [DATE SKIP] #IO-380 (SHREYAA ENTERPRISES): date 20251108 before start date 20260228
[2026-03-04 12:28:51] [INFO] [DATE SKIP] #CO2-18 (SHREYAA ENTERPRISES): date 20251108 before start date 20260228
[2026-03-04 12:28:51] [INFO] [DATE SKIP] #IO-382 (SHREYAA ENTERPRISES): date 20251108 before start date 20260228
[2026-03-04 12:28:51] [INFO] [DATE SKIP] #IO-383 (SHREYAA ENTERPRISES): date 20251108 before start date 20260228
[2026-03-04 12:28:51] [INFO] [DATE SKIP] #IOP-5 (SHREYAA ENTERPRISES): date 20251108 before start date 20260228
[2026-03-04 12:28:51] [INFO] [DATE SKIP] #IO-379 (SHREYAA ENTERPRISES): date 20251108 before start date 20260228
[2026-03-04 12:28:51] [INFO] [DATE SKIP] #IO-384 (SHREYAA ENTERPRISES): date 20251109 before start date 20260228
[2026-03-04 12:28:51] [INFO] [DATE SKIP] #IO-397 (SHREYAA ENTERPRISES): date 20251109 before start date 20260228
[2026-03-04 12:28:51] [INFO] [DATE SKIP] #IO-385 (SHREYAA ENTERPRISES): date 20251110 before start date 20260228
[2026-03-04 12:28:51] [INFO] [DATE SKIP] #IO-386 (SHREYAA ENTERPRISES): date 20251110 before start date 20260228
[2026-03-04 12:28:51] [INFO] [DATE SKIP] #IO-387 (SHREYAA ENTERPRISES): date 20251110 before start date 20260228
[2026-03-04 12:28:51] [INFO] [DATE SKIP] #CO2-19 (SHREYAA ENTERPRISES): date 20251110 before start date 20260228
[2026-03-04 12:28:51] [INFO] [DATE SKIP] #IO-388 (SHREYAA ENTERPRISES): date 20251110 before start date 20260228
[2026-03-04 12:28:51] [INFO] [DATE SKIP] #IO-389 (SHREYAA ENTERPRISES): date 20251110 before start date 20260228
[2026-03-04 12:28:51] [INFO] [DATE SKIP] #IO-390 (SHREYAA ENTERPRISES): date 20251110 before start date 20260228
[2026-03-04 12:28:51] [INFO] [DATE SKIP] #IO-391 (SHREYAA ENTERPRISES): date 20251110 before start date 20260228
[2026-03-04 12:28:51] [INFO] [DATE SKIP] #IO-392 (SHREYAA ENTERPRISES): date 20251110 before start date 20260228
[2026-03-04 12:28:51] [INFO] [DATE SKIP] #IO-393 (SHREYAA ENTERPRISES): date 20251110 before start date 20260228
[2026-03-04 12:28:51] [INFO] [DATE SKIP] #IO-394 (SHREYAA ENTERPRISES): date 20251110 before start date 20260228
[2026-03-04 12:28:51] [INFO] [DATE SKIP] #IO-395 (SHREYAA ENTERPRISES): date 20251110 before start date 20260228
[2026-03-04 12:28:51] [INFO] [DATE SKIP] #IO-396 (SHREYAA ENTERPRISES): date 20251110 before start date 20260228
[2026-03-04 12:28:51] [INFO] [DATE SKIP] #IO-398 (SHREYAA ENTERPRISES): date 20251110 before start date 20260228
[2026-03-04 12:28:51] [INFO] [DATE SKIP] #IO-399 (SHREYAA ENTERPRISES): date 20251110 before start date 20260228
[2026-03-04 12:28:51] [INFO] [DATE SKIP] #IO-400 (SHREYAA ENTERPRISES): date 20251110 before start date 20260228
[2026-03-04 12:28:51] [INFO] [DATE SKIP] #IO-401 (SHREYAA ENTERPRISES): date 20251110 before start date 20260228
[2026-03-04 12:28:51] [INFO] [DATE SKIP] #IO-402 (SHREYAA ENTERPRISES): date 20251110 before start date 20260228
[2026-03-04 12:28:51] [INFO] [DATE SKIP] #IO-403 (SHREYAA ENTERPRISES): date 20251110 before start date 20260228
[2026-03-04 12:28:51] [INFO] [DATE SKIP] #IO-404 (SHREYAA ENTERPRISES): date 20251110 before start date 20260228
[2026-03-04 12:28:51] [INFO] [DATE SKIP] #IO-405 (SHREYAA ENTERPRISES): date 20251110 before start date 20260228
[2026-03-04 12:28:51] [INFO] [DATE SKIP] #IO-406 (SHREYAA ENTERPRISES): date 20251110 before start date 20260228
[2026-03-04 12:28:51] [INFO] [DATE SKIP] #CO2-20 (SHREYAA ENTERPRISES): date 20251111 before start date 20260228
[2026-03-04 12:28:51] [INFO] [DATE SKIP] #IO-407 (SHREYAA ENTERPRISES): date 20251111 before start date 20260228
[2026-03-04 12:28:51] [INFO] [DATE SKIP] #IO-408 (SHREYAA ENTERPRISES): date 20251111 before start date 20260228
[2026-03-04 12:28:51] [INFO] [DATE SKIP] #IO-410 (SHREYAA ENTERPRISES): date 20251111 before start date 20260228
[2026-03-04 12:28:51] [INFO] [DATE SKIP] #IO-411 (SHREYAA ENTERPRISES): date 20251111 before start date 20260228
[2026-03-04 12:28:51] [INFO] [DATE SKIP] #IO-412 (SHREYAA ENTERPRISES): date 20251111 before start date 20260228
[2026-03-04 12:28:51] [INFO] [DATE SKIP] #IO-413 (SHREYAA ENTERPRISES): date 20251111 before start date 20260228
[2026-03-04 12:28:51] [INFO] [DATE SKIP] #IO-414 (SHREYAA ENTERPRISES): date 20251111 before start date 20260228
[2026-03-04 12:28:51] [INFO] [DATE SKIP] #IO-415 (SHREYAA ENTERPRISES): date 20251111 before start date 20260228
[2026-03-04 12:28:51] [INFO] [DATE SKIP] #IO-416 (SHREYAA ENTERPRISES): date 20251111 before start date 20260228
[2026-03-04 12:28:51] [INFO] [DATE SKIP] #IO-417 (SHREYAA ENTERPRISES): date 20251111 before start date 20260228
[2026-03-04 12:28:51] [INFO] [DATE SKIP] #IO-418 (SHREYAA ENTERPRISES): date 20251111 before start date 20260228
[2026-03-04 12:28:51] [INFO] [DATE SKIP] #IO-419 (SHREYAA ENTERPRISES): date 20251111 before start date 20260228
[2026-03-04 12:28:51] [INFO] [DATE SKIP] #IO-420 (SHREYAA ENTERPRISES): date 20251111 before start date 20260228
[2026-03-04 12:28:51] [INFO] [DATE SKIP] #IO-421 (SHREYAA ENTERPRISES): date 20251111 before start date 20260228
[2026-03-04 12:28:51] [INFO] [DATE SKIP] #16 (SHREYAA ENTERPRISES): date 20251111 before start date 20260228
[2026-03-04 12:28:51] [INFO] [DATE SKIP] #IO-409 (SHREYAA ENTERPRISES): date 20251112 before start date 20260228
[2026-03-04 12:28:51] [INFO] [DATE SKIP] #IO-422 (SHREYAA ENTERPRISES): date 20251112 before start date 20260228
[2026-03-04 12:28:51] [INFO] [DATE SKIP] #IO-423 (SHREYAA ENTERPRISES): date 20251112 before start date 20260228
[2026-03-04 12:28:51] [INFO] [DATE SKIP] #IO-424 (SHREYAA ENTERPRISES): date 20251112 before start date 20260228
[2026-03-04 12:28:51] [INFO] [DATE SKIP] #IO-425 (SHREYAA ENTERPRISES): date 20251112 before start date 20260228
[2026-03-04 12:28:51] [INFO] [DATE SKIP] #IO-426 (SHREYAA ENTERPRISES): date 20251112 before start date 20260228
[2026-03-04 12:28:51] [INFO] [DATE SKIP] #IO-427 (SHREYAA ENTERPRISES): date 20251112 before start date 20260228
[2026-03-04 12:28:51] [INFO] [DATE SKIP] #IO-428 (SHREYAA ENTERPRISES): date 20251112 before start date 20260228
[2026-03-04 12:28:51] [INFO] [DATE SKIP] #17 (SHREYAA ENTERPRISES): date 20251112 before start date 20260228
[2026-03-04 12:28:51] [INFO] [DATE SKIP] #IO-429 (SHREYAA ENTERPRISES): date 20251112 before start date 20260228
[2026-03-04 12:28:51] [INFO] [DATE SKIP] #18 (SHREYAA ENTERPRISES): date 20251112 before start date 20260228
[2026-03-04 12:28:51] [INFO] [DATE SKIP] #IO-430 (SHREYAA ENTERPRISES): date 20251112 before start date 20260228
[2026-03-04 12:28:51] [INFO] [DATE SKIP] #IO-431 (SHREYAA ENTERPRISES): date 20251113 before start date 20260228
[2026-03-04 12:28:51] [INFO] [DATE SKIP] #CO2-21 (SHREYAA ENTERPRISES): date 20251113 before start date 20260228
[2026-03-04 12:28:51] [INFO] [DATE SKIP] #IO-432 (SHREYAA ENTERPRISES): date 20251113 before start date 20260228
[2026-03-04 12:28:51] [INFO] [DATE SKIP] #IO-433 (SHREYAA ENTERPRISES): date 20251113 before start date 20260228
[2026-03-04 12:28:51] [INFO] [DATE SKIP] #IO-434 (SHREYAA ENTERPRISES): date 20251113 before start date 20260228
[2026-03-04 12:28:51] [INFO] [DATE SKIP] #IO-435 (SHREYAA ENTERPRISES): date 20251113 before start date 20260228
[2026-03-04 12:28:51] [INFO] [DATE SKIP] #IO-436 (SHREYAA ENTERPRISES): date 20251113 before start date 20260228
[2026-03-04 12:28:51] [INFO] [DATE SKIP] #IO-437 (SHREYAA ENTERPRISES): date 20251113 before start date 20260228
[2026-03-04 12:28:51] [INFO] [DATE SKIP] #IO-438 (SHREYAA ENTERPRISES): date 20251113 before start date 20260228
[2026-03-04 12:28:51] [INFO] [DATE SKIP] #IO-439 (SHREYAA ENTERPRISES): date 20251113 before start date 20260228
[2026-03-04 12:28:51] [INFO] [DATE SKIP] #IO-440 (SHREYAA ENTERPRISES): date 20251113 before start date 20260228
[2026-03-04 12:28:51] [INFO] [DATE SKIP] #IO-441 (SHREYAA ENTERPRISES): date 20251113 before start date 20260228
[2026-03-04 12:28:51] [INFO] [DATE SKIP] #IO-442 (SHREYAA ENTERPRISES): date 20251113 before start date 20260228
[2026-03-04 12:28:51] [INFO] [DATE SKIP] #IO-443 (SHREYAA ENTERPRISES): date 20251113 before start date 20260228
[2026-03-04 12:28:51] [INFO] [DATE SKIP] #IO-444 (SHREYAA ENTERPRISES): date 20251113 before start date 20260228
[2026-03-04 12:28:51] [INFO] [DATE SKIP] #IO-445 (SHREYAA ENTERPRISES): date 20251113 before start date 20260228
[2026-03-04 12:28:51] [INFO] [DATE SKIP] #IO-446 (SHREYAA ENTERPRISES): date 20251113 before start date 20260228
[2026-03-04 12:28:51] [INFO] [DATE SKIP] #IO-447 (SHREYAA ENTERPRISES): date 20251113 before start date 20260228
[2026-03-04 12:28:51] [INFO] [DATE SKIP] #IO-448 (SHREYAA ENTERPRISES): date 20251114 before start date 20260228
[2026-03-04 12:28:51] [INFO] [DATE SKIP] #IO-449 (SHREYAA ENTERPRISES): date 20251114 before start date 20260228
[2026-03-04 12:28:51] [INFO] [DATE SKIP] #IO-450 (SHREYAA ENTERPRISES): date 20251114 before start date 20260228
[2026-03-04 12:28:51] [INFO] [DATE SKIP] #IO-451 (SHREYAA ENTERPRISES): date 20251114 before start date 20260228
[2026-03-04 12:28:51] [INFO] [DATE SKIP] #IO-452 (SHREYAA ENTERPRISES): date 20251114 before start date 20260228
[2026-03-04 12:28:51] [INFO] [DATE SKIP] #IO-453 (SHREYAA ENTERPRISES): date 20251114 before start date 20260228
[2026-03-04 12:28:51] [INFO] [DATE SKIP] #IO-454 (SHREYAA ENTERPRISES): date 20251114 before start date 20260228
[2026-03-04 12:28:51] [INFO] [DATE SKIP] #IO-455 (SHREYAA ENTERPRISES): date 20251114 before start date 20260228
[2026-03-04 12:28:51] [INFO] [DATE SKIP] #L2N-7 (SHREYAA ENTERPRISES): date 20251114 before start date 20260228
[2026-03-04 12:28:51] [INFO] [DATE SKIP] #IO-456 (SHREYAA ENTERPRISES): date 20251114 before start date 20260228
[2026-03-04 12:28:51] [INFO] [DATE SKIP] #IO-457 (SHREYAA ENTERPRISES): date 20251114 before start date 20260228
[2026-03-04 12:28:51] [INFO] [DATE SKIP] #19 (SHREYAA ENTERPRISES): date 20251114 before start date 20260228
[2026-03-04 12:28:51] [INFO] [DATE SKIP] #IO-458 (SHREYAA ENTERPRISES): date 20251114 before start date 20260228
[2026-03-04 12:28:51] [INFO] [DATE SKIP] #IO-459 (SHREYAA ENTERPRISES): date 20251114 before start date 20260228
[2026-03-04 12:28:51] [INFO] [DATE SKIP] #ARG-18 (SHREYAA ENTERPRISES): date 20251115 before start date 20260228
[2026-03-04 12:28:51] [INFO] [DATE SKIP] #IO-460 (SHREYAA ENTERPRISES): date 20251115 before start date 20260228
[2026-03-04 12:28:51] [INFO] [DATE SKIP] #IO-461 (SHREYAA ENTERPRISES): date 20251115 before start date 20260228
[2026-03-04 12:28:51] [INFO] [DATE SKIP] #IO-462 (SHREYAA ENTERPRISES): date 20251115 before start date 20260228
[2026-03-04 12:28:51] [INFO] [DATE SKIP] #IO-463 (SHREYAA ENTERPRISES): date 20251115 before start date 20260228
[2026-03-04 12:28:51] [INFO] [DATE SKIP] #IO-464 (SHREYAA ENTERPRISES): date 20251115 before start date 20260228
[2026-03-04 12:28:51] [INFO] [DATE SKIP] #IO-465 (SHREYAA ENTERPRISES): date 20251115 before start date 20260228
[2026-03-04 12:28:51] [INFO] [DATE SKIP] #IO-466 (SHREYAA ENTERPRISES): date 20251115 before start date 20260228
[2026-03-04 12:28:51] [INFO] [DATE SKIP] #IO-467 (SHREYAA ENTERPRISES): date 20251115 before start date 20260228
[2026-03-04 12:28:51] [INFO] [DATE SKIP] #IO-468 (SHREYAA ENTERPRISES): date 20251115 before start date 20260228
[2026-03-04 12:28:51] [INFO] [DATE SKIP] #IO-469 (SHREYAA ENTERPRISES): date 20251115 before start date 20260228
[2026-03-04 12:28:51] [INFO] [DATE SKIP] #IO-470 (SHREYAA ENTERPRISES): date 20251115 before start date 20260228
[2026-03-04 12:28:51] [INFO] [DATE SKIP] #IO-471 (SHREYAA ENTERPRISES): date 20251115 before start date 20260228
[2026-03-04 12:28:51] [INFO] [DATE SKIP] #IO-472 (SHREYAA ENTERPRISES): date 20251115 before start date 20260228
[2026-03-04 12:28:51] [INFO] [DATE SKIP] #IO-473 (SHREYAA ENTERPRISES): date 20251115 before start date 20260228
[2026-03-04 12:28:51] [INFO] [DATE SKIP] #IO-474 (SHREYAA ENTERPRISES): date 20251115 before start date 20260228
[2026-03-04 12:28:51] [INFO] [DATE SKIP] #IO-475 (SHREYAA ENTERPRISES): date 20251115 before start date 20260228
[2026-03-04 12:28:51] [INFO] [DATE SKIP] #IO-476 (SHREYAA ENTERPRISES): date 20251115 before start date 20260228
[2026-03-04 12:28:51] [INFO] [DATE SKIP] #IO-477 (SHREYAA ENTERPRISES): date 20251115 before start date 20260228
[2026-03-04 12:28:51] [INFO] [DATE SKIP] #IO-478 (SHREYAA ENTERPRISES): date 20251115 before start date 20260228
[2026-03-04 12:28:51] [INFO] [DATE SKIP] #IO-479 (SHREYAA ENTERPRISES): date 20251117 before start date 20260228
[2026-03-04 12:28:51] [INFO] [DATE SKIP] #IO-480 (SHREYAA ENTERPRISES): date 20251117 before start date 20260228
[2026-03-04 12:28:51] [INFO] [DATE SKIP] #IO-481 (SHREYAA ENTERPRISES): date 20251117 before start date 20260228
[2026-03-04 12:28:51] [INFO] [DATE SKIP] #CO2-22 (SHREYAA ENTERPRISES): date 20251117 before start date 20260228
[2026-03-04 12:28:51] [INFO] [DATE SKIP] #IO-482 (SHREYAA ENTERPRISES): date 20251117 before start date 20260228
[2026-03-04 12:28:51] [INFO] [DATE SKIP] #IO-483 (SHREYAA ENTERPRISES): date 20251117 before start date 20260228
[2026-03-04 12:28:51] [INFO] [DATE SKIP] #IO-484 (SHREYAA ENTERPRISES): date 20251117 before start date 20260228
[2026-03-04 12:28:51] [INFO] [DATE SKIP] #IO-485 (SHREYAA ENTERPRISES): date 20251117 before start date 20260228
[2026-03-04 12:28:51] [INFO] [DATE SKIP] #IO-486 (SHREYAA ENTERPRISES): date 20251117 before start date 20260228
[2026-03-04 12:28:51] [INFO] [DATE SKIP] #IO-487 (SHREYAA ENTERPRISES): date 20251117 before start date 20260228
[2026-03-04 12:28:51] [INFO] [DATE SKIP] #IO-488 (SHREYAA ENTERPRISES): date 20251117 before start date 20260228
[2026-03-04 12:28:51] [INFO] [DATE SKIP] #IO-489 (SHREYAA ENTERPRISES): date 20251117 before start date 20260228
[2026-03-04 12:28:51] [INFO] [DATE SKIP] #IO-490 (SHREYAA ENTERPRISES): date 20251117 before start date 20260228
[2026-03-04 12:28:51] [INFO] [DATE SKIP] #IO-491 (SHREYAA ENTERPRISES): date 20251117 before start date 20260228
[2026-03-04 12:28:51] [INFO] [DATE SKIP] #IO-492 (SHREYAA ENTERPRISES): date 20251117 before start date 20260228
[2026-03-04 12:28:51] [INFO] [DATE SKIP] #IO-493 (SHREYAA ENTERPRISES): date 20251118 before start date 20260228
[2026-03-04 12:28:51] [INFO] [DATE SKIP] #IO-494 (SHREYAA ENTERPRISES): date 20251118 before start date 20260228
[2026-03-04 12:28:51] [INFO] [DATE SKIP] #IO-495 (SHREYAA ENTERPRISES): date 20251118 before start date 20260228
[2026-03-04 12:28:51] [INFO] [DATE SKIP] #IO-496 (SHREYAA ENTERPRISES): date 20251118 before start date 20260228
[2026-03-04 12:28:51] [INFO] [DATE SKIP] #IO-497 (SHREYAA ENTERPRISES): date 20251118 before start date 20260228
[2026-03-04 12:28:51] [INFO] [DATE SKIP] #IO-498 (SHREYAA ENTERPRISES): date 20251118 before start date 20260228
[2026-03-04 12:28:51] [INFO] [DATE SKIP] #IO-499 (SHREYAA ENTERPRISES): date 20251118 before start date 20260228
[2026-03-04 12:28:51] [INFO] [DATE SKIP] #IO-500 (SHREYAA ENTERPRISES): date 20251118 before start date 20260228
[2026-03-04 12:28:51] [INFO] [DATE SKIP] #IO-501 (SHREYAA ENTERPRISES): date 20251118 before start date 20260228
[2026-03-04 12:28:51] [INFO] [DATE SKIP] #IO-502 (SHREYAA ENTERPRISES): date 20251118 before start date 20260228
[2026-03-04 12:28:51] [INFO] [DATE SKIP] #IO-503 (SHREYAA ENTERPRISES): date 20251118 before start date 20260228
[2026-03-04 12:28:51] [INFO] [DATE SKIP] #IO-504 (SHREYAA ENTERPRISES): date 20251118 before start date 20260228
[2026-03-04 12:28:51] [INFO] [DATE SKIP] #IO-505 (SHREYAA ENTERPRISES): date 20251118 before start date 20260228
[2026-03-04 12:28:51] [INFO] [DATE SKIP] #IO-507 (SHREYAA ENTERPRISES): date 20251118 before start date 20260228
[2026-03-04 12:28:51] [INFO] [DATE SKIP] #IO-508 (SHREYAA ENTERPRISES): date 20251118 before start date 20260228
[2026-03-04 12:28:51] [INFO] [DATE SKIP] #IO-509 (SHREYAA ENTERPRISES): date 20251118 before start date 20260228
[2026-03-04 12:28:51] [INFO] [DATE SKIP] #IO-510 (SHREYAA ENTERPRISES): date 20251118 before start date 20260228
[2026-03-04 12:28:51] [INFO] [DATE SKIP] #IO-511 (SHREYAA ENTERPRISES): date 20251118 before start date 20260228
[2026-03-04 12:28:51] [INFO] [DATE SKIP] #IO-534 (SHREYAA ENTERPRISES): date 20251118 before start date 20260228
[2026-03-04 12:28:51] [INFO] [DATE SKIP] #IO-535 (SHREYAA ENTERPRISES): date 20251118 before start date 20260228
[2026-03-04 12:28:51] [INFO] [DATE SKIP] #IO-536 (SHREYAA ENTERPRISES): date 20251118 before start date 20260228
[2026-03-04 12:28:51] [INFO] [DATE SKIP] #IO-557 (SHREYAA ENTERPRISES): date 20251119 before start date 20260228
[2026-03-04 12:28:51] [INFO] [DATE SKIP] #IO-515 (SHREYAA ENTERPRISES): date 20251119 before start date 20260228
[2026-03-04 12:28:51] [INFO] [DATE SKIP] #IO-512 (SHREYAA ENTERPRISES): date 20251119 before start date 20260228
[2026-03-04 12:28:51] [INFO] [DATE SKIP] #IO-513 (SHREYAA ENTERPRISES): date 20251119 before start date 20260228
[2026-03-04 12:28:51] [INFO] [DATE SKIP] #IO-514 (SHREYAA ENTERPRISES): date 20251119 before start date 20260228
[2026-03-04 12:28:51] [INFO] [DATE SKIP] #IO-516 (SHREYAA ENTERPRISES): date 20251119 before start date 20260228
[2026-03-04 12:28:51] [INFO] [DATE SKIP] #IO-517 (SHREYAA ENTERPRISES): date 20251119 before start date 20260228
[2026-03-04 12:28:51] [INFO] [DATE SKIP] #IO-518 (SHREYAA ENTERPRISES): date 20251119 before start date 20260228
[2026-03-04 12:28:51] [INFO] [DATE SKIP] #IO-520 (SHREYAA ENTERPRISES): date 20251119 before start date 20260228
[2026-03-04 12:28:51] [INFO] [DATE SKIP] #IO-521 (SHREYAA ENTERPRISES): date 20251119 before start date 20260228
[2026-03-04 12:28:51] [INFO] [DATE SKIP] #IO-522 (SHREYAA ENTERPRISES): date 20251119 before start date 20260228
[2026-03-04 12:28:51] [INFO] [DATE SKIP] #IO-523 (SHREYAA ENTERPRISES): date 20251119 before start date 20260228
[2026-03-04 12:28:51] [INFO] [DATE SKIP] #IO-524 (SHREYAA ENTERPRISES): date 20251119 before start date 20260228
[2026-03-04 12:28:51] [INFO] [DATE SKIP] #IO-525 (SHREYAA ENTERPRISES): date 20251119 before start date 20260228
[2026-03-04 12:28:51] [INFO] [DATE SKIP] #IO-526 (SHREYAA ENTERPRISES): date 20251119 before start date 20260228
[2026-03-04 12:28:51] [INFO] [DATE SKIP] #20 (SHREYAA ENTERPRISES): date 20251119 before start date 20260228
[2026-03-04 12:28:51] [INFO] [DATE SKIP] #IO-527 (SHREYAA ENTERPRISES): date 20251120 before start date 20260228
[2026-03-04 12:28:51] [INFO] [DATE SKIP] #IO-528 (SHREYAA ENTERPRISES): date 20251120 before start date 20260228
[2026-03-04 12:28:51] [INFO] [DATE SKIP] #CO2-25 (SHREYAA ENTERPRISES): date 20251120 before start date 20260228
[2026-03-04 12:28:51] [INFO] [DATE SKIP] #CO2-23 (SHREYAA ENTERPRISES): date 20251120 before start date 20260228
[2026-03-04 12:28:51] [INFO] [DATE SKIP] #IO-529 (SHREYAA ENTERPRISES): date 20251120 before start date 20260228
[2026-03-04 12:28:51] [INFO] [DATE SKIP] #IO-506 (SHREYAA ENTERPRISES): date 20251120 before start date 20260228
[2026-03-04 12:28:51] [INFO] [DATE SKIP] #IO-530 (SHREYAA ENTERPRISES): date 20251120 before start date 20260228
[2026-03-04 12:28:51] [INFO] [DATE SKIP] #IO-531 (SHREYAA ENTERPRISES): date 20251120 before start date 20260228
[2026-03-04 12:28:51] [INFO] [DATE SKIP] #IO-532 (SHREYAA ENTERPRISES): date 20251120 before start date 20260228
[2026-03-04 12:28:51] [INFO] [DATE SKIP] #IO-533 (SHREYAA ENTERPRISES): date 20251120 before start date 20260228
[2026-03-04 12:28:51] [INFO] [DATE SKIP] #MO-2 (SHREYAA ENTERPRISES): date 20251120 before start date 20260228
[2026-03-04 12:28:51] [INFO] [DATE SKIP] #IO-553 (SHREYAA ENTERPRISES): date 20251120 before start date 20260228
[2026-03-04 12:28:51] [INFO] [DATE SKIP] #IO-555 (SHREYAA ENTERPRISES): date 20251120 before start date 20260228
[2026-03-04 12:28:51] [INFO] [DATE SKIP] #IO-556 (SHREYAA ENTERPRISES): date 20251120 before start date 20260228
[2026-03-04 12:28:51] [INFO] [DATE SKIP] #IO-547 (SHREYAA ENTERPRISES): date 20251121 before start date 20260228
[2026-03-04 12:28:51] [INFO] [DATE SKIP] #IO-538 (SHREYAA ENTERPRISES): date 20251121 before start date 20260228
[2026-03-04 12:28:51] [INFO] [DATE SKIP] #IO-537 (SHREYAA ENTERPRISES): date 20251121 before start date 20260228
[2026-03-04 12:28:51] [INFO] [DATE SKIP] #IO-539 (SHREYAA ENTERPRISES): date 20251121 before start date 20260228
[2026-03-04 12:28:51] [INFO] [DATE SKIP] #IO-540 (SHREYAA ENTERPRISES): date 20251121 before start date 20260228
[2026-03-04 12:28:51] [INFO] [DATE SKIP] #IO-541 (SHREYAA ENTERPRISES): date 20251121 before start date 20260228
[2026-03-04 12:28:51] [INFO] [DATE SKIP] #CO2-26 (SHREYAA ENTERPRISES): date 20251121 before start date 20260228
[2026-03-04 12:28:51] [INFO] [DATE SKIP] #IO-542 (SHREYAA ENTERPRISES): date 20251121 before start date 20260228
[2026-03-04 12:28:51] [INFO] [DATE SKIP] #IO-543 (SHREYAA ENTERPRISES): date 20251121 before start date 20260228
[2026-03-04 12:28:51] [INFO] [DATE SKIP] #IO-548 (SHREYAA ENTERPRISES): date 20251121 before start date 20260228
[2026-03-04 12:28:51] [INFO] [DATE SKIP] #IO-544 (SHREYAA ENTERPRISES): date 20251121 before start date 20260228
[2026-03-04 12:28:51] [INFO] [DATE SKIP] #IO-545 (SHREYAA ENTERPRISES): date 20251121 before start date 20260228
[2026-03-04 12:28:51] [INFO] [DATE SKIP] #IO-546 (SHREYAA ENTERPRISES): date 20251121 before start date 20260228
[2026-03-04 12:28:51] [INFO] [DATE SKIP] #IO-549 (SHREYAA ENTERPRISES): date 20251121 before start date 20260228
[2026-03-04 12:28:51] [INFO] [DATE SKIP] #IO-550 (SHREYAA ENTERPRISES): date 20251121 before start date 20260228
[2026-03-04 12:28:51] [INFO] [DATE SKIP] #ARG-20 (SHREYAA ENTERPRISES): date 20251121 before start date 20260228
[2026-03-04 12:28:51] [INFO] [DATE SKIP] #IO-551 (SHREYAA ENTERPRISES): date 20251121 before start date 20260228
[2026-03-04 12:28:51] [INFO] [DATE SKIP] #IO-552 (SHREYAA ENTERPRISES): date 20251121 before start date 20260228
[2026-03-04 12:28:51] [INFO] [DATE SKIP] #IO-554 (SHREYAA ENTERPRISES): date 20251121 before start date 20260228
[2026-03-04 12:28:51] [INFO] [DATE SKIP] #IO-558 (SHREYAA ENTERPRISES): date 20251122 before start date 20260228
[2026-03-04 12:28:51] [INFO] [DATE SKIP] #IO-559 (SHREYAA ENTERPRISES): date 20251122 before start date 20260228
[2026-03-04 12:28:51] [INFO] [DATE SKIP] #IO-560 (SHREYAA ENTERPRISES): date 20251122 before start date 20260228
[2026-03-04 12:28:51] [INFO] [DATE SKIP] #IO-562 (SHREYAA ENTERPRISES): date 20251122 before start date 20260228
[2026-03-04 12:28:51] [INFO] [DATE SKIP] #IO-561 (SHREYAA ENTERPRISES): date 20251122 before start date 20260228
[2026-03-04 12:28:51] [INFO] [DATE SKIP] #IO-563 (SHREYAA ENTERPRISES): date 20251122 before start date 20260228
[2026-03-04 12:28:51] [INFO] [DATE SKIP] #IO-564 (SHREYAA ENTERPRISES): date 20251122 before start date 20260228
[2026-03-04 12:28:51] [INFO] [DATE SKIP] #IO-565 (SHREYAA ENTERPRISES): date 20251122 before start date 20260228
[2026-03-04 12:28:51] [INFO] [DATE SKIP] #IO-566 (SHREYAA ENTERPRISES): date 20251122 before start date 20260228
[2026-03-04 12:28:51] [INFO] [DATE SKIP] #IO-567 (SHREYAA ENTERPRISES): date 20251122 before start date 20260228
[2026-03-04 12:28:51] [INFO] [DATE SKIP] #IO-568 (SHREYAA ENTERPRISES): date 20251122 before start date 20260228
[2026-03-04 12:28:51] [INFO] [DATE SKIP] #IO-569 (SHREYAA ENTERPRISES): date 20251122 before start date 20260228
[2026-03-04 12:28:51] [INFO] [DATE SKIP] #IO-570 (SHREYAA ENTERPRISES): date 20251122 before start date 20260228
[2026-03-04 12:28:51] [INFO] [DATE SKIP] #IO-571 (SHREYAA ENTERPRISES): date 20251122 before start date 20260228
[2026-03-04 12:28:51] [INFO] [DATE SKIP] #IO-572 (SHREYAA ENTERPRISES): date 20251122 before start date 20260228
[2026-03-04 12:28:51] [INFO] [DATE SKIP] #IO-573 (SHREYAA ENTERPRISES): date 20251124 before start date 20260228
[2026-03-04 12:28:51] [INFO] [DATE SKIP] #ARG-21 (SHREYAA ENTERPRISES): date 20251124 before start date 20260228
[2026-03-04 12:28:51] [INFO] [DATE SKIP] #ARG-22 (SHREYAA ENTERPRISES): date 20251124 before start date 20260228
[2026-03-04 12:28:51] [INFO] [DATE SKIP] #IO-574 (SHREYAA ENTERPRISES): date 20251124 before start date 20260228
[2026-03-04 12:28:51] [INFO] [DATE SKIP] #IO-575 (SHREYAA ENTERPRISES): date 20251124 before start date 20260228
[2026-03-04 12:28:51] [INFO] [DATE SKIP] #IO-576 (SHREYAA ENTERPRISES): date 20251124 before start date 20260228
[2026-03-04 12:28:51] [INFO] [DATE SKIP] #IO-577 (SHREYAA ENTERPRISES): date 20251124 before start date 20260228
[2026-03-04 12:28:51] [INFO] [DATE SKIP] #IO-578 (SHREYAA ENTERPRISES): date 20251124 before start date 20260228
[2026-03-04 12:28:51] [INFO] [DATE SKIP] #IO-579 (SHREYAA ENTERPRISES): date 20251124 before start date 20260228
[2026-03-04 12:28:51] [INFO] [DATE SKIP] #IO-580 (SHREYAA ENTERPRISES): date 20251124 before start date 20260228
[2026-03-04 12:28:51] [INFO] [DATE SKIP] #IO-581 (SHREYAA ENTERPRISES): date 20251124 before start date 20260228
[2026-03-04 12:28:51] [INFO] [DATE SKIP] #IO-582 (SHREYAA ENTERPRISES): date 20251124 before start date 20260228
[2026-03-04 12:28:51] [INFO] [DATE SKIP] #IO-583 (SHREYAA ENTERPRISES): date 20251124 before start date 20260228
[2026-03-04 12:28:51] [INFO] [DATE SKIP] #IO-599 (SHREYAA ENTERPRISES): date 20251124 before start date 20260228
[2026-03-04 12:28:51] [INFO] [DATE SKIP] #IO-584 (SHREYAA ENTERPRISES): date 20251124 before start date 20260228
[2026-03-04 12:28:51] [INFO] [DATE SKIP] #IO-592 (SHREYAA ENTERPRISES): date 20251125 before start date 20260228
[2026-03-04 12:28:51] [INFO] [DATE SKIP] #IO-585 (SHREYAA ENTERPRISES): date 20251125 before start date 20260228
[2026-03-04 12:28:51] [INFO] [DATE SKIP] #IO-586 (SHREYAA ENTERPRISES): date 20251125 before start date 20260228
[2026-03-04 12:28:51] [INFO] [DATE SKIP] #IO-587 (SHREYAA ENTERPRISES): date 20251125 before start date 20260228
[2026-03-04 12:28:51] [INFO] [DATE SKIP] #IO-588 (SHREYAA ENTERPRISES): date 20251125 before start date 20260228
[2026-03-04 12:28:51] [INFO] [DATE SKIP] #IO-589 (SHREYAA ENTERPRISES): date 20251125 before start date 20260228
[2026-03-04 12:28:51] [INFO] [DATE SKIP] #IO-590 (SHREYAA ENTERPRISES): date 20251125 before start date 20260228
[2026-03-04 12:28:51] [INFO] [DATE SKIP] #IO-591 (SHREYAA ENTERPRISES): date 20251125 before start date 20260228
[2026-03-04 12:28:51] [INFO] [DATE SKIP] #IO-593 (SHREYAA ENTERPRISES): date 20251125 before start date 20260228
[2026-03-04 12:28:51] [INFO] [DATE SKIP] #IO-594 (SHREYAA ENTERPRISES): date 20251125 before start date 20260228
[2026-03-04 12:28:51] [INFO] [DATE SKIP] #IO-595 (SHREYAA ENTERPRISES): date 20251125 before start date 20260228
[2026-03-04 12:28:51] [INFO] [DATE SKIP] #IO-596 (SHREYAA ENTERPRISES): date 20251125 before start date 20260228
[2026-03-04 12:28:51] [INFO] [DATE SKIP] #IO-597 (SHREYAA ENTERPRISES): date 20251125 before start date 20260228
[2026-03-04 12:28:51] [INFO] [DATE SKIP] #IO-598 (SHREYAA ENTERPRISES): date 20251125 before start date 20260228
[2026-03-04 12:28:51] [INFO] [DATE SKIP] #IO-600 (SHREYAA ENTERPRISES): date 20251125 before start date 20260228
[2026-03-04 12:28:51] [INFO] [DATE SKIP] #IO-601 (SHREYAA ENTERPRISES): date 20251125 before start date 20260228
[2026-03-04 12:28:51] [INFO] [DATE SKIP] #IO-602 (SHREYAA ENTERPRISES): date 20251125 before start date 20260228
[2026-03-04 12:28:51] [INFO] [DATE SKIP] #IO-603 (SHREYAA ENTERPRISES): date 20251125 before start date 20260228
[2026-03-04 12:28:51] [INFO] [DATE SKIP] #IOP-6 (SHREYAA ENTERPRISES): date 20251125 before start date 20260228
[2026-03-04 12:28:51] [INFO] [DATE SKIP] #IO-604 (SHREYAA ENTERPRISES): date 20251126 before start date 20260228
[2026-03-04 12:28:51] [INFO] [DATE SKIP] #IO-605 (SHREYAA ENTERPRISES): date 20251126 before start date 20260228
[2026-03-04 12:28:51] [INFO] [DATE SKIP] #IO-606 (SHREYAA ENTERPRISES): date 20251126 before start date 20260228
[2026-03-04 12:28:51] [INFO] [DATE SKIP] #IO-607 (SHREYAA ENTERPRISES): date 20251126 before start date 20260228
[2026-03-04 12:28:51] [INFO] [DATE SKIP] #IO-608 (SHREYAA ENTERPRISES): date 20251126 before start date 20260228
[2026-03-04 12:28:51] [INFO] [DATE SKIP] #IO-609 (SHREYAA ENTERPRISES): date 20251126 before start date 20260228
[2026-03-04 12:28:51] [INFO] [DATE SKIP] #IO-610 (SHREYAA ENTERPRISES): date 20251126 before start date 20260228
[2026-03-04 12:28:51] [INFO] [DATE SKIP] #IO-611 (SHREYAA ENTERPRISES): date 20251126 before start date 20260228
[2026-03-04 12:28:51] [INFO] [DATE SKIP] #IO-612 (SHREYAA ENTERPRISES): date 20251126 before start date 20260228
[2026-03-04 12:28:51] [INFO] [DATE SKIP] #ARG-23 (SHREYAA ENTERPRISES): date 20251126 before start date 20260228
[2026-03-04 12:28:51] [INFO] [DATE SKIP] #IO-613 (SHREYAA ENTERPRISES): date 20251126 before start date 20260228
[2026-03-04 12:28:51] [INFO] [DATE SKIP] #IO-614 (SHREYAA ENTERPRISES): date 20251126 before start date 20260228
[2026-03-04 12:28:51] [INFO] [DATE SKIP] #IO-615 (SHREYAA ENTERPRISES): date 20251126 before start date 20260228
[2026-03-04 12:28:51] [INFO] [DATE SKIP] #IO-616 (SHREYAA ENTERPRISES): date 20251126 before start date 20260228
[2026-03-04 12:28:51] [INFO] [DATE SKIP] #IO-617 (SHREYAA ENTERPRISES): date 20251126 before start date 20260228
[2026-03-04 12:28:51] [INFO] [DATE SKIP] #IO-618 (SHREYAA ENTERPRISES): date 20251126 before start date 20260228
[2026-03-04 12:28:51] [INFO] [DATE SKIP] #IO-619 (SHREYAA ENTERPRISES): date 20251127 before start date 20260228
[2026-03-04 12:28:51] [INFO] [DATE SKIP] #IO-620 (SHREYAA ENTERPRISES): date 20251127 before start date 20260228
[2026-03-04 12:28:51] [INFO] [DATE SKIP] #IO-621 (SHREYAA ENTERPRISES): date 20251127 before start date 20260228
[2026-03-04 12:28:51] [INFO] [DATE SKIP] #IO-622 (SHREYAA ENTERPRISES): date 20251127 before start date 20260228
[2026-03-04 12:28:51] [INFO] [DATE SKIP] #IO-623 (SHREYAA ENTERPRISES): date 20251127 before start date 20260228
[2026-03-04 12:28:51] [INFO] [DATE SKIP] #IO-624 (SHREYAA ENTERPRISES): date 20251127 before start date 20260228
[2026-03-04 12:28:51] [INFO] [DATE SKIP] #ARG-24 (SHREYAA ENTERPRISES): date 20251127 before start date 20260228
[2026-03-04 12:28:51] [INFO] [DATE SKIP] #IO-625 (SHREYAA ENTERPRISES): date 20251127 before start date 20260228
[2026-03-04 12:28:51] [INFO] [DATE SKIP] #IO-626 (SHREYAA ENTERPRISES): date 20251127 before start date 20260228
[2026-03-04 12:28:51] [INFO] [DATE SKIP] #IO-627 (SHREYAA ENTERPRISES): date 20251127 before start date 20260228
[2026-03-04 12:28:51] [INFO] [DATE SKIP] #IO-628 (SHREYAA ENTERPRISES): date 20251127 before start date 20260228
[2026-03-04 12:28:51] [INFO] [DATE SKIP] #IO-629 (SHREYAA ENTERPRISES): date 20251127 before start date 20260228
[2026-03-04 12:28:51] [INFO] [DATE SKIP] #IO-630 (SHREYAA ENTERPRISES): date 20251127 before start date 20260228
[2026-03-04 12:28:51] [INFO] [DATE SKIP] #IO-631 (SHREYAA ENTERPRISES): date 20251127 before start date 20260228
[2026-03-04 12:28:51] [INFO] [DATE SKIP] #IO-632 (SHREYAA ENTERPRISES): date 20251127 before start date 20260228
[2026-03-04 12:28:51] [INFO] [DATE SKIP] #IO-633 (SHREYAA ENTERPRISES): date 20251127 before start date 20260228
[2026-03-04 12:28:51] [INFO] [DATE SKIP] #IO-634 (SHREYAA ENTERPRISES): date 20251127 before start date 20260228
[2026-03-04 12:28:51] [INFO] [DATE SKIP] #IO-635 (SHREYAA ENTERPRISES): date 20251127 before start date 20260228
[2026-03-04 12:28:51] [INFO] [DATE SKIP] #IO-636 (SHREYAA ENTERPRISES): date 20251127 before start date 20260228
[2026-03-04 12:28:51] [INFO] [DATE SKIP] #IO-637 (SHREYAA ENTERPRISES): date 20251127 before start date 20260228
[2026-03-04 12:28:51] [INFO] [DATE SKIP] #IO-638 (SHREYAA ENTERPRISES): date 20251127 before start date 20260228
[2026-03-04 12:28:51] [INFO] [DATE SKIP] #IO-664 (SHREYAA ENTERPRISES): date 20251127 before start date 20260228
[2026-03-04 12:28:51] [INFO] [DATE SKIP] #IO-639 (SHREYAA ENTERPRISES): date 20251128 before start date 20260228
[2026-03-04 12:28:51] [INFO] [DATE SKIP] #IO-640 (SHREYAA ENTERPRISES): date 20251128 before start date 20260228
[2026-03-04 12:28:51] [INFO] [DATE SKIP] #IO-641 (SHREYAA ENTERPRISES): date 20251128 before start date 20260228
[2026-03-04 12:28:51] [INFO] [DATE SKIP] #IO-642 (SHREYAA ENTERPRISES): date 20251128 before start date 20260228
[2026-03-04 12:28:51] [INFO] [DATE SKIP] #IO-665 (SHREYAA ENTERPRISES): date 20251128 before start date 20260228
[2026-03-04 12:28:51] [INFO] [DATE SKIP] #IO-643 (SHREYAA ENTERPRISES): date 20251128 before start date 20260228
[2026-03-04 12:28:51] [INFO] [DATE SKIP] #IO-644 (SHREYAA ENTERPRISES): date 20251128 before start date 20260228
[2026-03-04 12:28:51] [INFO] [DATE SKIP] #IO-645 (SHREYAA ENTERPRISES): date 20251128 before start date 20260228
[2026-03-04 12:28:51] [INFO] [DATE SKIP] #IO-646 (SHREYAA ENTERPRISES): date 20251128 before start date 20260228
[2026-03-04 12:28:51] [INFO] [DATE SKIP] #IO-647 (SHREYAA ENTERPRISES): date 20251128 before start date 20260228
[2026-03-04 12:28:51] [INFO] [DATE SKIP] #IO-663 (SHREYAA ENTERPRISES): date 20251128 before start date 20260228
[2026-03-04 12:28:51] [INFO] [DATE SKIP] #21 (SHREYAA ENTERPRISES): date 20251128 before start date 20260228
[2026-03-04 12:28:51] [INFO] [DATE SKIP] #IO-709 (SHREYAA ENTERPRISES): date 20251128 before start date 20260228
[2026-03-04 12:28:51] [INFO] [DATE SKIP] #IO-648 (SHREYAA ENTERPRISES): date 20251129 before start date 20260228
[2026-03-04 12:28:51] [INFO] [DATE SKIP] #ARG-25 (SHREYAA ENTERPRISES): date 20251129 before start date 20260228
[2026-03-04 12:28:51] [INFO] [DATE SKIP] #IO-649 (SHREYAA ENTERPRISES): date 20251129 before start date 20260228
[2026-03-04 12:28:51] [INFO] [DATE SKIP] #IO-650 (SHREYAA ENTERPRISES): date 20251129 before start date 20260228
[2026-03-04 12:28:51] [INFO] [DATE SKIP] #IO-651 (SHREYAA ENTERPRISES): date 20251129 before start date 20260228
[2026-03-04 12:28:51] [INFO] [DATE SKIP] #IO-652 (SHREYAA ENTERPRISES): date 20251129 before start date 20260228
[2026-03-04 12:28:51] [INFO] [DATE SKIP] #IO-655 (SHREYAA ENTERPRISES): date 20251129 before start date 20260228
[2026-03-04 12:28:51] [INFO] [DATE SKIP] #IO-653 (SHREYAA ENTERPRISES): date 20251129 before start date 20260228
[2026-03-04 12:28:51] [INFO] [DATE SKIP] #IO-654 (SHREYAA ENTERPRISES): date 20251129 before start date 20260228
[2026-03-04 12:28:51] [INFO] [DATE SKIP] #IO-656 (SHREYAA ENTERPRISES): date 20251129 before start date 20260228
[2026-03-04 12:28:51] [INFO] [DATE SKIP] #IO-657 (SHREYAA ENTERPRISES): date 20251129 before start date 20260228
[2026-03-04 12:28:51] [INFO] [DATE SKIP] #IO-658 (SHREYAA ENTERPRISES): date 20251129 before start date 20260228
[2026-03-04 12:28:51] [INFO] [DATE SKIP] #IO-659 (SHREYAA ENTERPRISES): date 20251129 before start date 20260228
[2026-03-04 12:28:51] [INFO] [DATE SKIP] #IO-660 (SHREYAA ENTERPRISES): date 20251129 before start date 20260228
[2026-03-04 12:28:51] [INFO] [DATE SKIP] #IO-661 (SHREYAA ENTERPRISES): date 20251129 before start date 20260228
[2026-03-04 12:28:51] [INFO] [DATE SKIP] #IO-662 (SHREYAA ENTERPRISES): date 20251129 before start date 20260228
[2026-03-04 12:28:51] [INFO] [DATE SKIP] #IO-666 (SHREYAA ENTERPRISES): date 20251129 before start date 20260228
[2026-03-04 12:28:51] [INFO] [DATE SKIP] #IO-722 (SHREYAA ENTERPRISES): date 20251129 before start date 20260228
[2026-03-04 12:28:51] [INFO] [DATE SKIP] #IO-670 (SHREYAA ENTERPRISES): date 20251130 before start date 20260228
[2026-03-04 12:28:51] [INFO] [DATE SKIP] #IO-667 (SHREYAA ENTERPRISES): date 20251201 before start date 20260228
[2026-03-04 12:28:51] [INFO] [DATE SKIP] #IO-668 (SHREYAA ENTERPRISES): date 20251201 before start date 20260228
[2026-03-04 12:28:51] [INFO] [DATE SKIP] #IO-669 (SHREYAA ENTERPRISES): date 20251201 before start date 20260228
[2026-03-04 12:28:51] [INFO] [DATE SKIP] #IO-671 (SHREYAA ENTERPRISES): date 20251201 before start date 20260228
[2026-03-04 12:28:51] [INFO] [DATE SKIP] #IO-672 (SHREYAA ENTERPRISES): date 20251201 before start date 20260228
[2026-03-04 12:28:51] [INFO] [DATE SKIP] #IO-673 (SHREYAA ENTERPRISES): date 20251201 before start date 20260228
[2026-03-04 12:28:51] [INFO] [DATE SKIP] #IO-674 (SHREYAA ENTERPRISES): date 20251201 before start date 20260228
[2026-03-04 12:28:51] [INFO] [DATE SKIP] #IO-675 (SHREYAA ENTERPRISES): date 20251201 before start date 20260228
[2026-03-04 12:28:51] [INFO] [DATE SKIP] #IO-676 (SHREYAA ENTERPRISES): date 20251201 before start date 20260228
[2026-03-04 12:28:51] [INFO] [DATE SKIP] #IO-677 (SHREYAA ENTERPRISES): date 20251201 before start date 20260228
[2026-03-04 12:28:51] [INFO] [DATE SKIP] #IO-678 (SHREYAA ENTERPRISES): date 20251201 before start date 20260228
[2026-03-04 12:28:51] [INFO] [DATE SKIP] #IO-679 (SHREYAA ENTERPRISES): date 20251202 before start date 20260228
[2026-03-04 12:28:51] [INFO] [DATE SKIP] #IO-680 (SHREYAA ENTERPRISES): date 20251202 before start date 20260228
[2026-03-04 12:28:51] [INFO] [DATE SKIP] #IO-681 (SHREYAA ENTERPRISES): date 20251202 before start date 20260228
[2026-03-04 12:28:51] [INFO] [DATE SKIP] #ARG-26 (SHREYAA ENTERPRISES): date 20251202 before start date 20260228
[2026-03-04 12:28:51] [INFO] [DATE SKIP] #IO-682 (SHREYAA ENTERPRISES): date 20251202 before start date 20260228
[2026-03-04 12:28:51] [INFO] [DATE SKIP] #IO-683 (SHREYAA ENTERPRISES): date 20251202 before start date 20260228
[2026-03-04 12:28:51] [INFO] [DATE SKIP] #IO-684 (SHREYAA ENTERPRISES): date 20251202 before start date 20260228
[2026-03-04 12:28:51] [INFO] [DATE SKIP] #MO-8 (SHREYAA ENTERPRISES): date 20251202 before start date 20260228
[2026-03-04 12:28:51] [INFO] [DATE SKIP] #IO-685 (SHREYAA ENTERPRISES): date 20251202 before start date 20260228
[2026-03-04 12:28:51] [INFO] [DATE SKIP] #IO-686 (SHREYAA ENTERPRISES): date 20251202 before start date 20260228
[2026-03-04 12:28:51] [INFO] [DATE SKIP] #IO-687 (SHREYAA ENTERPRISES): date 20251202 before start date 20260228
[2026-03-04 12:28:51] [INFO] [DATE SKIP] #IO-688 (SHREYAA ENTERPRISES): date 20251202 before start date 20260228
[2026-03-04 12:28:51] [INFO] [DATE SKIP] #IO-689 (SHREYAA ENTERPRISES): date 20251202 before start date 20260228
[2026-03-04 12:28:51] [INFO] [DATE SKIP] #IO-690 (SHREYAA ENTERPRISES): date 20251202 before start date 20260228
[2026-03-04 12:28:51] [INFO] [DATE SKIP] #IO-691 (SHREYAA ENTERPRISES): date 20251202 before start date 20260228
[2026-03-04 12:28:51] [INFO] [DATE SKIP] #IO-692 (SHREYAA ENTERPRISES): date 20251202 before start date 20260228
[2026-03-04 12:28:51] [INFO] [DATE SKIP] #IO-693 (SHREYAA ENTERPRISES): date 20251202 before start date 20260228
[2026-03-04 12:28:51] [INFO] [DATE SKIP] #IO-694 (SHREYAA ENTERPRISES): date 20251203 before start date 20260228
[2026-03-04 12:28:51] [INFO] [DATE SKIP] #MO-9 (SHREYAA ENTERPRISES): date 20251203 before start date 20260228
[2026-03-04 12:28:51] [INFO] [DATE SKIP] #MO-10 (SHREYAA ENTERPRISES): date 20251203 before start date 20260228
[2026-03-04 12:28:51] [INFO] [DATE SKIP] #IO-695 (SHREYAA ENTERPRISES): date 20251203 before start date 20260228
[2026-03-04 12:28:51] [INFO] [DATE SKIP] #IO-696 (SHREYAA ENTERPRISES): date 20251203 before start date 20260228
[2026-03-04 12:28:51] [INFO] [DATE SKIP] #IO-697 (SHREYAA ENTERPRISES): date 20251203 before start date 20260228
[2026-03-04 12:28:51] [INFO] [DATE SKIP] #ARG-27 (SHREYAA ENTERPRISES): date 20251203 before start date 20260228
[2026-03-04 12:28:51] [INFO] [DATE SKIP] #IO-698 (SHREYAA ENTERPRISES): date 20251203 before start date 20260228
[2026-03-04 12:28:51] [INFO] [DATE SKIP] #IO-699 (SHREYAA ENTERPRISES): date 20251203 before start date 20260228
[2026-03-04 12:28:51] [INFO] [DATE SKIP] #IO-700 (SHREYAA ENTERPRISES): date 20251203 before start date 20260228
[2026-03-04 12:28:51] [INFO] [DATE SKIP] #IO-701 (SHREYAA ENTERPRISES): date 20251203 before start date 20260228
[2026-03-04 12:28:51] [INFO] [DATE SKIP] #IO-702 (SHREYAA ENTERPRISES): date 20251203 before start date 20260228
[2026-03-04 12:28:51] [INFO] [DATE SKIP] #IO-703 (SHREYAA ENTERPRISES): date 20251203 before start date 20260228
[2026-03-04 12:28:51] [INFO] [DATE SKIP] #IO-704 (SHREYAA ENTERPRISES): date 20251203 before start date 20260228
[2026-03-04 12:28:51] [INFO] [DATE SKIP] #IO-705 (SHREYAA ENTERPRISES): date 20251203 before start date 20260228
[2026-03-04 12:28:51] [INFO] [DATE SKIP] #IO-706 (SHREYAA ENTERPRISES): date 20251203 before start date 20260228
[2026-03-04 12:28:51] [INFO] [DATE SKIP] #IO-707 (SHREYAA ENTERPRISES): date 20251203 before start date 20260228
[2026-03-04 12:28:51] [INFO] [DATE SKIP] #IO-708 (SHREYAA ENTERPRISES): date 20251203 before start date 20260228
[2026-03-04 12:28:51] [INFO] [DATE SKIP] #IO-710 (SHREYAA ENTERPRISES): date 20251204 before start date 20260228
[2026-03-04 12:28:51] [INFO] [DATE SKIP] #MO-11 (SHREYAA ENTERPRISES): date 20251204 before start date 20260228
[2026-03-04 12:28:51] [INFO] [DATE SKIP] #IO-711 (SHREYAA ENTERPRISES): date 20251204 before start date 20260228
[2026-03-04 12:28:51] [INFO] [DATE SKIP] #IO-712 (SHREYAA ENTERPRISES): date 20251204 before start date 20260228
[2026-03-04 12:28:51] [INFO] [DATE SKIP] #22 (SHREYAA ENTERPRISES): date 20251204 before start date 20260228
[2026-03-04 12:28:51] [INFO] [DATE SKIP] #IO-713 (SHREYAA ENTERPRISES): date 20251204 before start date 20260228
[2026-03-04 12:28:51] [INFO] [DATE SKIP] #23 (SHREYAA ENTERPRISES): date 20251204 before start date 20260228
[2026-03-04 12:28:51] [INFO] [DATE SKIP] #IO-714 (SHREYAA ENTERPRISES): date 20251204 before start date 20260228
[2026-03-04 12:28:51] [INFO] [DATE SKIP] #IO-715 (SHREYAA ENTERPRISES): date 20251204 before start date 20260228
[2026-03-04 12:28:51] [INFO] [DATE SKIP] #IO-716 (SHREYAA ENTERPRISES): date 20251204 before start date 20260228
[2026-03-04 12:28:51] [INFO] [DATE SKIP] #IO-717 (SHREYAA ENTERPRISES): date 20251204 before start date 20260228
[2026-03-04 12:28:51] [INFO] [DATE SKIP] #IO-718 (SHREYAA ENTERPRISES): date 20251204 before start date 20260228
[2026-03-04 12:28:51] [INFO] [DATE SKIP] #IO-719 (SHREYAA ENTERPRISES): date 20251204 before start date 20260228
[2026-03-04 12:28:51] [INFO] [DATE SKIP] #IO-720 (SHREYAA ENTERPRISES): date 20251204 before start date 20260228
[2026-03-04 12:28:51] [INFO] [DATE SKIP] #IO-721 (SHREYAA ENTERPRISES): date 20251204 before start date 20260228
[2026-03-04 12:28:51] [INFO] [DATE SKIP] #MO-13 (SHREYAA ENTERPRISES): date 20251204 before start date 20260228
[2026-03-04 12:28:51] [INFO] [DATE SKIP] #IO-723 (SHREYAA ENTERPRISES): date 20251205 before start date 20260228
[2026-03-04 12:28:51] [INFO] [DATE SKIP] #IO-724 (SHREYAA ENTERPRISES): date 20251205 before start date 20260228
[2026-03-04 12:28:51] [INFO] [DATE SKIP] #IO-725 (SHREYAA ENTERPRISES): date 20251205 before start date 20260228
[2026-03-04 12:28:51] [INFO] [DATE SKIP] #MO-14 (SHREYAA ENTERPRISES): date 20251205 before start date 20260228
[2026-03-04 12:28:51] [INFO] [DATE SKIP] #IO-726 (SHREYAA ENTERPRISES): date 20251205 before start date 20260228
[2026-03-04 12:28:51] [INFO] [DATE SKIP] #IO-727 (SHREYAA ENTERPRISES): date 20251205 before start date 20260228
[2026-03-04 12:28:51] [INFO] [DATE SKIP] #MO-15 (SHREYAA ENTERPRISES): date 20251205 before start date 20260228
[2026-03-04 12:28:51] [INFO] [DATE SKIP] #IO-728 (SHREYAA ENTERPRISES): date 20251205 before start date 20260228
[2026-03-04 12:28:51] [INFO] [DATE SKIP] #IO-729 (SHREYAA ENTERPRISES): date 20251205 before start date 20260228
[2026-03-04 12:28:51] [INFO] [DATE SKIP] #IO-730 (SHREYAA ENTERPRISES): date 20251205 before start date 20260228
[2026-03-04 12:28:51] [INFO] [DATE SKIP] #IO-731 (SHREYAA ENTERPRISES): date 20251205 before start date 20260228
[2026-03-04 12:28:51] [INFO] [DATE SKIP] #IO-732 (SHREYAA ENTERPRISES): date 20251205 before start date 20260228
[2026-03-04 12:28:51] [INFO] [DATE SKIP] #IO-733 (SHREYAA ENTERPRISES): date 20251205 before start date 20260228
[2026-03-04 12:28:51] [INFO] [DATE SKIP] #IO-734 (SHREYAA ENTERPRISES): date 20251205 before start date 20260228
[2026-03-04 12:28:51] [INFO] [DATE SKIP] #IO-735 (SHREYAA ENTERPRISES): date 20251205 before start date 20260228
[2026-03-04 12:28:51] [INFO] [DATE SKIP] #MO-16 (SHREYAA ENTERPRISES): date 20251205 before start date 20260228
[2026-03-04 12:28:51] [INFO] [DATE SKIP] #IO-736 (SHREYAA ENTERPRISES): date 20251205 before start date 20260228
[2026-03-04 12:28:51] [INFO] [DATE SKIP] #IO-737 (SHREYAA ENTERPRISES): date 20251205 before start date 20260228
[2026-03-04 12:28:51] [INFO] [DATE SKIP] #IO-738 (SHREYAA ENTERPRISES): date 20251206 before start date 20260228
[2026-03-04 12:28:51] [INFO] [DATE SKIP] #ARG-28 (SHREYAA ENTERPRISES): date 20251206 before start date 20260228
[2026-03-04 12:28:51] [INFO] [DATE SKIP] #IO-739 (SHREYAA ENTERPRISES): date 20251206 before start date 20260228
[2026-03-04 12:28:51] [INFO] [DATE SKIP] #IO-743 (SHREYAA ENTERPRISES): date 20251206 before start date 20260228
[2026-03-04 12:28:51] [INFO] [DATE SKIP] #MO-18 (SHREYAA ENTERPRISES): date 20251206 before start date 20260228
[2026-03-04 12:28:51] [INFO] [DATE SKIP] #IO-740 (SHREYAA ENTERPRISES): date 20251206 before start date 20260228
[2026-03-04 12:28:51] [INFO] [DATE SKIP] #IO-741 (SHREYAA ENTERPRISES): date 20251206 before start date 20260228
[2026-03-04 12:28:51] [INFO] [DATE SKIP] #IO-742 (SHREYAA ENTERPRISES): date 20251206 before start date 20260228
[2026-03-04 12:28:51] [INFO] [DATE SKIP] #IO-744 (SHREYAA ENTERPRISES): date 20251206 before start date 20260228
[2026-03-04 12:28:51] [INFO] [DATE SKIP] #IO-745 (SHREYAA ENTERPRISES): date 20251206 before start date 20260228
[2026-03-04 12:28:51] [INFO] [DATE SKIP] #IO-749 (SHREYAA ENTERPRISES): date 20251208 before start date 20260228
[2026-03-04 12:28:51] [INFO] [DATE SKIP] #IO-746 (SHREYAA ENTERPRISES): date 20251208 before start date 20260228
[2026-03-04 12:28:51] [INFO] [DATE SKIP] #IO-747 (SHREYAA ENTERPRISES): date 20251208 before start date 20260228
[2026-03-04 12:28:51] [INFO] [DATE SKIP] #IO-748 (SHREYAA ENTERPRISES): date 20251208 before start date 20260228
[2026-03-04 12:28:51] [INFO] [DATE SKIP] #IO-750 (SHREYAA ENTERPRISES): date 20251208 before start date 20260228
[2026-03-04 12:28:51] [INFO] [DATE SKIP] #IO-751 (SHREYAA ENTERPRISES): date 20251208 before start date 20260228
[2026-03-04 12:28:52] [INFO] [DATE SKIP] #IO-752 (SHREYAA ENTERPRISES): date 20251208 before start date 20260228
[2026-03-04 12:28:52] [INFO] [DATE SKIP] #MO-20 (SHREYAA ENTERPRISES): date 20251208 before start date 20260228
[2026-03-04 12:28:52] [INFO] [DATE SKIP] #24 (SHREYAA ENTERPRISES): date 20251208 before start date 20260228
[2026-03-04 12:28:52] [INFO] [DATE SKIP] #IO-753 (SHREYAA ENTERPRISES): date 20251208 before start date 20260228
[2026-03-04 12:28:52] [INFO] [DATE SKIP] #IO-754 (SHREYAA ENTERPRISES): date 20251208 before start date 20260228
[2026-03-04 12:28:52] [INFO] [DATE SKIP] #IO-755 (SHREYAA ENTERPRISES): date 20251208 before start date 20260228
[2026-03-04 12:28:52] [INFO] [DATE SKIP] #25 (SHREYAA ENTERPRISES): date 20251208 before start date 20260228
[2026-03-04 12:28:52] [INFO] [DATE SKIP] #IO-756 (SHREYAA ENTERPRISES): date 20251208 before start date 20260228
[2026-03-04 12:28:52] [INFO] [DATE SKIP] #ARG-29 (SHREYAA ENTERPRISES): date 20251208 before start date 20260228
[2026-03-04 12:28:52] [INFO] [DATE SKIP] #MO-22 (SHREYAA ENTERPRISES): date 20251208 before start date 20260228
[2026-03-04 12:28:52] [INFO] [DATE SKIP] #MO-23 (SHREYAA ENTERPRISES): date 20251208 before start date 20260228
[2026-03-04 12:28:52] [INFO] [DATE SKIP] #ARG-30 (SHREYAA ENTERPRISES): date 20251209 before start date 20260228
[2026-03-04 12:28:52] [INFO] [DATE SKIP] #IO-757 (SHREYAA ENTERPRISES): date 20251209 before start date 20260228
[2026-03-04 12:28:52] [INFO] [DATE SKIP] #IO-758 (SHREYAA ENTERPRISES): date 20251209 before start date 20260228
[2026-03-04 12:28:52] [INFO] [DATE SKIP] #IO-759 (SHREYAA ENTERPRISES): date 20251209 before start date 20260228
[2026-03-04 12:28:52] [INFO] [DATE SKIP] #IO-760 (SHREYAA ENTERPRISES): date 20251209 before start date 20260228
[2026-03-04 12:28:52] [INFO] [DATE SKIP] #IO-761 (SHREYAA ENTERPRISES): date 20251209 before start date 20260228
[2026-03-04 12:28:52] [INFO] [DATE SKIP] #IO-762 (SHREYAA ENTERPRISES): date 20251209 before start date 20260228
[2026-03-04 12:28:52] [INFO] [DATE SKIP] #IO-763 (SHREYAA ENTERPRISES): date 20251209 before start date 20260228
[2026-03-04 12:28:52] [INFO] [DATE SKIP] #IO-764 (SHREYAA ENTERPRISES): date 20251209 before start date 20260228
[2026-03-04 12:28:52] [INFO] [DATE SKIP] #IO-765 (SHREYAA ENTERPRISES): date 20251209 before start date 20260228
[2026-03-04 12:28:52] [INFO] [DATE SKIP] #IO-766 (SHREYAA ENTERPRISES): date 20251209 before start date 20260228
[2026-03-04 12:28:52] [INFO] [DATE SKIP] #IO-767 (SHREYAA ENTERPRISES): date 20251209 before start date 20260228
[2026-03-04 12:28:52] [INFO] [DATE SKIP] #IO-768 (SHREYAA ENTERPRISES): date 20251209 before start date 20260228
[2026-03-04 12:28:52] [INFO] [DATE SKIP] #26 (SHREYAA ENTERPRISES): date 20251209 before start date 20260228
[2026-03-04 12:28:52] [INFO] [DATE SKIP] #IO-769 (SHREYAA ENTERPRISES): date 20251209 before start date 20260228
[2026-03-04 12:28:52] [INFO] [DATE SKIP] #IO-770 (SHREYAA ENTERPRISES): date 20251210 before start date 20260228
[2026-03-04 12:28:52] [INFO] [DATE SKIP] #IO-771 (SHREYAA ENTERPRISES): date 20251210 before start date 20260228
[2026-03-04 12:28:52] [INFO] [DATE SKIP] #CO2-27 (SHREYAA ENTERPRISES): date 20251210 before start date 20260228
[2026-03-04 12:28:52] [INFO] [DATE SKIP] #IO-772 (SHREYAA ENTERPRISES): date 20251210 before start date 20260228
[2026-03-04 12:28:52] [INFO] [DATE SKIP] #IO-773 (SHREYAA ENTERPRISES): date 20251210 before start date 20260228
[2026-03-04 12:28:52] [INFO] [DATE SKIP] #IO-774 (SHREYAA ENTERPRISES): date 20251210 before start date 20260228
[2026-03-04 12:28:52] [INFO] [DATE SKIP] #MO-24 (SHREYAA ENTERPRISES): date 20251210 before start date 20260228
[2026-03-04 12:28:52] [INFO] [DATE SKIP] #CO2-28 (SHREYAA ENTERPRISES): date 20251210 before start date 20260228
[2026-03-04 12:28:52] [INFO] [DATE SKIP] #IO-775 (SHREYAA ENTERPRISES): date 20251210 before start date 20260228
[2026-03-04 12:28:52] [INFO] [DATE SKIP] #IO-776 (SHREYAA ENTERPRISES): date 20251210 before start date 20260228
[2026-03-04 12:28:52] [INFO] [DATE SKIP] #IO-777 (SHREYAA ENTERPRISES): date 20251210 before start date 20260228
[2026-03-04 12:28:52] [INFO] [DATE SKIP] #IO-778 (SHREYAA ENTERPRISES): date 20251210 before start date 20260228
[2026-03-04 12:28:52] [INFO] [DATE SKIP] #IO-779 (SHREYAA ENTERPRISES): date 20251210 before start date 20260228
[2026-03-04 12:28:52] [INFO] [DATE SKIP] #IO-780 (SHREYAA ENTERPRISES): date 20251210 before start date 20260228
[2026-03-04 12:28:52] [INFO] [DATE SKIP] #IO-781 (SHREYAA ENTERPRISES): date 20251210 before start date 20260228
[2026-03-04 12:28:52] [INFO] [DATE SKIP] #IO-782 (SHREYAA ENTERPRISES): date 20251210 before start date 20260228
[2026-03-04 12:28:52] [INFO] [DATE SKIP] #IO-783 (SHREYAA ENTERPRISES): date 20251210 before start date 20260228
[2026-03-04 12:28:52] [INFO] [DATE SKIP] #IO-784 (SHREYAA ENTERPRISES): date 20251210 before start date 20260228
[2026-03-04 12:28:52] [INFO] [DATE SKIP] #IO-785 (SHREYAA ENTERPRISES): date 20251210 before start date 20260228
[2026-03-04 12:28:52] [INFO] [DATE SKIP] #MO-27 (SHREYAA ENTERPRISES): date 20251210 before start date 20260228
[2026-03-04 12:28:52] [INFO] [DATE SKIP] #IO-786 (SHREYAA ENTERPRISES): date 20251211 before start date 20260228
[2026-03-04 12:28:52] [INFO] [DATE SKIP] #IO-787 (SHREYAA ENTERPRISES): date 20251211 before start date 20260228
[2026-03-04 12:28:52] [INFO] [DATE SKIP] #IO-788 (SHREYAA ENTERPRISES): date 20251211 before start date 20260228
[2026-03-04 12:28:52] [INFO] [DATE SKIP] #IO-789 (SHREYAA ENTERPRISES): date 20251211 before start date 20260228
[2026-03-04 12:28:52] [INFO] [DATE SKIP] #LPG-5 (SHREYAA ENTERPRISES): date 20251211 before start date 20260228
[2026-03-04 12:28:52] [INFO] [DATE SKIP] #LPG-6 (SHREYAA ENTERPRISES): date 20251211 before start date 20260228
[2026-03-04 12:28:52] [INFO] [DATE SKIP] #IO-790 (SHREYAA ENTERPRISES): date 20251211 before start date 20260228
[2026-03-04 12:28:52] [INFO] [DATE SKIP] #IO-791 (SHREYAA ENTERPRISES): date 20251211 before start date 20260228
[2026-03-04 12:28:52] [INFO] [DATE SKIP] #IO-792 (SHREYAA ENTERPRISES): date 20251211 before start date 20260228
[2026-03-04 12:28:52] [INFO] [DATE SKIP] #IO-793 (SHREYAA ENTERPRISES): date 20251211 before start date 20260228
[2026-03-04 12:28:52] [INFO] [DATE SKIP] #IO-794 (SHREYAA ENTERPRISES): date 20251211 before start date 20260228
[2026-03-04 12:28:52] [INFO] [DATE SKIP] #IO-795 (SHREYAA ENTERPRISES): date 20251211 before start date 20260228
[2026-03-04 12:28:52] [INFO] [DATE SKIP] #IO-796 (SHREYAA ENTERPRISES): date 20251211 before start date 20260228
[2026-03-04 12:28:52] [INFO] [DATE SKIP] #IO-797 (SHREYAA ENTERPRISES): date 20251211 before start date 20260228
[2026-03-04 12:28:52] [INFO] [DATE SKIP] #IO-798 (SHREYAA ENTERPRISES): date 20251211 before start date 20260228
[2026-03-04 12:28:52] [INFO] [DATE SKIP] #IO-799 (SHREYAA ENTERPRISES): date 20251211 before start date 20260228
[2026-03-04 12:28:52] [INFO] [DATE SKIP] #IO-800 (SHREYAA ENTERPRISES): date 20251211 before start date 20260228
[2026-03-04 12:28:52] [INFO] [DATE SKIP] #IO-801 (SHREYAA ENTERPRISES): date 20251211 before start date 20260228
[2026-03-04 12:28:52] [INFO] [DATE SKIP] #IO-802 (SHREYAA ENTERPRISES): date 20251211 before start date 20260228
[2026-03-04 12:28:52] [INFO] [DATE SKIP] #IO-803 (SHREYAA ENTERPRISES): date 20251212 before start date 20260228
[2026-03-04 12:28:52] [INFO] [DATE SKIP] #CO2-29 (SHREYAA ENTERPRISES): date 20251212 before start date 20260228
[2026-03-04 12:28:52] [INFO] [DATE SKIP] #IO-804 (SHREYAA ENTERPRISES): date 20251212 before start date 20260228
[2026-03-04 12:28:52] [INFO] [DATE SKIP] #IO-805 (SHREYAA ENTERPRISES): date 20251212 before start date 20260228
[2026-03-04 12:28:52] [INFO] [DATE SKIP] #IO-806 (SHREYAA ENTERPRISES): date 20251212 before start date 20260228
[2026-03-04 12:28:52] [INFO] [DATE SKIP] #IO-807 (SHREYAA ENTERPRISES): date 20251212 before start date 20260228
[2026-03-04 12:28:52] [INFO] [DATE SKIP] #IO-808 (SHREYAA ENTERPRISES): date 20251212 before start date 20260228
[2026-03-04 12:28:52] [INFO] [DATE SKIP] #IO-809 (SHREYAA ENTERPRISES): date 20251212 before start date 20260228
[2026-03-04 12:28:52] [INFO] [DATE SKIP] #IO-810 (SHREYAA ENTERPRISES): date 20251212 before start date 20260228
[2026-03-04 12:28:52] [INFO] [DATE SKIP] #IO-811 (SHREYAA ENTERPRISES): date 20251212 before start date 20260228
[2026-03-04 12:28:52] [INFO] [DATE SKIP] #IO-812 (SHREYAA ENTERPRISES): date 20251212 before start date 20260228
[2026-03-04 12:28:52] [INFO] [DATE SKIP] #IO-813 (SHREYAA ENTERPRISES): date 20251212 before start date 20260228
[2026-03-04 12:28:52] [INFO] [DATE SKIP] #IO-814 (SHREYAA ENTERPRISES): date 20251212 before start date 20260228
[2026-03-04 12:28:52] [INFO] [DATE SKIP] #IO-815 (SHREYAA ENTERPRISES): date 20251212 before start date 20260228
[2026-03-04 12:28:52] [INFO] [DATE SKIP] #IO-819 (SHREYAA ENTERPRISES): date 20251213 before start date 20260228
[2026-03-04 12:28:52] [INFO] [DATE SKIP] #IO-816 (SHREYAA ENTERPRISES): date 20251213 before start date 20260228
[2026-03-04 12:28:52] [INFO] [DATE SKIP] #IO-817 (SHREYAA ENTERPRISES): date 20251213 before start date 20260228
[2026-03-04 12:28:52] [INFO] [DATE SKIP] #IO-818 (SHREYAA ENTERPRISES): date 20251213 before start date 20260228
[2026-03-04 12:28:52] [INFO] [DATE SKIP] #IO-820 (SHREYAA ENTERPRISES): date 20251213 before start date 20260228
[2026-03-04 12:28:52] [INFO] [DATE SKIP] #IO-821 (SHREYAA ENTERPRISES): date 20251213 before start date 20260228
[2026-03-04 12:28:52] [INFO] [DATE SKIP] #IO-822 (SHREYAA ENTERPRISES): date 20251213 before start date 20260228
[2026-03-04 12:28:52] [INFO] [DATE SKIP] #IO-823 (SHREYAA ENTERPRISES): date 20251213 before start date 20260228
[2026-03-04 12:28:52] [INFO] [DATE SKIP] #IO-824 (SHREYAA ENTERPRISES): date 20251213 before start date 20260228
[2026-03-04 12:28:52] [INFO] [DATE SKIP] #IO-825 (SHREYAA ENTERPRISES): date 20251215 before start date 20260228
[2026-03-04 12:28:52] [INFO] [DATE SKIP] #IO-826 (SHREYAA ENTERPRISES): date 20251215 before start date 20260228
[2026-03-04 12:28:52] [INFO] [DATE SKIP] #IO-827 (SHREYAA ENTERPRISES): date 20251215 before start date 20260228
[2026-03-04 12:28:52] [INFO] [DATE SKIP] #IO-828 (SHREYAA ENTERPRISES): date 20251215 before start date 20260228
[2026-03-04 12:28:52] [INFO] [DATE SKIP] #IO-829 (SHREYAA ENTERPRISES): date 20251215 before start date 20260228
[2026-03-04 12:28:52] [INFO] [DATE SKIP] #IO-830 (SHREYAA ENTERPRISES): date 20251215 before start date 20260228
[2026-03-04 12:28:52] [INFO] [DATE SKIP] #IO-831 (SHREYAA ENTERPRISES): date 20251215 before start date 20260228
[2026-03-04 12:28:52] [INFO] [DATE SKIP] #IO-832 (SHREYAA ENTERPRISES): date 20251215 before start date 20260228
[2026-03-04 12:28:52] [INFO] [DATE SKIP] #IO-833 (SHREYAA ENTERPRISES): date 20251215 before start date 20260228
[2026-03-04 12:28:52] [INFO] [DATE SKIP] #IO-834 (SHREYAA ENTERPRISES): date 20251215 before start date 20260228
[2026-03-04 12:28:52] [INFO] [DATE SKIP] #IO-835 (SHREYAA ENTERPRISES): date 20251215 before start date 20260228
[2026-03-04 12:28:52] [INFO] [DATE SKIP] #IO-836 (SHREYAA ENTERPRISES): date 20251215 before start date 20260228
[2026-03-04 12:28:52] [INFO] [DATE SKIP] #IO-837 (SHREYAA ENTERPRISES): date 20251215 before start date 20260228
[2026-03-04 12:28:52] [INFO] [DATE SKIP] #IO-838 (SHREYAA ENTERPRISES): date 20251215 before start date 20260228
[2026-03-04 12:28:52] [INFO] [DATE SKIP] #IO-839 (SHREYAA ENTERPRISES): date 20251215 before start date 20260228
[2026-03-04 12:28:52] [INFO] [DATE SKIP] #27 (SHREYAA ENTERPRISES): date 20251215 before start date 20260228
[2026-03-04 12:28:52] [INFO] [DATE SKIP] #IO-840 (SHREYAA ENTERPRISES): date 20251215 before start date 20260228
[2026-03-04 12:28:52] [INFO] [DATE SKIP] #28 (SHREYAA ENTERPRISES): date 20251215 before start date 20260228
[2026-03-04 12:28:52] [INFO] [DATE SKIP] #IO-841 (SHREYAA ENTERPRISES): date 20251215 before start date 20260228
[2026-03-04 12:28:52] [INFO] [DATE SKIP] #IO-842 (SHREYAA ENTERPRISES): date 20251215 before start date 20260228
[2026-03-04 12:28:52] [INFO] [DATE SKIP] #IO-843 (SHREYAA ENTERPRISES): date 20251215 before start date 20260228
[2026-03-04 12:28:52] [INFO] [DATE SKIP] #IO-844 (SHREYAA ENTERPRISES): date 20251216 before start date 20260228
[2026-03-04 12:28:52] [INFO] [DATE SKIP] #MO-29 (SHREYAA ENTERPRISES): date 20251216 before start date 20260228
[2026-03-04 12:28:52] [INFO] [DATE SKIP] #IO-845 (SHREYAA ENTERPRISES): date 20251216 before start date 20260228
[2026-03-04 12:28:52] [INFO] [DATE SKIP] #IO-846 (SHREYAA ENTERPRISES): date 20251216 before start date 20260228
[2026-03-04 12:28:52] [INFO] [DATE SKIP] #IO-847 (SHREYAA ENTERPRISES): date 20251216 before start date 20260228
[2026-03-04 12:28:52] [INFO] [DATE SKIP] #LPG-7 (SHREYAA ENTERPRISES): date 20251216 before start date 20260228
[2026-03-04 12:28:52] [INFO] [DATE SKIP] #IO-848 (SHREYAA ENTERPRISES): date 20251216 before start date 20260228
[2026-03-04 12:28:52] [INFO] [DATE SKIP] #IO-849 (SHREYAA ENTERPRISES): date 20251216 before start date 20260228
[2026-03-04 12:28:52] [INFO] [DATE SKIP] #IO-850 (SHREYAA ENTERPRISES): date 20251216 before start date 20260228
[2026-03-04 12:28:52] [INFO] [DATE SKIP] #IO-851 (SHREYAA ENTERPRISES): date 20251216 before start date 20260228
[2026-03-04 12:28:52] [INFO] [DATE SKIP] #IO-852 (SHREYAA ENTERPRISES): date 20251216 before start date 20260228
[2026-03-04 12:28:52] [INFO] [DATE SKIP] #IO-853 (SHREYAA ENTERPRISES): date 20251216 before start date 20260228
[2026-03-04 12:28:52] [INFO] [DATE SKIP] #IO-854 (SHREYAA ENTERPRISES): date 20251216 before start date 20260228
[2026-03-04 12:28:52] [INFO] [DATE SKIP] #IO-855 (SHREYAA ENTERPRISES): date 20251216 before start date 20260228
[2026-03-04 12:28:52] [INFO] [DATE SKIP] #IO-856 (SHREYAA ENTERPRISES): date 20251216 before start date 20260228
[2026-03-04 12:28:52] [INFO] [DATE SKIP] #IO-857 (SHREYAA ENTERPRISES): date 20251216 before start date 20260228
[2026-03-04 12:28:52] [INFO] [DATE SKIP] #IO-858 (SHREYAA ENTERPRISES): date 20251216 before start date 20260228
[2026-03-04 12:28:52] [INFO] [DATE SKIP] #IO-859 (SHREYAA ENTERPRISES): date 20251216 before start date 20260228
[2026-03-04 12:28:52] [INFO] [DATE SKIP] #ARG-32 (SHREYAA ENTERPRISES): date 20251216 before start date 20260228
[2026-03-04 12:28:52] [INFO] [DATE SKIP] #IO-862 (SHREYAA ENTERPRISES): date 20251217 before start date 20260228
[2026-03-04 12:28:52] [INFO] [DATE SKIP] #IO-860 (SHREYAA ENTERPRISES): date 20251217 before start date 20260228
[2026-03-04 12:28:52] [INFO] [DATE SKIP] #IO-861 (SHREYAA ENTERPRISES): date 20251217 before start date 20260228
[2026-03-04 12:28:52] [INFO] [DATE SKIP] #IO-863 (SHREYAA ENTERPRISES): date 20251217 before start date 20260228
[2026-03-04 12:28:52] [INFO] [DATE SKIP] #IO-864 (SHREYAA ENTERPRISES): date 20251217 before start date 20260228
[2026-03-04 12:28:52] [INFO] [DATE SKIP] #ARG-33 (SHREYAA ENTERPRISES): date 20251217 before start date 20260228
[2026-03-04 12:28:52] [INFO] [DATE SKIP] #IO-865 (SHREYAA ENTERPRISES): date 20251217 before start date 20260228
[2026-03-04 12:28:52] [INFO] [DATE SKIP] #IO-866 (SHREYAA ENTERPRISES): date 20251217 before start date 20260228
[2026-03-04 12:28:52] [INFO] [DATE SKIP] #IO-867 (SHREYAA ENTERPRISES): date 20251217 before start date 20260228
[2026-03-04 12:28:52] [INFO] [DATE SKIP] #IO-868 (SHREYAA ENTERPRISES): date 20251217 before start date 20260228
[2026-03-04 12:28:52] [INFO] [DATE SKIP] #IO-869 (SHREYAA ENTERPRISES): date 20251217 before start date 20260228
[2026-03-04 12:28:52] [INFO] [DATE SKIP] #IO-870 (SHREYAA ENTERPRISES): date 20251217 before start date 20260228
[2026-03-04 12:28:52] [INFO] [DATE SKIP] #IO-871 (SHREYAA ENTERPRISES): date 20251217 before start date 20260228
[2026-03-04 12:28:52] [INFO] [DATE SKIP] #29 (SHREYAA ENTERPRISES): date 20251217 before start date 20260228
[2026-03-04 12:28:52] [INFO] [DATE SKIP] #IO-872 (SHREYAA ENTERPRISES): date 20251217 before start date 20260228
[2026-03-04 12:28:52] [INFO] [DATE SKIP] #IO-873 (SHREYAA ENTERPRISES): date 20251217 before start date 20260228
[2026-03-04 12:28:52] [INFO] [DATE SKIP] #IO-874 (SHREYAA ENTERPRISES): date 20251217 before start date 20260228
[2026-03-04 12:28:52] [INFO] [DATE SKIP] #IO-875 (SHREYAA ENTERPRISES): date 20251217 before start date 20260228
[2026-03-04 12:28:52] [INFO] [DATE SKIP] #IO-876 (SHREYAA ENTERPRISES): date 20251217 before start date 20260228
[2026-03-04 12:28:52] [INFO] [DATE SKIP] #IO-877 (SHREYAA ENTERPRISES): date 20251217 before start date 20260228
[2026-03-04 12:28:52] [INFO] [DATE SKIP] #IO-929 (SHREYAA ENTERPRISES): date 20251217 before start date 20260228
[2026-03-04 12:28:52] [INFO] [DATE SKIP] #IO-930 (SHREYAA ENTERPRISES): date 20251217 before start date 20260228
[2026-03-04 12:28:52] [INFO] [DATE SKIP] #IO-931 (SHREYAA ENTERPRISES): date 20251217 before start date 20260228
[2026-03-04 12:28:52] [INFO] [DATE SKIP] #IO-878 (SHREYAA ENTERPRISES): date 20251218 before start date 20260228
[2026-03-04 12:28:52] [INFO] [DATE SKIP] #IO-879 (SHREYAA ENTERPRISES): date 20251218 before start date 20260228
[2026-03-04 12:28:52] [INFO] [DATE SKIP] #IO-880 (SHREYAA ENTERPRISES): date 20251218 before start date 20260228
[2026-03-04 12:28:52] [INFO] [DATE SKIP] #IO-881 (SHREYAA ENTERPRISES): date 20251218 before start date 20260228
[2026-03-04 12:28:52] [INFO] [DATE SKIP] #IO-882 (SHREYAA ENTERPRISES): date 20251218 before start date 20260228
[2026-03-04 12:28:52] [INFO] [DATE SKIP] #IO-883 (SHREYAA ENTERPRISES): date 20251218 before start date 20260228
[2026-03-04 12:28:52] [INFO] [DATE SKIP] #IO-884 (SHREYAA ENTERPRISES): date 20251218 before start date 20260228
[2026-03-04 12:28:52] [INFO] [DATE SKIP] #IO-885 (SHREYAA ENTERPRISES): date 20251218 before start date 20260228
[2026-03-04 12:28:52] [INFO] [DATE SKIP] #IO-886 (SHREYAA ENTERPRISES): date 20251218 before start date 20260228
[2026-03-04 12:28:52] [INFO] [DATE SKIP] #IO-887 (SHREYAA ENTERPRISES): date 20251218 before start date 20260228
[2026-03-04 12:28:52] [INFO] [DATE SKIP] #MO-30 (SHREYAA ENTERPRISES): date 20251218 before start date 20260228
[2026-03-04 12:28:52] [INFO] [DATE SKIP] #IO-888 (SHREYAA ENTERPRISES): date 20251218 before start date 20260228
[2026-03-04 12:28:52] [INFO] [DATE SKIP] #IO-889 (SHREYAA ENTERPRISES): date 20251218 before start date 20260228
[2026-03-04 12:28:52] [INFO] [DATE SKIP] #IO-890 (SHREYAA ENTERPRISES): date 20251218 before start date 20260228
[2026-03-04 12:28:52] [INFO] [DATE SKIP] #IO-891 (SHREYAA ENTERPRISES): date 20251218 before start date 20260228
[2026-03-04 12:28:52] [INFO] [DATE SKIP] #IO-892 (SHREYAA ENTERPRISES): date 20251218 before start date 20260228
[2026-03-04 12:28:52] [INFO] [DATE SKIP] #IO-893 (SHREYAA ENTERPRISES): date 20251218 before start date 20260228
[2026-03-04 12:28:52] [INFO] [DATE SKIP] #IO-894 (SHREYAA ENTERPRISES): date 20251218 before start date 20260228
[2026-03-04 12:28:52] [INFO] [DATE SKIP] #IO-895 (SHREYAA ENTERPRISES): date 20251218 before start date 20260228
[2026-03-04 12:28:52] [INFO] [DATE SKIP] #IO-896 (SHREYAA ENTERPRISES): date 20251218 before start date 20260228
[2026-03-04 12:28:52] [INFO] [DATE SKIP] #IO-897 (SHREYAA ENTERPRISES): date 20251218 before start date 20260228
[2026-03-04 12:28:52] [INFO] [DATE SKIP] #IO-898 (SHREYAA ENTERPRISES): date 20251218 before start date 20260228
[2026-03-04 12:28:52] [INFO] [DATE SKIP] #IO-899 (SHREYAA ENTERPRISES): date 20251218 before start date 20260228
[2026-03-04 12:28:52] [INFO] [DATE SKIP] #IO-900 (SHREYAA ENTERPRISES): date 20251218 before start date 20260228
[2026-03-04 12:28:52] [INFO] [DATE SKIP] #IO-901 (SHREYAA ENTERPRISES): date 20251218 before start date 20260228
[2026-03-04 12:28:52] [INFO] [DATE SKIP] #IO-902 (SHREYAA ENTERPRISES): date 20251219 before start date 20260228
[2026-03-04 12:28:52] [INFO] [DATE SKIP] #IO-903 (SHREYAA ENTERPRISES): date 20251219 before start date 20260228
[2026-03-04 12:28:52] [INFO] [DATE SKIP] #IO-904 (SHREYAA ENTERPRISES): date 20251219 before start date 20260228
[2026-03-04 12:28:52] [INFO] [DATE SKIP] #IO-905 (SHREYAA ENTERPRISES): date 20251219 before start date 20260228
[2026-03-04 12:28:52] [INFO] [DATE SKIP] #IO-906 (SHREYAA ENTERPRISES): date 20251219 before start date 20260228
[2026-03-04 12:28:52] [INFO] [DATE SKIP] #IO-907 (SHREYAA ENTERPRISES): date 20251219 before start date 20260228
[2026-03-04 12:28:52] [INFO] [DATE SKIP] #MO-31 (SHREYAA ENTERPRISES): date 20251219 before start date 20260228
[2026-03-04 12:28:52] [INFO] [DATE SKIP] #IO-908 (SHREYAA ENTERPRISES): date 20251219 before start date 20260228
[2026-03-04 12:28:52] [INFO] [DATE SKIP] #IO-909 (SHREYAA ENTERPRISES): date 20251219 before start date 20260228
[2026-03-04 12:28:52] [INFO] [DATE SKIP] #IO-910 (SHREYAA ENTERPRISES): date 20251219 before start date 20260228
[2026-03-04 12:28:52] [INFO] [DATE SKIP] #IO-911 (SHREYAA ENTERPRISES): date 20251219 before start date 20260228
[2026-03-04 12:28:52] [INFO] [DATE SKIP] #IO-912 (SHREYAA ENTERPRISES): date 20251219 before start date 20260228
[2026-03-04 12:28:52] [INFO] [DATE SKIP] #IO-913 (SHREYAA ENTERPRISES): date 20251219 before start date 20260228
[2026-03-04 12:28:52] [INFO] [DATE SKIP] #IO-1042 (SHREYAA ENTERPRISES): date 20251219 before start date 20260228
[2026-03-04 12:28:52] [INFO] [DATE SKIP] #IO-914 (SHREYAA ENTERPRISES): date 20251220 before start date 20260228
[2026-03-04 12:28:52] [INFO] [DATE SKIP] #IO-915 (SHREYAA ENTERPRISES): date 20251220 before start date 20260228
[2026-03-04 12:28:52] [INFO] [DATE SKIP] #IO-916 (SHREYAA ENTERPRISES): date 20251220 before start date 20260228
[2026-03-04 12:28:52] [INFO] [DATE SKIP] #IO-917 (SHREYAA ENTERPRISES): date 20251220 before start date 20260228
[2026-03-04 12:28:52] [INFO] [DATE SKIP] #IO-918 (SHREYAA ENTERPRISES): date 20251220 before start date 20260228
[2026-03-04 12:28:52] [INFO] [DATE SKIP] #IO-919 (SHREYAA ENTERPRISES): date 20251220 before start date 20260228
[2026-03-04 12:28:52] [INFO] [DATE SKIP] #IO-920 (SHREYAA ENTERPRISES): date 20251220 before start date 20260228
[2026-03-04 12:28:52] [INFO] [DATE SKIP] #IO-921 (SHREYAA ENTERPRISES): date 20251220 before start date 20260228
[2026-03-04 12:28:52] [INFO] [DATE SKIP] #IO-922 (SHREYAA ENTERPRISES): date 20251220 before start date 20260228
[2026-03-04 12:28:52] [INFO] [DATE SKIP] #IO-923 (SHREYAA ENTERPRISES): date 20251220 before start date 20260228
[2026-03-04 12:28:52] [INFO] [DATE SKIP] #IO-924 (SHREYAA ENTERPRISES): date 20251220 before start date 20260228
[2026-03-04 12:28:52] [INFO] [DATE SKIP] #IO-925 (SHREYAA ENTERPRISES): date 20251220 before start date 20260228
[2026-03-04 12:28:52] [INFO] [DATE SKIP] #IO-926 (SHREYAA ENTERPRISES): date 20251220 before start date 20260228
[2026-03-04 12:28:52] [INFO] [DATE SKIP] #IO-927 (SHREYAA ENTERPRISES): date 20251220 before start date 20260228
[2026-03-04 12:28:52] [INFO] [DATE SKIP] #IO-928 (SHREYAA ENTERPRISES): date 20251220 before start date 20260228
[2026-03-04 12:28:52] [INFO] [DATE SKIP] #IO-932 (SHREYAA ENTERPRISES): date 20251222 before start date 20260228
[2026-03-04 12:28:52] [INFO] [DATE SKIP] #IO-933 (SHREYAA ENTERPRISES): date 20251222 before start date 20260228
[2026-03-04 12:28:52] [INFO] [DATE SKIP] #IO-934 (SHREYAA ENTERPRISES): date 20251222 before start date 20260228
[2026-03-04 12:28:52] [INFO] [DATE SKIP] #IO-935 (SHREYAA ENTERPRISES): date 20251222 before start date 20260228
[2026-03-04 12:28:52] [INFO] [DATE SKIP] #IO-936 (SHREYAA ENTERPRISES): date 20251222 before start date 20260228
[2026-03-04 12:28:52] [INFO] [DATE SKIP] #IO-937 (SHREYAA ENTERPRISES): date 20251222 before start date 20260228
[2026-03-04 12:28:52] [INFO] [DATE SKIP] #IO-938 (SHREYAA ENTERPRISES): date 20251222 before start date 20260228
[2026-03-04 12:28:52] [INFO] [DATE SKIP] #IO-939 (SHREYAA ENTERPRISES): date 20251222 before start date 20260228
[2026-03-04 12:28:52] [INFO] [DATE SKIP] #IO-940 (SHREYAA ENTERPRISES): date 20251222 before start date 20260228
[2026-03-04 12:28:52] [INFO] [DATE SKIP] #IO-941 (SHREYAA ENTERPRISES): date 20251222 before start date 20260228
[2026-03-04 12:28:52] [INFO] [DATE SKIP] #IO-942 (SHREYAA ENTERPRISES): date 20251222 before start date 20260228
[2026-03-04 12:28:52] [INFO] [DATE SKIP] #IO-943 (SHREYAA ENTERPRISES): date 20251222 before start date 20260228
[2026-03-04 12:28:52] [INFO] [DATE SKIP] #IO-944 (SHREYAA ENTERPRISES): date 20251222 before start date 20260228
[2026-03-04 12:28:52] [INFO] [DATE SKIP] #IO-945 (SHREYAA ENTERPRISES): date 20251222 before start date 20260228
[2026-03-04 12:28:52] [INFO] [DATE SKIP] #IO-946 (SHREYAA ENTERPRISES): date 20251222 before start date 20260228
[2026-03-04 12:28:52] [INFO] [DATE SKIP] #IO-947 (SHREYAA ENTERPRISES): date 20251222 before start date 20260228
[2026-03-04 12:28:52] [INFO] [DATE SKIP] #IO-948 (SHREYAA ENTERPRISES): date 20251222 before start date 20260228
[2026-03-04 12:28:52] [INFO] [DATE SKIP] #IO-949 (SHREYAA ENTERPRISES): date 20251222 before start date 20260228
[2026-03-04 12:28:52] [INFO] [DATE SKIP] #IO-950 (SHREYAA ENTERPRISES): date 20251222 before start date 20260228
[2026-03-04 12:28:52] [INFO] [DATE SKIP] #IO-951 (SHREYAA ENTERPRISES): date 20251222 before start date 20260228
[2026-03-04 12:28:52] [INFO] [DATE SKIP] #IO-952 (SHREYAA ENTERPRISES): date 20251222 before start date 20260228
[2026-03-04 12:28:52] [INFO] [DATE SKIP] #IO-954 (SHREYAA ENTERPRISES): date 20251222 before start date 20260228
[2026-03-04 12:28:52] [INFO] [DATE SKIP] #IO-955 (SHREYAA ENTERPRISES): date 20251222 before start date 20260228
[2026-03-04 12:28:52] [INFO] [DATE SKIP] #IO-956 (SHREYAA ENTERPRISES): date 20251222 before start date 20260228
[2026-03-04 12:28:52] [INFO] [DATE SKIP] #IO-957 (SHREYAA ENTERPRISES): date 20251222 before start date 20260228
[2026-03-04 12:28:52] [INFO] [DATE SKIP] #IO-958 (SHREYAA ENTERPRISES): date 20251223 before start date 20260228
[2026-03-04 12:28:52] [INFO] [DATE SKIP] #IO-959 (SHREYAA ENTERPRISES): date 20251223 before start date 20260228
[2026-03-04 12:28:52] [INFO] [DATE SKIP] #IO-960 (SHREYAA ENTERPRISES): date 20251223 before start date 20260228
[2026-03-04 12:28:52] [INFO] [DATE SKIP] #IO-961 (SHREYAA ENTERPRISES): date 20251223 before start date 20260228
[2026-03-04 12:28:52] [INFO] [DATE SKIP] #IO-962 (SHREYAA ENTERPRISES): date 20251223 before start date 20260228
[2026-03-04 12:28:52] [INFO] [DATE SKIP] #IO-963 (SHREYAA ENTERPRISES): date 20251223 before start date 20260228
[2026-03-04 12:28:52] [INFO] [DATE SKIP] #IO-964 (SHREYAA ENTERPRISES): date 20251223 before start date 20260228
[2026-03-04 12:28:52] [INFO] [DATE SKIP] #IO-965 (SHREYAA ENTERPRISES): date 20251223 before start date 20260228
[2026-03-04 12:28:52] [INFO] [DATE SKIP] #IO-966 (SHREYAA ENTERPRISES): date 20251223 before start date 20260228
[2026-03-04 12:28:52] [INFO] [DATE SKIP] #IO-967 (SHREYAA ENTERPRISES): date 20251223 before start date 20260228
[2026-03-04 12:28:52] [INFO] [DATE SKIP] #30 (SHREYAA ENTERPRISES): date 20251223 before start date 20260228
[2026-03-04 12:28:52] [INFO] [DATE SKIP] #31 (SHREYAA ENTERPRISES): date 20251223 before start date 20260228
[2026-03-04 12:28:52] [INFO] [DATE SKIP] #IO-968 (SHREYAA ENTERPRISES): date 20251223 before start date 20260228
[2026-03-04 12:28:52] [INFO] [DATE SKIP] #IO-969 (SHREYAA ENTERPRISES): date 20251223 before start date 20260228
[2026-03-04 12:28:52] [INFO] [DATE SKIP] #33 (SHREYAA ENTERPRISES): date 20251223 before start date 20260228
[2026-03-04 12:28:52] [INFO] [DATE SKIP] #IO-970 (SHREYAA ENTERPRISES): date 20251223 before start date 20260228
[2026-03-04 12:28:52] [INFO] [DATE SKIP] #IO-971 (SHREYAA ENTERPRISES): date 20251223 before start date 20260228
[2026-03-04 12:28:52] [INFO] [DATE SKIP] #IO-1034 (SHREYAA ENTERPRISES): date 20251223 before start date 20260228
[2026-03-04 12:28:52] [INFO] [DATE SKIP] #IO-972 (SHREYAA ENTERPRISES): date 20251224 before start date 20260228
[2026-03-04 12:28:52] [INFO] [DATE SKIP] #ARG-34 (SHREYAA ENTERPRISES): date 20251224 before start date 20260228
[2026-03-04 12:28:52] [INFO] [DATE SKIP] #IO-973 (SHREYAA ENTERPRISES): date 20251224 before start date 20260228
[2026-03-04 12:28:52] [INFO] [DATE SKIP] #IO-974 (SHREYAA ENTERPRISES): date 20251224 before start date 20260228
[2026-03-04 12:28:52] [INFO] [DATE SKIP] #IO-975 (SHREYAA ENTERPRISES): date 20251224 before start date 20260228
[2026-03-04 12:28:52] [INFO] [DATE SKIP] #IO-976 (SHREYAA ENTERPRISES): date 20251224 before start date 20260228
[2026-03-04 12:28:52] [INFO] [DATE SKIP] #IO-977 (SHREYAA ENTERPRISES): date 20251224 before start date 20260228
[2026-03-04 12:28:52] [INFO] [DATE SKIP] #IO-978 (SHREYAA ENTERPRISES): date 20251224 before start date 20260228
[2026-03-04 12:28:52] [INFO] [DATE SKIP] #IO-979 (SHREYAA ENTERPRISES): date 20251224 before start date 20260228
[2026-03-04 12:28:52] [INFO] [DATE SKIP] #IO-980 (SHREYAA ENTERPRISES): date 20251224 before start date 20260228
[2026-03-04 12:28:52] [INFO] [DATE SKIP] #IO-981 (SHREYAA ENTERPRISES): date 20251224 before start date 20260228
[2026-03-04 12:28:52] [INFO] [DATE SKIP] #IO-982 (SHREYAA ENTERPRISES): date 20251224 before start date 20260228
[2026-03-04 12:28:52] [INFO] [DATE SKIP] #IO-983 (SHREYAA ENTERPRISES): date 20251224 before start date 20260228
[2026-03-04 12:28:52] [INFO] [DATE SKIP] #IO-984 (SHREYAA ENTERPRISES): date 20251224 before start date 20260228
[2026-03-04 12:28:52] [INFO] [DATE SKIP] #34 (SHREYAA ENTERPRISES): date 20251224 before start date 20260228
[2026-03-04 12:28:52] [INFO] [DATE SKIP] #IO-985 (SHREYAA ENTERPRISES): date 20251224 before start date 20260228
[2026-03-04 12:28:52] [INFO] [DATE SKIP] #IO-986 (SHREYAA ENTERPRISES): date 20251224 before start date 20260228
[2026-03-04 12:28:52] [INFO] [DATE SKIP] #IO-987 (SHREYAA ENTERPRISES): date 20251225 before start date 20260228
[2026-03-04 12:28:52] [INFO] [DATE SKIP] #IO-988 (SHREYAA ENTERPRISES): date 20251225 before start date 20260228
[2026-03-04 12:28:52] [INFO] [DATE SKIP] #IO-989 (SHREYAA ENTERPRISES): date 20251225 before start date 20260228
[2026-03-04 12:28:52] [INFO] [DATE SKIP] #IO-990 (SHREYAA ENTERPRISES): date 20251225 before start date 20260228
[2026-03-04 12:28:52] [INFO] [DATE SKIP] #IO-991 (SHREYAA ENTERPRISES): date 20251225 before start date 20260228
[2026-03-04 12:28:52] [INFO] [DATE SKIP] #IO-992 (SHREYAA ENTERPRISES): date 20251225 before start date 20260228
[2026-03-04 12:28:52] [INFO] [DATE SKIP] #IO-993 (SHREYAA ENTERPRISES): date 20251225 before start date 20260228
[2026-03-04 12:28:52] [INFO] [DATE SKIP] #IO-994 (SHREYAA ENTERPRISES): date 20251225 before start date 20260228
[2026-03-04 12:28:52] [INFO] [DATE SKIP] #IO-995 (SHREYAA ENTERPRISES): date 20251225 before start date 20260228
[2026-03-04 12:28:52] [INFO] [DATE SKIP] #IO-996 (SHREYAA ENTERPRISES): date 20251225 before start date 20260228
[2026-03-04 12:28:52] [INFO] [DATE SKIP] #IO-997 (SHREYAA ENTERPRISES): date 20251225 before start date 20260228
[2026-03-04 12:28:52] [INFO] [DATE SKIP] #IO-998 (SHREYAA ENTERPRISES): date 20251225 before start date 20260228
[2026-03-04 12:28:52] [INFO] [DATE SKIP] #IO-999 (SHREYAA ENTERPRISES): date 20251225 before start date 20260228
[2026-03-04 12:28:52] [INFO] [DATE SKIP] #IO-1000 (SHREYAA ENTERPRISES): date 20251226 before start date 20260228
[2026-03-04 12:28:52] [INFO] [DATE SKIP] #CO2-30 (SHREYAA ENTERPRISES): date 20251226 before start date 20260228
[2026-03-04 12:28:52] [INFO] [DATE SKIP] #ARG-35 (SHREYAA ENTERPRISES): date 20251226 before start date 20260228
[2026-03-04 12:28:52] [INFO] [DATE SKIP] #IO-1002 (SHREYAA ENTERPRISES): date 20251226 before start date 20260228
[2026-03-04 12:28:52] [INFO] [DATE SKIP] #IO-1003 (SHREYAA ENTERPRISES): date 20251226 before start date 20260228
[2026-03-04 12:28:52] [INFO] [DATE SKIP] #IO-1004 (SHREYAA ENTERPRISES): date 20251226 before start date 20260228
[2026-03-04 12:28:52] [INFO] [DATE SKIP] #IO-1005 (SHREYAA ENTERPRISES): date 20251226 before start date 20260228
[2026-03-04 12:28:52] [INFO] [DATE SKIP] #IO-1006 (SHREYAA ENTERPRISES): date 20251226 before start date 20260228
[2026-03-04 12:28:52] [INFO] [DATE SKIP] #IO-1007 (SHREYAA ENTERPRISES): date 20251226 before start date 20260228
[2026-03-04 12:28:52] [INFO] [DATE SKIP] #IO-1008 (SHREYAA ENTERPRISES): date 20251226 before start date 20260228
[2026-03-04 12:28:52] [INFO] [DATE SKIP] #IO-1009 (SHREYAA ENTERPRISES): date 20251226 before start date 20260228
[2026-03-04 12:28:52] [INFO] [DATE SKIP] #IO-1010 (SHREYAA ENTERPRISES): date 20251226 before start date 20260228
[2026-03-04 12:28:52] [INFO] [DATE SKIP] #IO-1011 (SHREYAA ENTERPRISES): date 20251226 before start date 20260228
[2026-03-04 12:28:52] [INFO] [DATE SKIP] #IO-1012 (SHREYAA ENTERPRISES): date 20251226 before start date 20260228
[2026-03-04 12:28:52] [INFO] [DATE SKIP] #IO-1013 (SHREYAA ENTERPRISES): date 20251226 before start date 20260228
[2026-03-04 12:28:52] [INFO] [DATE SKIP] #IO-1014 (SHREYAA ENTERPRISES): date 20251226 before start date 20260228
[2026-03-04 12:28:52] [INFO] [DATE SKIP] #IO-1015 (SHREYAA ENTERPRISES): date 20251226 before start date 20260228
[2026-03-04 12:28:52] [INFO] [DATE SKIP] #IO-1016 (SHREYAA ENTERPRISES): date 20251226 before start date 20260228
[2026-03-04 12:28:52] [INFO] [DATE SKIP] #IO-1035 (SHREYAA ENTERPRISES): date 20251226 before start date 20260228
[2026-03-04 12:28:52] [INFO] [DATE SKIP] #IO-1018 (SHREYAA ENTERPRISES): date 20251227 before start date 20260228
[2026-03-04 12:28:52] [INFO] [DATE SKIP] #IO-1017 (SHREYAA ENTERPRISES): date 20251227 before start date 20260228
[2026-03-04 12:28:52] [INFO] [DATE SKIP] #ARG-36 (SHREYAA ENTERPRISES): date 20251227 before start date 20260228
[2026-03-04 12:28:52] [INFO] [DATE SKIP] #IO-1019 (SHREYAA ENTERPRISES): date 20251227 before start date 20260228
[2026-03-04 12:28:52] [INFO] [DATE SKIP] #IO-1020 (SHREYAA ENTERPRISES): date 20251227 before start date 20260228
[2026-03-04 12:28:52] [INFO] [DATE SKIP] #IO-1021 (SHREYAA ENTERPRISES): date 20251227 before start date 20260228
[2026-03-04 12:28:52] [INFO] [DATE SKIP] #IO-1022 (SHREYAA ENTERPRISES): date 20251227 before start date 20260228
[2026-03-04 12:28:52] [INFO] [DATE SKIP] #IO-1023 (SHREYAA ENTERPRISES): date 20251227 before start date 20260228
[2026-03-04 12:28:52] [INFO] [DATE SKIP] #IO-1024 (SHREYAA ENTERPRISES): date 20251227 before start date 20260228
[2026-03-04 12:28:52] [INFO] [DATE SKIP] #IO-1025 (SHREYAA ENTERPRISES): date 20251227 before start date 20260228
[2026-03-04 12:28:52] [INFO] [DATE SKIP] #IO-1026 (SHREYAA ENTERPRISES): date 20251227 before start date 20260228
[2026-03-04 12:28:52] [INFO] [DATE SKIP] #IO-1027 (SHREYAA ENTERPRISES): date 20251227 before start date 20260228
[2026-03-04 12:28:52] [INFO] [DATE SKIP] #IO-1028 (SHREYAA ENTERPRISES): date 20251227 before start date 20260228
[2026-03-04 12:28:52] [INFO] [DATE SKIP] #IO-1029 (SHREYAA ENTERPRISES): date 20251227 before start date 20260228
[2026-03-04 12:28:52] [INFO] [DATE SKIP] #IO-1030 (SHREYAA ENTERPRISES): date 20251227 before start date 20260228
[2026-03-04 12:28:52] [INFO] [DATE SKIP] #IO-1031 (SHREYAA ENTERPRISES): date 20251227 before start date 20260228
[2026-03-04 12:28:52] [INFO] [DATE SKIP] #ARG-37 (SHREYAA ENTERPRISES): date 20251227 before start date 20260228
[2026-03-04 12:28:52] [INFO] [DATE SKIP] #IO-1032 (SHREYAA ENTERPRISES): date 20251227 before start date 20260228
[2026-03-04 12:28:52] [INFO] [DATE SKIP] #IO-1033 (SHREYAA ENTERPRISES): date 20251227 before start date 20260228
[2026-03-04 12:28:52] [INFO] [DATE SKIP] #IO-1036 (SHREYAA ENTERPRISES): date 20251227 before start date 20260228
[2026-03-04 12:28:52] [INFO] [DATE SKIP] #IO-1037 (SHREYAA ENTERPRISES): date 20251229 before start date 20260228
[2026-03-04 12:28:52] [INFO] [DATE SKIP] #IO-1038 (SHREYAA ENTERPRISES): date 20251229 before start date 20260228
[2026-03-04 12:28:52] [INFO] [DATE SKIP] #IO-1039 (SHREYAA ENTERPRISES): date 20251229 before start date 20260228
[2026-03-04 12:28:52] [INFO] [DATE SKIP] #IO-1040 (SHREYAA ENTERPRISES): date 20251229 before start date 20260228
[2026-03-04 12:28:52] [INFO] [DATE SKIP] #IO-1041 (SHREYAA ENTERPRISES): date 20251229 before start date 20260228
[2026-03-04 12:28:52] [INFO] [DATE SKIP] #IO-1043 (SHREYAA ENTERPRISES): date 20251229 before start date 20260228
[2026-03-04 12:28:52] [INFO] [DATE SKIP] #IO-1044 (SHREYAA ENTERPRISES): date 20251229 before start date 20260228
[2026-03-04 12:28:52] [INFO] [DATE SKIP] #IO-1045 (SHREYAA ENTERPRISES): date 20251229 before start date 20260228
[2026-03-04 12:28:52] [INFO] [DATE SKIP] #IO-1046 (SHREYAA ENTERPRISES): date 20251229 before start date 20260228
[2026-03-04 12:28:52] [INFO] [DATE SKIP] #IO-1047 (SHREYAA ENTERPRISES): date 20251230 before start date 20260228
[2026-03-04 12:28:52] [INFO] [DATE SKIP] #IO-1048 (SHREYAA ENTERPRISES): date 20251230 before start date 20260228
[2026-03-04 12:28:52] [INFO] [DATE SKIP] #MO-34 (SHREYAA ENTERPRISES): date 20251230 before start date 20260228
[2026-03-04 12:28:52] [INFO] [DATE SKIP] #36 (SHREYAA ENTERPRISES): date 20251230 before start date 20260228
[2026-03-04 12:28:52] [INFO] [DATE SKIP] #IO-1049 (SHREYAA ENTERPRISES): date 20251230 before start date 20260228
[2026-03-04 12:28:52] [INFO] [DATE SKIP] #IO-1050 (SHREYAA ENTERPRISES): date 20251230 before start date 20260228
[2026-03-04 12:28:52] [INFO] [DATE SKIP] #IO-1051 (SHREYAA ENTERPRISES): date 20251230 before start date 20260228
[2026-03-04 12:28:52] [INFO] [DATE SKIP] #IO-1052 (SHREYAA ENTERPRISES): date 20251230 before start date 20260228
[2026-03-04 12:28:52] [INFO] [DATE SKIP] #IO-1053 (SHREYAA ENTERPRISES): date 20251230 before start date 20260228
[2026-03-04 12:28:52] [INFO] [DATE SKIP] #IO-1054 (SHREYAA ENTERPRISES): date 20251230 before start date 20260228
[2026-03-04 12:28:52] [INFO] [DATE SKIP] #IO-1055 (SHREYAA ENTERPRISES): date 20251230 before start date 20260228
[2026-03-04 12:28:52] [INFO] [DATE SKIP] #IO-1056 (SHREYAA ENTERPRISES): date 20251230 before start date 20260228
[2026-03-04 12:28:52] [INFO] [DATE SKIP] #37 (SHREYAA ENTERPRISES): date 20251230 before start date 20260228
[2026-03-04 12:28:52] [INFO] [DATE SKIP] #IO-1057 (SHREYAA ENTERPRISES): date 20251230 before start date 20260228
[2026-03-04 12:28:52] [INFO] [DATE SKIP] #IO-1058 (SHREYAA ENTERPRISES): date 20251230 before start date 20260228
[2026-03-04 12:28:52] [INFO] [DATE SKIP] #CO2-31 (SHREYAA ENTERPRISES): date 20251230 before start date 20260228
[2026-03-04 12:28:52] [INFO] [DATE SKIP] #IO-1059 (SHREYAA ENTERPRISES): date 20251230 before start date 20260228
[2026-03-04 12:28:52] [INFO] [DATE SKIP] #IO-1060 (SHREYAA ENTERPRISES): date 20251230 before start date 20260228
[2026-03-04 12:28:52] [INFO] [DATE SKIP] #IO-1061 (SHREYAA ENTERPRISES): date 20251230 before start date 20260228
[2026-03-04 12:28:52] [INFO] [DATE SKIP] #IO-1062 (SHREYAA ENTERPRISES): date 20251230 before start date 20260228
[2026-03-04 12:28:52] [INFO] [DATE SKIP] #IO-1063 (SHREYAA ENTERPRISES): date 20251230 before start date 20260228
[2026-03-04 12:28:52] [INFO] [DATE SKIP] #IO-1064 (SHREYAA ENTERPRISES): date 20251230 before start date 20260228
[2026-03-04 12:28:52] [INFO] [DATE SKIP] #38 (SHREYAA ENTERPRISES): date 20251230 before start date 20260228
[2026-03-04 12:28:52] [INFO] [DATE SKIP] #IO-1065 (SHREYAA ENTERPRISES): date 20251231 before start date 20260228
[2026-03-04 12:28:52] [INFO] [DATE SKIP] #IO-1066 (SHREYAA ENTERPRISES): date 20251231 before start date 20260228
[2026-03-04 12:28:52] [INFO] [DATE SKIP] #IO-1067 (SHREYAA ENTERPRISES): date 20251231 before start date 20260228
[2026-03-04 12:28:52] [INFO] [DATE SKIP] #IO-1068 (SHREYAA ENTERPRISES): date 20251231 before start date 20260228
[2026-03-04 12:28:52] [INFO] [DATE SKIP] #IO-1069 (SHREYAA ENTERPRISES): date 20251231 before start date 20260228
[2026-03-04 12:28:52] [INFO] [DATE SKIP] #IO-1070 (SHREYAA ENTERPRISES): date 20251231 before start date 20260228
[2026-03-04 12:28:52] [INFO] [DATE SKIP] #IO-1071 (SHREYAA ENTERPRISES): date 20251231 before start date 20260228
[2026-03-04 12:28:52] [INFO] [DATE SKIP] #IO-1072 (SHREYAA ENTERPRISES): date 20251231 before start date 20260228
[2026-03-04 12:28:52] [INFO] [DATE SKIP] #IO-1073 (SHREYAA ENTERPRISES): date 20251231 before start date 20260228
[2026-03-04 12:28:52] [INFO] [DATE SKIP] #ARG-38 (SHREYAA ENTERPRISES): date 20251231 before start date 20260228
[2026-03-04 12:28:52] [INFO] [DATE SKIP] #IO-1074 (SHREYAA ENTERPRISES): date 20251231 before start date 20260228
[2026-03-04 12:28:52] [INFO] [DATE SKIP] #IO-1075 (SHREYAA ENTERPRISES): date 20251231 before start date 20260228
[2026-03-04 12:28:52] [INFO] [DATE SKIP] #IO-1076 (SHREYAA ENTERPRISES): date 20251231 before start date 20260228
[2026-03-04 12:28:52] [INFO] [DATE SKIP] #IO-1077 (SHREYAA ENTERPRISES): date 20251231 before start date 20260228
[2026-03-04 12:28:52] [INFO] [DATE SKIP] #IO-1078 (SHREYAA ENTERPRISES): date 20251231 before start date 20260228
[2026-03-04 12:28:52] [INFO] [DATE SKIP] #IO-1079 (SHREYAA ENTERPRISES): date 20251231 before start date 20260228
[2026-03-04 12:28:52] [INFO] [DATE SKIP] #LPG-9 (SHREYAA ENTERPRISES): date 20251231 before start date 20260228
[2026-03-04 12:28:52] [INFO] [DATE SKIP] #IO-1080 (SHREYAA ENTERPRISES): date 20251231 before start date 20260228
[2026-03-04 12:28:52] [INFO] [DATE SKIP] #IO-1081 (SHREYAA ENTERPRISES): date 20251231 before start date 20260228
[2026-03-04 12:28:52] [INFO] [DATE SKIP] #IO-1082 (SHREYAA ENTERPRISES): date 20251231 before start date 20260228
[2026-03-04 12:28:52] [INFO] [DATE SKIP] #IO-1083 (SHREYAA ENTERPRISES): date 20251231 before start date 20260228
[2026-03-04 12:28:52] [INFO] [DATE SKIP] #IO-1084 (SHREYAA ENTERPRISES): date 20251231 before start date 20260228
[2026-03-04 12:28:52] [INFO] [DATE SKIP] #IO-1085 (SHREYAA ENTERPRISES): date 20251231 before start date 20260228
[2026-03-04 12:28:52] [INFO] [DATE SKIP] #IO-1086 (SHREYAA ENTERPRISES): date 20251231 before start date 20260228
[2026-03-04 12:28:52] [INFO] [DATE SKIP] #IO-1087 (SHREYAA ENTERPRISES): date 20251231 before start date 20260228
[2026-03-04 12:28:52] [INFO] [DATE SKIP] #IO-1088 (SHREYAA ENTERPRISES): date 20251231 before start date 20260228
[2026-03-04 12:28:52] [INFO] [DATE SKIP] #IO-1089 (SHREYAA ENTERPRISES): date 20251231 before start date 20260228
[2026-03-04 12:28:52] [INFO] [DATE SKIP] #IO-1090 (SHREYAA ENTERPRISES): date 20251231 before start date 20260228
[2026-03-04 12:28:52] [INFO] [DATE SKIP] #39 (SHREYAA ENTERPRISES): date 20251231 before start date 20260228
[2026-03-04 12:28:52] [INFO] [DATE SKIP] #IO-1091 (SHREYAA ENTERPRISES): date 20260101 before start date 20260228
[2026-03-04 12:28:52] [INFO] [DATE SKIP] #IO-1092 (SHREYAA ENTERPRISES): date 20260101 before start date 20260228
[2026-03-04 12:28:52] [INFO] [DATE SKIP] #IO-1093 (SHREYAA ENTERPRISES): date 20260101 before start date 20260228
[2026-03-04 12:28:52] [INFO] [DATE SKIP] #IO-1094 (SHREYAA ENTERPRISES): date 20260101 before start date 20260228
[2026-03-04 12:28:52] [INFO] [DATE SKIP] #IO-1095 (SHREYAA ENTERPRISES): date 20260101 before start date 20260228
[2026-03-04 12:28:52] [INFO] [DATE SKIP] #ARG-39 (SHREYAA ENTERPRISES): date 20260101 before start date 20260228
[2026-03-04 12:28:52] [INFO] [DATE SKIP] #ARG-40 (SHREYAA ENTERPRISES): date 20260101 before start date 20260228
[2026-03-04 12:28:52] [INFO] [DATE SKIP] #ARG-41 (SHREYAA ENTERPRISES): date 20260101 before start date 20260228
[2026-03-04 12:28:52] [INFO] [DATE SKIP] #IO-1096 (SHREYAA ENTERPRISES): date 20260101 before start date 20260228
[2026-03-04 12:28:52] [INFO] [DATE SKIP] #IO-1097 (SHREYAA ENTERPRISES): date 20260101 before start date 20260228
[2026-03-04 12:28:52] [INFO] [DATE SKIP] #IO-1098 (SHREYAA ENTERPRISES): date 20260101 before start date 20260228
[2026-03-04 12:28:52] [INFO] [DATE SKIP] #IO-1099 (SHREYAA ENTERPRISES): date 20260101 before start date 20260228
[2026-03-04 12:28:52] [INFO] [DATE SKIP] #IO-1100 (SHREYAA ENTERPRISES): date 20260101 before start date 20260228
[2026-03-04 12:28:52] [INFO] [DATE SKIP] #IO-1101 (SHREYAA ENTERPRISES): date 20260101 before start date 20260228
[2026-03-04 12:28:52] [INFO] [DATE SKIP] #IO-1102 (SHREYAA ENTERPRISES): date 20260101 before start date 20260228
[2026-03-04 12:28:52] [INFO] [DATE SKIP] #IO-1103 (SHREYAA ENTERPRISES): date 20260101 before start date 20260228
[2026-03-04 12:28:52] [INFO] [DATE SKIP] #IO-1104 (SHREYAA ENTERPRISES): date 20260101 before start date 20260228
[2026-03-04 12:28:52] [INFO] [DATE SKIP] #IO-1105 (SHREYAA ENTERPRISES): date 20260101 before start date 20260228
[2026-03-04 12:28:52] [INFO] [DATE SKIP] #IO-1106 (SHREYAA ENTERPRISES): date 20260101 before start date 20260228
[2026-03-04 12:28:52] [INFO] [DATE SKIP] #IO-1107 (SHREYAA ENTERPRISES): date 20260102 before start date 20260228
[2026-03-04 12:28:52] [INFO] [DATE SKIP] #IO-1108 (SHREYAA ENTERPRISES): date 20260102 before start date 20260228
[2026-03-04 12:28:52] [INFO] [DATE SKIP] #IO-1109 (SHREYAA ENTERPRISES): date 20260102 before start date 20260228
[2026-03-04 12:28:52] [INFO] [DATE SKIP] #IO-1110 (SHREYAA ENTERPRISES): date 20260102 before start date 20260228
[2026-03-04 12:28:52] [INFO] [DATE SKIP] #40 (SHREYAA ENTERPRISES): date 20260102 before start date 20260228
[2026-03-04 12:28:52] [INFO] [DATE SKIP] #IO-1111 (SHREYAA ENTERPRISES): date 20260102 before start date 20260228
[2026-03-04 12:28:52] [INFO] [DATE SKIP] #IO-1112 (SHREYAA ENTERPRISES): date 20260102 before start date 20260228
[2026-03-04 12:28:52] [INFO] [DATE SKIP] #IO-1113 (SHREYAA ENTERPRISES): date 20260102 before start date 20260228
[2026-03-04 12:28:52] [INFO] [DATE SKIP] #IO-1114 (SHREYAA ENTERPRISES): date 20260102 before start date 20260228
[2026-03-04 12:28:52] [INFO] [DATE SKIP] #IO-1115 (SHREYAA ENTERPRISES): date 20260102 before start date 20260228
[2026-03-04 12:28:52] [INFO] [DATE SKIP] #IO-1116 (SHREYAA ENTERPRISES): date 20260102 before start date 20260228
[2026-03-04 12:28:52] [INFO] [DATE SKIP] #IO-1117 (SHREYAA ENTERPRISES): date 20260102 before start date 20260228
[2026-03-04 12:28:52] [INFO] [DATE SKIP] #1 (SHREYAA ENTERPRISES): date 20260102 before start date 20260228
[2026-03-04 12:28:52] [INFO] [DATE SKIP] #2 (SHREYAA ENTERPRISES): date 20260102 before start date 20260228
[2026-03-04 12:28:52] [INFO] [DATE SKIP] #IO-1118 (SHREYAA ENTERPRISES): date 20260103 before start date 20260228
[2026-03-04 12:28:52] [INFO] [DATE SKIP] #IO-1120 (SHREYAA ENTERPRISES): date 20260103 before start date 20260228
[2026-03-04 12:28:52] [INFO] [DATE SKIP] #IO-1119 (SHREYAA ENTERPRISES): date 20260103 before start date 20260228
[2026-03-04 12:28:52] [INFO] [DATE SKIP] #IO-1121 (SHREYAA ENTERPRISES): date 20260103 before start date 20260228
[2026-03-04 12:28:52] [INFO] [DATE SKIP] #CO2-32 (SHREYAA ENTERPRISES): date 20260103 before start date 20260228
[2026-03-04 12:28:52] [INFO] [DATE SKIP] #IO-1122 (SHREYAA ENTERPRISES): date 20260103 before start date 20260228
[2026-03-04 12:28:52] [INFO] [DATE SKIP] #IO-1123 (SHREYAA ENTERPRISES): date 20260103 before start date 20260228
[2026-03-04 12:28:52] [INFO] [DATE SKIP] #IO-1124 (SHREYAA ENTERPRISES): date 20260103 before start date 20260228
[2026-03-04 12:28:52] [INFO] [DATE SKIP] #IO-1125 (SHREYAA ENTERPRISES): date 20260103 before start date 20260228
[2026-03-04 12:28:52] [INFO] [DATE SKIP] #IO-1126 (SHREYAA ENTERPRISES): date 20260103 before start date 20260228
[2026-03-04 12:28:52] [INFO] [DATE SKIP] #IO-1127 (SHREYAA ENTERPRISES): date 20260103 before start date 20260228
[2026-03-04 12:28:52] [INFO] [DATE SKIP] #42 (SHREYAA ENTERPRISES): date 20260103 before start date 20260228
[2026-03-04 12:28:52] [INFO] [DATE SKIP] #IO-1131 (SHREYAA ENTERPRISES): date 20260103 before start date 20260228
[2026-03-04 12:28:52] [INFO] [DATE SKIP] #IO-1128 (SHREYAA ENTERPRISES): date 20260103 before start date 20260228
[2026-03-04 12:28:52] [INFO] [DATE SKIP] #IO-1129 (SHREYAA ENTERPRISES): date 20260103 before start date 20260228
[2026-03-04 12:28:52] [INFO] [DATE SKIP] #IO-1130 (SHREYAA ENTERPRISES): date 20260103 before start date 20260228
[2026-03-04 12:28:52] [INFO] [DATE SKIP] #IO-1132 (SHREYAA ENTERPRISES): date 20260103 before start date 20260228
[2026-03-04 12:28:52] [INFO] [DATE SKIP] #IO-1133 (SHREYAA ENTERPRISES): date 20260105 before start date 20260228
[2026-03-04 12:28:52] [INFO] [DATE SKIP] #IO-1134 (SHREYAA ENTERPRISES): date 20260105 before start date 20260228
[2026-03-04 12:28:52] [INFO] [DATE SKIP] #IO-1135 (SHREYAA ENTERPRISES): date 20260105 before start date 20260228
[2026-03-04 12:28:52] [INFO] [DATE SKIP] #IO-1136 (SHREYAA ENTERPRISES): date 20260105 before start date 20260228
[2026-03-04 12:28:52] [INFO] [DATE SKIP] #IO-1137 (SHREYAA ENTERPRISES): date 20260105 before start date 20260228
[2026-03-04 12:28:52] [INFO] [DATE SKIP] #IO-1138 (SHREYAA ENTERPRISES): date 20260105 before start date 20260228
[2026-03-04 12:28:52] [INFO] [DATE SKIP] #44 (SHREYAA ENTERPRISES): date 20260105 before start date 20260228
[2026-03-04 12:28:52] [INFO] [DATE SKIP] #IO-1139 (SHREYAA ENTERPRISES): date 20260105 before start date 20260228
[2026-03-04 12:28:52] [INFO] [DATE SKIP] #IO-1140 (SHREYAA ENTERPRISES): date 20260105 before start date 20260228
[2026-03-04 12:28:52] [INFO] [DATE SKIP] #IO-1141 (SHREYAA ENTERPRISES): date 20260105 before start date 20260228
[2026-03-04 12:28:52] [INFO] [DATE SKIP] #IO-1142 (SHREYAA ENTERPRISES): date 20260105 before start date 20260228
[2026-03-04 12:28:52] [INFO] [DATE SKIP] #IO-1143 (SHREYAA ENTERPRISES): date 20260105 before start date 20260228
[2026-03-04 12:28:52] [INFO] [DATE SKIP] #IO-1144 (SHREYAA ENTERPRISES): date 20260105 before start date 20260228
[2026-03-04 12:28:52] [INFO] [DATE SKIP] #IO-1145 (SHREYAA ENTERPRISES): date 20260105 before start date 20260228
[2026-03-04 12:28:52] [INFO] [DATE SKIP] #IO-1146 (SHREYAA ENTERPRISES): date 20260106 before start date 20260228
[2026-03-04 12:28:52] [INFO] [DATE SKIP] #IO-1147 (SHREYAA ENTERPRISES): date 20260106 before start date 20260228
[2026-03-04 12:28:52] [INFO] [DATE SKIP] #IO-1148 (SHREYAA ENTERPRISES): date 20260106 before start date 20260228
[2026-03-04 12:28:52] [INFO] [DATE SKIP] #IO-1149 (SHREYAA ENTERPRISES): date 20260106 before start date 20260228
[2026-03-04 12:28:52] [INFO] [DATE SKIP] #45 (SHREYAA ENTERPRISES): date 20260106 before start date 20260228
[2026-03-04 12:28:52] [INFO] [DATE SKIP] #IO-1150 (SHREYAA ENTERPRISES): date 20260106 before start date 20260228
[2026-03-04 12:28:52] [INFO] [DATE SKIP] #IO-1151 (SHREYAA ENTERPRISES): date 20260106 before start date 20260228
[2026-03-04 12:28:52] [INFO] [DATE SKIP] #IO-1152 (SHREYAA ENTERPRISES): date 20260106 before start date 20260228
[2026-03-04 12:28:52] [INFO] [DATE SKIP] #IO-1153 (SHREYAA ENTERPRISES): date 20260106 before start date 20260228
[2026-03-04 12:28:52] [INFO] [DATE SKIP] #IO-1154 (SHREYAA ENTERPRISES): date 20260106 before start date 20260228
[2026-03-04 12:28:52] [INFO] [DATE SKIP] #IO-1155 (SHREYAA ENTERPRISES): date 20260106 before start date 20260228
[2026-03-04 12:28:52] [INFO] [DATE SKIP] #IO-1156 (SHREYAA ENTERPRISES): date 20260106 before start date 20260228
[2026-03-04 12:28:52] [INFO] [DATE SKIP] #IO-1157 (SHREYAA ENTERPRISES): date 20260106 before start date 20260228
[2026-03-04 12:28:52] [INFO] [DATE SKIP] #IO-1158 (SHREYAA ENTERPRISES): date 20260106 before start date 20260228
[2026-03-04 12:28:52] [INFO] [DATE SKIP] #IO-1159 (SHREYAA ENTERPRISES): date 20260106 before start date 20260228
[2026-03-04 12:28:52] [INFO] [DATE SKIP] #IO-1160 (SHREYAA ENTERPRISES): date 20260106 before start date 20260228
[2026-03-04 12:28:52] [INFO] [DATE SKIP] #IO-1161 (SHREYAA ENTERPRISES): date 20260107 before start date 20260228
[2026-03-04 12:28:52] [INFO] [DATE SKIP] #IO-1162 (SHREYAA ENTERPRISES): date 20260107 before start date 20260228
[2026-03-04 12:28:52] [INFO] [DATE SKIP] #IO-1163 (SHREYAA ENTERPRISES): date 20260107 before start date 20260228
[2026-03-04 12:28:52] [INFO] [DATE SKIP] #IO-1164 (SHREYAA ENTERPRISES): date 20260107 before start date 20260228
[2026-03-04 12:28:52] [INFO] [DATE SKIP] #IO-1165 (SHREYAA ENTERPRISES): date 20260107 before start date 20260228
[2026-03-04 12:28:52] [INFO] [DATE SKIP] #IO-1166 (SHREYAA ENTERPRISES): date 20260107 before start date 20260228
[2026-03-04 12:28:52] [INFO] [DATE SKIP] #IO-1167 (SHREYAA ENTERPRISES): date 20260107 before start date 20260228
[2026-03-04 12:28:52] [INFO] [DATE SKIP] #IO-1168 (SHREYAA ENTERPRISES): date 20260107 before start date 20260228
[2026-03-04 12:28:52] [INFO] [DATE SKIP] #46 (SHREYAA ENTERPRISES): date 20260107 before start date 20260228
[2026-03-04 12:28:52] [INFO] [DATE SKIP] #IO-1169 (SHREYAA ENTERPRISES): date 20260107 before start date 20260228
[2026-03-04 12:28:52] [INFO] [DATE SKIP] #IO-1170 (SHREYAA ENTERPRISES): date 20260107 before start date 20260228
[2026-03-04 12:28:52] [INFO] [DATE SKIP] #IO-1171 (SHREYAA ENTERPRISES): date 20260107 before start date 20260228
[2026-03-04 12:28:52] [INFO] [DATE SKIP] #IO-1172 (SHREYAA ENTERPRISES): date 20260107 before start date 20260228
[2026-03-04 12:28:52] [INFO] [DATE SKIP] #IO-1173 (SHREYAA ENTERPRISES): date 20260107 before start date 20260228
[2026-03-04 12:28:52] [INFO] [DATE SKIP] #IO-1174 (SHREYAA ENTERPRISES): date 20260107 before start date 20260228
[2026-03-04 12:28:52] [INFO] [DATE SKIP] #IO-1175 (SHREYAA ENTERPRISES): date 20260107 before start date 20260228
[2026-03-04 12:28:52] [INFO] [DATE SKIP] #CO2-33 (SHREYAA ENTERPRISES): date 20260107 before start date 20260228
[2026-03-04 12:28:52] [INFO] [DATE SKIP] #IO-1176 (SHREYAA ENTERPRISES): date 20260107 before start date 20260228
[2026-03-04 12:28:52] [INFO] [DATE SKIP] #4 (SHREYAA ENTERPRISES): date 20260107 before start date 20260228
[2026-03-04 12:28:52] [INFO] [DATE SKIP] #IO-1177 (SHREYAA ENTERPRISES): date 20260108 before start date 20260228
[2026-03-04 12:28:52] [INFO] [DATE SKIP] #IO-1178 (SHREYAA ENTERPRISES): date 20260108 before start date 20260228
[2026-03-04 12:28:52] [INFO] [DATE SKIP] #IO-1179 (SHREYAA ENTERPRISES): date 20260108 before start date 20260228
[2026-03-04 12:28:52] [INFO] [DATE SKIP] #IO-1180 (SHREYAA ENTERPRISES): date 20260108 before start date 20260228
[2026-03-04 12:28:52] [INFO] [DATE SKIP] #IO-1181 (SHREYAA ENTERPRISES): date 20260108 before start date 20260228
[2026-03-04 12:28:52] [INFO] [DATE SKIP] #IO-1182 (SHREYAA ENTERPRISES): date 20260108 before start date 20260228
[2026-03-04 12:28:52] [INFO] [DATE SKIP] #IO-1183 (SHREYAA ENTERPRISES): date 20260108 before start date 20260228
[2026-03-04 12:28:52] [INFO] [DATE SKIP] #IO-1184 (SHREYAA ENTERPRISES): date 20260108 before start date 20260228
[2026-03-04 12:28:52] [INFO] [DATE SKIP] #IO-1185 (SHREYAA ENTERPRISES): date 20260108 before start date 20260228
[2026-03-04 12:28:52] [INFO] [DATE SKIP] #IO-1186 (SHREYAA ENTERPRISES): date 20260108 before start date 20260228
[2026-03-04 12:28:52] [INFO] [DATE SKIP] #IO-1187 (SHREYAA ENTERPRISES): date 20260108 before start date 20260228
[2026-03-04 12:28:52] [INFO] [DATE SKIP] #IO-1188 (SHREYAA ENTERPRISES): date 20260108 before start date 20260228
[2026-03-04 12:28:52] [INFO] [DATE SKIP] #IO-1189 (SHREYAA ENTERPRISES): date 20260108 before start date 20260228
[2026-03-04 12:28:52] [INFO] [DATE SKIP] #IO-1191 (SHREYAA ENTERPRISES): date 20260109 before start date 20260228
[2026-03-04 12:28:52] [INFO] [DATE SKIP] #47 (SHREYAA ENTERPRISES): date 20260109 before start date 20260228
[2026-03-04 12:28:52] [INFO] [DATE SKIP] #ARG-43 (SHREYAA ENTERPRISES): date 20260109 before start date 20260228
[2026-03-04 12:28:52] [INFO] [DATE SKIP] #IO-1190 (SHREYAA ENTERPRISES): date 20260109 before start date 20260228
[2026-03-04 12:28:52] [INFO] [DATE SKIP] #ARG-42 (SHREYAA ENTERPRISES): date 20260109 before start date 20260228
[2026-03-04 12:28:52] [INFO] [DATE SKIP] #ARG-44 (SHREYAA ENTERPRISES): date 20260109 before start date 20260228
[2026-03-04 12:28:52] [INFO] [DATE SKIP] #ARG-45 (SHREYAA ENTERPRISES): date 20260109 before start date 20260228
[2026-03-04 12:28:52] [INFO] [DATE SKIP] #ARG-46 (SHREYAA ENTERPRISES): date 20260109 before start date 20260228
[2026-03-04 12:28:52] [INFO] [DATE SKIP] #IO-1192 (SHREYAA ENTERPRISES): date 20260109 before start date 20260228
[2026-03-04 12:28:52] [INFO] [DATE SKIP] #IO-1193 (SHREYAA ENTERPRISES): date 20260109 before start date 20260228
[2026-03-04 12:28:52] [INFO] [DATE SKIP] #IO-1194 (SHREYAA ENTERPRISES): date 20260109 before start date 20260228
[2026-03-04 12:28:52] [INFO] [DATE SKIP] #IO-1195 (SHREYAA ENTERPRISES): date 20260109 before start date 20260228
[2026-03-04 12:28:52] [INFO] [DATE SKIP] #IO-1196 (SHREYAA ENTERPRISES): date 20260109 before start date 20260228
[2026-03-04 12:28:52] [INFO] [DATE SKIP] #IO-1197 (SHREYAA ENTERPRISES): date 20260109 before start date 20260228
[2026-03-04 12:28:52] [INFO] [DATE SKIP] #IO-1198 (SHREYAA ENTERPRISES): date 20260109 before start date 20260228
[2026-03-04 12:28:52] [INFO] [DATE SKIP] #IO-1199 (SHREYAA ENTERPRISES): date 20260109 before start date 20260228
[2026-03-04 12:28:52] [INFO] [DATE SKIP] #IO-1200 (SHREYAA ENTERPRISES): date 20260109 before start date 20260228
[2026-03-04 12:28:52] [INFO] [DATE SKIP] #IO-1201 (SHREYAA ENTERPRISES): date 20260109 before start date 20260228
[2026-03-04 12:28:52] [INFO] [DATE SKIP] #5 (SHREYAA ENTERPRISES): date 20260109 before start date 20260228
[2026-03-04 12:28:52] [INFO] [DATE SKIP] #IO-1202 (SHREYAA ENTERPRISES): date 20260110 before start date 20260228
[2026-03-04 12:28:52] [INFO] [DATE SKIP] #IO-1203 (SHREYAA ENTERPRISES): date 20260110 before start date 20260228
[2026-03-04 12:28:52] [INFO] [DATE SKIP] #IO-1204 (SHREYAA ENTERPRISES): date 20260110 before start date 20260228
[2026-03-04 12:28:52] [INFO] [DATE SKIP] #IO-1205 (SHREYAA ENTERPRISES): date 20260110 before start date 20260228
[2026-03-04 12:28:52] [INFO] [DATE SKIP] #IO-1206 (SHREYAA ENTERPRISES): date 20260110 before start date 20260228
[2026-03-04 12:28:52] [INFO] [DATE SKIP] #48 (SHREYAA ENTERPRISES): date 20260110 before start date 20260228
[2026-03-04 12:28:52] [INFO] [DATE SKIP] #IO-1207 (SHREYAA ENTERPRISES): date 20260110 before start date 20260228
[2026-03-04 12:28:52] [INFO] [DATE SKIP] #IO-1208 (SHREYAA ENTERPRISES): date 20260110 before start date 20260228
[2026-03-04 12:28:52] [INFO] [DATE SKIP] #IO-1209 (SHREYAA ENTERPRISES): date 20260110 before start date 20260228
[2026-03-04 12:28:52] [INFO] [DATE SKIP] #3 (SHREYAA ENTERPRISES): date 20260110 before start date 20260228
[2026-03-04 12:28:52] [INFO] [DATE SKIP] #IO-1210 (SHREYAA ENTERPRISES): date 20260112 before start date 20260228
[2026-03-04 12:28:52] [INFO] [DATE SKIP] #IO-1211 (SHREYAA ENTERPRISES): date 20260112 before start date 20260228
[2026-03-04 12:28:52] [INFO] [DATE SKIP] #IO-1212 (SHREYAA ENTERPRISES): date 20260112 before start date 20260228
[2026-03-04 12:28:52] [INFO] [DATE SKIP] #IO-1213 (SHREYAA ENTERPRISES): date 20260112 before start date 20260228
[2026-03-04 12:28:52] [INFO] [DATE SKIP] #IO-1214 (SHREYAA ENTERPRISES): date 20260112 before start date 20260228
[2026-03-04 12:28:52] [INFO] [DATE SKIP] #IO-1215 (SHREYAA ENTERPRISES): date 20260112 before start date 20260228
[2026-03-04 12:28:52] [INFO] [DATE SKIP] #IO-1216 (SHREYAA ENTERPRISES): date 20260112 before start date 20260228
[2026-03-04 12:28:52] [INFO] [DATE SKIP] #IO-1217 (SHREYAA ENTERPRISES): date 20260112 before start date 20260228
[2026-03-04 12:28:52] [INFO] [DATE SKIP] #IO-1218 (SHREYAA ENTERPRISES): date 20260112 before start date 20260228
[2026-03-04 12:28:52] [INFO] [DATE SKIP] #IO-1219 (SHREYAA ENTERPRISES): date 20260112 before start date 20260228
[2026-03-04 12:28:52] [INFO] [DATE SKIP] #IO-1220 (SHREYAA ENTERPRISES): date 20260112 before start date 20260228
[2026-03-04 12:28:52] [INFO] [DATE SKIP] #IO-1221 (SHREYAA ENTERPRISES): date 20260112 before start date 20260228
[2026-03-04 12:28:52] [INFO] [DATE SKIP] #IO-1222 (SHREYAA ENTERPRISES): date 20260112 before start date 20260228
[2026-03-04 12:28:52] [INFO] [DATE SKIP] #IO-1223 (SHREYAA ENTERPRISES): date 20260112 before start date 20260228
[2026-03-04 12:28:52] [INFO] [DATE SKIP] #IO-1224 (SHREYAA ENTERPRISES): date 20260112 before start date 20260228
[2026-03-04 12:28:52] [INFO] [DATE SKIP] #MO-35 (SHREYAA ENTERPRISES): date 20260112 before start date 20260228
[2026-03-04 12:28:52] [INFO] [DATE SKIP] #IO-1225 (SHREYAA ENTERPRISES): date 20260112 before start date 20260228
[2026-03-04 12:28:52] [INFO] [DATE SKIP] #IO-1226 (SHREYAA ENTERPRISES): date 20260112 before start date 20260228
[2026-03-04 12:28:52] [INFO] [DATE SKIP] #IO-1227 (SHREYAA ENTERPRISES): date 20260112 before start date 20260228
[2026-03-04 12:28:52] [INFO] [DATE SKIP] #IO-1228 (SHREYAA ENTERPRISES): date 20260112 before start date 20260228
[2026-03-04 12:28:52] [INFO] [DATE SKIP] #IO-1229 (SHREYAA ENTERPRISES): date 20260112 before start date 20260228
[2026-03-04 12:28:52] [INFO] [DATE SKIP] #IO-1230 (SHREYAA ENTERPRISES): date 20260112 before start date 20260228
[2026-03-04 12:28:52] [INFO] [DATE SKIP] #IO-1231 (SHREYAA ENTERPRISES): date 20260113 before start date 20260228
[2026-03-04 12:28:52] [INFO] [DATE SKIP] #IO-1232 (SHREYAA ENTERPRISES): date 20260113 before start date 20260228
[2026-03-04 12:28:52] [INFO] [DATE SKIP] #IO-1233 (SHREYAA ENTERPRISES): date 20260113 before start date 20260228
[2026-03-04 12:28:52] [INFO] [DATE SKIP] #IO-1234 (SHREYAA ENTERPRISES): date 20260113 before start date 20260228
[2026-03-04 12:28:52] [INFO] [DATE SKIP] #IO-1235 (SHREYAA ENTERPRISES): date 20260113 before start date 20260228
[2026-03-04 12:28:52] [INFO] [DATE SKIP] #IO-1236 (SHREYAA ENTERPRISES): date 20260113 before start date 20260228
[2026-03-04 12:28:52] [INFO] [DATE SKIP] #IO-1237 (SHREYAA ENTERPRISES): date 20260113 before start date 20260228
[2026-03-04 12:28:52] [INFO] [DATE SKIP] #IO-1238 (SHREYAA ENTERPRISES): date 20260113 before start date 20260228
[2026-03-04 12:28:52] [INFO] [DATE SKIP] #IO-1239 (SHREYAA ENTERPRISES): date 20260113 before start date 20260228
[2026-03-04 12:28:52] [INFO] [DATE SKIP] #IO-1240 (SHREYAA ENTERPRISES): date 20260113 before start date 20260228
[2026-03-04 12:28:52] [INFO] [DATE SKIP] #IO-1241 (SHREYAA ENTERPRISES): date 20260113 before start date 20260228
[2026-03-04 12:28:52] [INFO] [DATE SKIP] #CO2-34 (SHREYAA ENTERPRISES): date 20260113 before start date 20260228
[2026-03-04 12:28:52] [INFO] [DATE SKIP] #IO-1268 (SHREYAA ENTERPRISES): date 20260113 before start date 20260228
[2026-03-04 12:28:52] [INFO] [DATE SKIP] #IO-1243 (SHREYAA ENTERPRISES): date 20260114 before start date 20260228
[2026-03-04 12:28:52] [INFO] [DATE SKIP] #IO-1244 (SHREYAA ENTERPRISES): date 20260114 before start date 20260228
[2026-03-04 12:28:52] [INFO] [DATE SKIP] #IO-1245 (SHREYAA ENTERPRISES): date 20260114 before start date 20260228
[2026-03-04 12:28:52] [INFO] [DATE SKIP] #IO-1246 (SHREYAA ENTERPRISES): date 20260114 before start date 20260228
[2026-03-04 12:28:52] [INFO] [DATE SKIP] #IO-1247 (SHREYAA ENTERPRISES): date 20260114 before start date 20260228
[2026-03-04 12:28:52] [INFO] [DATE SKIP] #IO-1248 (SHREYAA ENTERPRISES): date 20260114 before start date 20260228
[2026-03-04 12:28:52] [INFO] [DATE SKIP] #CO2-35 (SHREYAA ENTERPRISES): date 20260114 before start date 20260228
[2026-03-04 12:28:52] [INFO] [DATE SKIP] #IO-1249 (SHREYAA ENTERPRISES): date 20260114 before start date 20260228
[2026-03-04 12:28:52] [INFO] [DATE SKIP] #IO-1250 (SHREYAA ENTERPRISES): date 20260114 before start date 20260228
[2026-03-04 12:28:52] [INFO] [DATE SKIP] #IO-1251 (SHREYAA ENTERPRISES): date 20260114 before start date 20260228
[2026-03-04 12:28:52] [INFO] [DATE SKIP] #ARG-47 (SHREYAA ENTERPRISES): date 20260114 before start date 20260228
[2026-03-04 12:28:52] [INFO] [DATE SKIP] #IO-1252 (SHREYAA ENTERPRISES): date 20260114 before start date 20260228
[2026-03-04 12:28:52] [INFO] [DATE SKIP] #49 (SHREYAA ENTERPRISES): date 20260114 before start date 20260228
[2026-03-04 12:28:52] [INFO] [DATE SKIP] #IO-1253 (SHREYAA ENTERPRISES): date 20260114 before start date 20260228
[2026-03-04 12:28:52] [INFO] [DATE SKIP] #IO-1254 (SHREYAA ENTERPRISES): date 20260114 before start date 20260228
[2026-03-04 12:28:52] [INFO] [DATE SKIP] #IO-1255 (SHREYAA ENTERPRISES): date 20260114 before start date 20260228
[2026-03-04 12:28:52] [INFO] [DATE SKIP] #IO-1256 (SHREYAA ENTERPRISES): date 20260114 before start date 20260228
[2026-03-04 12:28:52] [INFO] [DATE SKIP] #IO-1257 (SHREYAA ENTERPRISES): date 20260114 before start date 20260228
[2026-03-04 12:28:52] [INFO] [DATE SKIP] #IO-1258 (SHREYAA ENTERPRISES): date 20260114 before start date 20260228
[2026-03-04 12:28:52] [INFO] [DATE SKIP] #IO-1259 (SHREYAA ENTERPRISES): date 20260114 before start date 20260228
[2026-03-04 12:28:52] [INFO] [DATE SKIP] #IO-1260 (SHREYAA ENTERPRISES): date 20260114 before start date 20260228
[2026-03-04 12:28:52] [INFO] [DATE SKIP] #IO-1261 (SHREYAA ENTERPRISES): date 20260114 before start date 20260228
[2026-03-04 12:28:52] [INFO] [DATE SKIP] #IO-1262 (SHREYAA ENTERPRISES): date 20260114 before start date 20260228
[2026-03-04 12:28:52] [INFO] [DATE SKIP] #1 (SHREYAA ENTERPRISES): date 20260114 before start date 20260228
[2026-03-04 12:28:52] [INFO] [DATE SKIP] #IO-1263 (SHREYAA ENTERPRISES): date 20260117 before start date 20260228
[2026-03-04 12:28:52] [INFO] [DATE SKIP] #IO-1264 (SHREYAA ENTERPRISES): date 20260117 before start date 20260228
[2026-03-04 12:28:52] [INFO] [DATE SKIP] #50 (SHREYAA ENTERPRISES): date 20260117 before start date 20260228
[2026-03-04 12:28:52] [INFO] [DATE SKIP] #IO-1265 (SHREYAA ENTERPRISES): date 20260117 before start date 20260228
[2026-03-04 12:28:52] [INFO] [DATE SKIP] #IO-1266 (SHREYAA ENTERPRISES): date 20260117 before start date 20260228
[2026-03-04 12:28:52] [INFO] [DATE SKIP] #IO-1267 (SHREYAA ENTERPRISES): date 20260117 before start date 20260228
[2026-03-04 12:28:52] [INFO] [DATE SKIP] #ARG-48 (SHREYAA ENTERPRISES): date 20260117 before start date 20260228
[2026-03-04 12:28:52] [INFO] [DATE SKIP] #IO-1269 (SHREYAA ENTERPRISES): date 20260117 before start date 20260228
[2026-03-04 12:28:52] [INFO] [DATE SKIP] #IO-1270 (SHREYAA ENTERPRISES): date 20260117 before start date 20260228
[2026-03-04 12:28:52] [INFO] [DATE SKIP] #MO-37 (SHREYAA ENTERPRISES): date 20260117 before start date 20260228
[2026-03-04 12:28:52] [INFO] [DATE SKIP] #ARG-49 (SHREYAA ENTERPRISES): date 20260117 before start date 20260228
[2026-03-04 12:28:52] [INFO] [DATE SKIP] #IO-1271 (SHREYAA ENTERPRISES): date 20260117 before start date 20260228
[2026-03-04 12:28:52] [INFO] [DATE SKIP] #IO-1272 (SHREYAA ENTERPRISES): date 20260117 before start date 20260228
[2026-03-04 12:28:52] [INFO] [DATE SKIP] #2 (SHREYAA ENTERPRISES): date 20260117 before start date 20260228
[2026-03-04 12:28:52] [INFO] [DATE SKIP] #6 (SHREYAA ENTERPRISES): date 20260118 before start date 20260228
[2026-03-04 12:28:52] [INFO] [DATE SKIP] #IO-1273 (SHREYAA ENTERPRISES): date 20260119 before start date 20260228
[2026-03-04 12:28:52] [INFO] [DATE SKIP] #IO-1274 (SHREYAA ENTERPRISES): date 20260119 before start date 20260228
[2026-03-04 12:28:52] [INFO] [DATE SKIP] #IO-1275 (SHREYAA ENTERPRISES): date 20260119 before start date 20260228
[2026-03-04 12:28:52] [INFO] [DATE SKIP] #IO-1276 (SHREYAA ENTERPRISES): date 20260119 before start date 20260228
[2026-03-04 12:28:52] [INFO] [DATE SKIP] #IO-1277 (SHREYAA ENTERPRISES): date 20260119 before start date 20260228
[2026-03-04 12:28:52] [INFO] [DATE SKIP] #IO-1278 (SHREYAA ENTERPRISES): date 20260119 before start date 20260228
[2026-03-04 12:28:52] [INFO] [DATE SKIP] #IO-1279 (SHREYAA ENTERPRISES): date 20260119 before start date 20260228
[2026-03-04 12:28:52] [INFO] [DATE SKIP] #IO-1280 (SHREYAA ENTERPRISES): date 20260119 before start date 20260228
[2026-03-04 12:28:52] [INFO] [DATE SKIP] #IO-1281 (SHREYAA ENTERPRISES): date 20260119 before start date 20260228
[2026-03-04 12:28:52] [INFO] [DATE SKIP] #IO-1282 (SHREYAA ENTERPRISES): date 20260119 before start date 20260228
[2026-03-04 12:28:52] [INFO] [DATE SKIP] #IO-1283 (SHREYAA ENTERPRISES): date 20260119 before start date 20260228
[2026-03-04 12:28:52] [INFO] [DATE SKIP] #IO-1284 (SHREYAA ENTERPRISES): date 20260119 before start date 20260228
[2026-03-04 12:28:52] [INFO] [DATE SKIP] #IO-1285 (SHREYAA ENTERPRISES): date 20260119 before start date 20260228
[2026-03-04 12:28:52] [INFO] [DATE SKIP] #IO-1286 (SHREYAA ENTERPRISES): date 20260119 before start date 20260228
[2026-03-04 12:28:52] [INFO] [DATE SKIP] #IO-1287 (SHREYAA ENTERPRISES): date 20260119 before start date 20260228
[2026-03-04 12:28:52] [INFO] [DATE SKIP] #7 (SHREYAA ENTERPRISES): date 20260119 before start date 20260228
[2026-03-04 12:28:52] [INFO] [DATE SKIP] #IO-1288 (SHREYAA ENTERPRISES): date 20260120 before start date 20260228
[2026-03-04 12:28:52] [INFO] [DATE SKIP] #IO-1289 (SHREYAA ENTERPRISES): date 20260120 before start date 20260228
[2026-03-04 12:28:52] [INFO] [DATE SKIP] #IO-1290 (SHREYAA ENTERPRISES): date 20260120 before start date 20260228
[2026-03-04 12:28:52] [INFO] [DATE SKIP] #IO-1291 (SHREYAA ENTERPRISES): date 20260120 before start date 20260228
[2026-03-04 12:28:52] [INFO] [DATE SKIP] #IO-1292 (SHREYAA ENTERPRISES): date 20260120 before start date 20260228
[2026-03-04 12:28:52] [INFO] [DATE SKIP] #ARG-50 (SHREYAA ENTERPRISES): date 20260120 before start date 20260228
[2026-03-04 12:28:52] [INFO] [DATE SKIP] #IO-1293 (SHREYAA ENTERPRISES): date 20260120 before start date 20260228
[2026-03-04 12:28:52] [INFO] [DATE SKIP] #ARG-51 (SHREYAA ENTERPRISES): date 20260120 before start date 20260228
[2026-03-04 12:28:52] [INFO] [DATE SKIP] #CO2-37 (SHREYAA ENTERPRISES): date 20260120 before start date 20260228
[2026-03-04 12:28:52] [INFO] [DATE SKIP] #IO-1294 (SHREYAA ENTERPRISES): date 20260120 before start date 20260228
[2026-03-04 12:28:52] [INFO] [DATE SKIP] #CO2-38 (SHREYAA ENTERPRISES): date 20260120 before start date 20260228
[2026-03-04 12:28:52] [INFO] [DATE SKIP] #IO-1295 (SHREYAA ENTERPRISES): date 20260120 before start date 20260228
[2026-03-04 12:28:52] [INFO] [DATE SKIP] #IO-1296 (SHREYAA ENTERPRISES): date 20260120 before start date 20260228
[2026-03-04 12:28:52] [INFO] [DATE SKIP] #IO-1297 (SHREYAA ENTERPRISES): date 20260120 before start date 20260228
[2026-03-04 12:28:52] [INFO] [DATE SKIP] #IO-1298 (SHREYAA ENTERPRISES): date 20260120 before start date 20260228
[2026-03-04 12:28:52] [INFO] [DATE SKIP] #IO-1299 (SHREYAA ENTERPRISES): date 20260120 before start date 20260228
[2026-03-04 12:28:52] [INFO] [DATE SKIP] #52 (SHREYAA ENTERPRISES): date 20260120 before start date 20260228
[2026-03-04 12:28:52] [INFO] [DATE SKIP] #IO-1300 (SHREYAA ENTERPRISES): date 20260120 before start date 20260228
[2026-03-04 12:28:52] [INFO] [DATE SKIP] #CO2-39 (SHREYAA ENTERPRISES): date 20260120 before start date 20260228
[2026-03-04 12:28:52] [INFO] [DATE SKIP] #53 (SHREYAA ENTERPRISES): date 20260120 before start date 20260228
[2026-03-04 12:28:52] [INFO] [DATE SKIP] #IO-1301 (SHREYAA ENTERPRISES): date 20260120 before start date 20260228
[2026-03-04 12:28:52] [INFO] [DATE SKIP] #IO-1302 (SHREYAA ENTERPRISES): date 20260121 before start date 20260228
[2026-03-04 12:28:52] [INFO] [DATE SKIP] #IO-1303 (SHREYAA ENTERPRISES): date 20260121 before start date 20260228
[2026-03-04 12:28:52] [INFO] [DATE SKIP] #IO-1304 (SHREYAA ENTERPRISES): date 20260121 before start date 20260228
[2026-03-04 12:28:52] [INFO] [DATE SKIP] #IO-1305 (SHREYAA ENTERPRISES): date 20260121 before start date 20260228
[2026-03-04 12:28:52] [INFO] [DATE SKIP] #IO-1306 (SHREYAA ENTERPRISES): date 20260121 before start date 20260228
[2026-03-04 12:28:52] [INFO] [DATE SKIP] #IO-1307 (SHREYAA ENTERPRISES): date 20260121 before start date 20260228
[2026-03-04 12:28:52] [INFO] [DATE SKIP] #54 (SHREYAA ENTERPRISES): date 20260121 before start date 20260228
[2026-03-04 12:28:52] [INFO] [DATE SKIP] #IO-1308 (SHREYAA ENTERPRISES): date 20260121 before start date 20260228
[2026-03-04 12:28:52] [INFO] [DATE SKIP] #IO-1309 (SHREYAA ENTERPRISES): date 20260121 before start date 20260228
[2026-03-04 12:28:52] [INFO] [DATE SKIP] #IO-1310 (SHREYAA ENTERPRISES): date 20260121 before start date 20260228
[2026-03-04 12:28:52] [INFO] [DATE SKIP] #IO-1311 (SHREYAA ENTERPRISES): date 20260121 before start date 20260228
[2026-03-04 12:28:52] [INFO] [DATE SKIP] #IO-1312 (SHREYAA ENTERPRISES): date 20260121 before start date 20260228
[2026-03-04 12:28:52] [INFO] [DATE SKIP] #IO-1313 (SHREYAA ENTERPRISES): date 20260121 before start date 20260228
[2026-03-04 12:28:52] [INFO] [DATE SKIP] #IO-1314 (SHREYAA ENTERPRISES): date 20260121 before start date 20260228
[2026-03-04 12:28:52] [INFO] [DATE SKIP] #IO-1315 (SHREYAA ENTERPRISES): date 20260121 before start date 20260228
[2026-03-04 12:28:52] [INFO] [DATE SKIP] #IO-1316 (SHREYAA ENTERPRISES): date 20260121 before start date 20260228
[2026-03-04 12:28:52] [INFO] [DATE SKIP] #IO-1317 (SHREYAA ENTERPRISES): date 20260121 before start date 20260228
[2026-03-04 12:28:52] [INFO] [DATE SKIP] #IO-1318 (SHREYAA ENTERPRISES): date 20260121 before start date 20260228
[2026-03-04 12:28:52] [INFO] [DATE SKIP] #IO-1319 (SHREYAA ENTERPRISES): date 20260121 before start date 20260228
[2026-03-04 12:28:52] [INFO] [DATE SKIP] #IO-1320 (SHREYAA ENTERPRISES): date 20260121 before start date 20260228
[2026-03-04 12:28:52] [INFO] [DATE SKIP] #55 (SHREYAA ENTERPRISES): date 20260121 before start date 20260228
[2026-03-04 12:28:52] [INFO] [DATE SKIP] #9 (SHREYAA ENTERPRISES): date 20260121 before start date 20260228
[2026-03-04 12:28:52] [INFO] [DATE SKIP] #IO-1321 (SHREYAA ENTERPRISES): date 20260122 before start date 20260228
[2026-03-04 12:28:52] [INFO] [DATE SKIP] #IO-1322 (SHREYAA ENTERPRISES): date 20260122 before start date 20260228
[2026-03-04 12:28:52] [INFO] [DATE SKIP] #IO-1323 (SHREYAA ENTERPRISES): date 20260122 before start date 20260228
[2026-03-04 12:28:52] [INFO] [DATE SKIP] #IO-1324 (SHREYAA ENTERPRISES): date 20260122 before start date 20260228
[2026-03-04 12:28:52] [INFO] [DATE SKIP] #IO-1325 (SHREYAA ENTERPRISES): date 20260122 before start date 20260228
[2026-03-04 12:28:52] [INFO] [DATE SKIP] #IO-1326 (SHREYAA ENTERPRISES): date 20260122 before start date 20260228
[2026-03-04 12:28:52] [INFO] [DATE SKIP] #IO-1327 (SHREYAA ENTERPRISES): date 20260122 before start date 20260228
[2026-03-04 12:28:52] [INFO] [DATE SKIP] #IO-1328 (SHREYAA ENTERPRISES): date 20260122 before start date 20260228
[2026-03-04 12:28:52] [INFO] [DATE SKIP] #IO-1329 (SHREYAA ENTERPRISES): date 20260122 before start date 20260228
[2026-03-04 12:28:52] [INFO] [DATE SKIP] #IO-1330 (SHREYAA ENTERPRISES): date 20260122 before start date 20260228
[2026-03-04 12:28:52] [INFO] [DATE SKIP] #4 (SHREYAA ENTERPRISES): date 20260122 before start date 20260228
[2026-03-04 12:28:52] [INFO] [DATE SKIP] #IO-1331 (SHREYAA ENTERPRISES): date 20260123 before start date 20260228
[2026-03-04 12:28:52] [INFO] [DATE SKIP] #ARG-52 (SHREYAA ENTERPRISES): date 20260123 before start date 20260228
[2026-03-04 12:28:52] [INFO] [DATE SKIP] #IO-1332 (SHREYAA ENTERPRISES): date 20260123 before start date 20260228
[2026-03-04 12:28:52] [INFO] [DATE SKIP] #CO2-40 (SHREYAA ENTERPRISES): date 20260123 before start date 20260228
[2026-03-04 12:28:52] [INFO] [DATE SKIP] #CO2-41 (SHREYAA ENTERPRISES): date 20260123 before start date 20260228
[2026-03-04 12:28:52] [INFO] [DATE SKIP] #56 (SHREYAA ENTERPRISES): date 20260123 before start date 20260228
[2026-03-04 12:28:52] [INFO] [DATE SKIP] #IO-1333 (SHREYAA ENTERPRISES): date 20260123 before start date 20260228
[2026-03-04 12:28:52] [INFO] [DATE SKIP] #IO-1334 (SHREYAA ENTERPRISES): date 20260123 before start date 20260228
[2026-03-04 12:28:52] [INFO] [DATE SKIP] #IO-1335 (SHREYAA ENTERPRISES): date 20260123 before start date 20260228
[2026-03-04 12:28:52] [INFO] [DATE SKIP] #IO-1336 (SHREYAA ENTERPRISES): date 20260123 before start date 20260228
[2026-03-04 12:28:52] [INFO] [DATE SKIP] #CO2-42 (SHREYAA ENTERPRISES): date 20260123 before start date 20260228
[2026-03-04 12:28:52] [INFO] [DATE SKIP] #IO-1337 (SHREYAA ENTERPRISES): date 20260123 before start date 20260228
[2026-03-04 12:28:52] [INFO] [DATE SKIP] #IO-1338 (SHREYAA ENTERPRISES): date 20260123 before start date 20260228
[2026-03-04 12:28:52] [INFO] [DATE SKIP] #IO-1339 (SHREYAA ENTERPRISES): date 20260123 before start date 20260228
[2026-03-04 12:28:52] [INFO] [DATE SKIP] #IO-1340 (SHREYAA ENTERPRISES): date 20260123 before start date 20260228
[2026-03-04 12:28:52] [INFO] [DATE SKIP] #IO-1341 (SHREYAA ENTERPRISES): date 20260123 before start date 20260228
[2026-03-04 12:28:52] [INFO] [DATE SKIP] #IO-1342 (SHREYAA ENTERPRISES): date 20260123 before start date 20260228
[2026-03-04 12:28:52] [INFO] [DATE SKIP] #CO2-43 (SHREYAA ENTERPRISES): date 20260123 before start date 20260228
[2026-03-04 12:28:52] [INFO] [DATE SKIP] #57 (SHREYAA ENTERPRISES): date 20260123 before start date 20260228
[2026-03-04 12:28:52] [INFO] [DATE SKIP] #5 (SHREYAA ENTERPRISES): date 20260123 before start date 20260228
[2026-03-04 12:28:52] [INFO] [DATE SKIP] #IO-1343 (SHREYAA ENTERPRISES): date 20260124 before start date 20260228
[2026-03-04 12:28:52] [INFO] [DATE SKIP] #IO-1344 (SHREYAA ENTERPRISES): date 20260124 before start date 20260228
[2026-03-04 12:28:52] [INFO] [DATE SKIP] #IO-1345 (SHREYAA ENTERPRISES): date 20260124 before start date 20260228
[2026-03-04 12:28:52] [INFO] [DATE SKIP] #IO-1346 (SHREYAA ENTERPRISES): date 20260124 before start date 20260228
[2026-03-04 12:28:52] [INFO] [DATE SKIP] #IO-1347 (SHREYAA ENTERPRISES): date 20260124 before start date 20260228
[2026-03-04 12:28:52] [INFO] [DATE SKIP] #CO2-44 (SHREYAA ENTERPRISES): date 20260124 before start date 20260228
[2026-03-04 12:28:52] [INFO] [DATE SKIP] #IO-1348 (SHREYAA ENTERPRISES): date 20260124 before start date 20260228
[2026-03-04 12:28:52] [INFO] [DATE SKIP] #IO-1349 (SHREYAA ENTERPRISES): date 20260124 before start date 20260228
[2026-03-04 12:28:52] [INFO] [DATE SKIP] #IO-1350 (SHREYAA ENTERPRISES): date 20260124 before start date 20260228
[2026-03-04 12:28:52] [INFO] [DATE SKIP] #IO-1351 (SHREYAA ENTERPRISES): date 20260124 before start date 20260228
[2026-03-04 12:28:52] [INFO] [DATE SKIP] #IO-1352 (SHREYAA ENTERPRISES): date 20260124 before start date 20260228
[2026-03-04 12:28:52] [INFO] [DATE SKIP] #IO-1353 (SHREYAA ENTERPRISES): date 20260124 before start date 20260228
[2026-03-04 12:28:52] [INFO] [DATE SKIP] #58 (SHREYAA ENTERPRISES): date 20260124 before start date 20260228
[2026-03-04 12:28:52] [INFO] [DATE SKIP] #IO-1354 (SHREYAA ENTERPRISES): date 20260124 before start date 20260228
[2026-03-04 12:28:52] [INFO] [DATE SKIP] #IO-1355 (SHREYAA ENTERPRISES): date 20260124 before start date 20260228
[2026-03-04 12:28:52] [INFO] [DATE SKIP] #IO-1356 (SHREYAA ENTERPRISES): date 20260124 before start date 20260228
[2026-03-04 12:28:52] [INFO] [DATE SKIP] #IO-1357 (SHREYAA ENTERPRISES): date 20260124 before start date 20260228
[2026-03-04 12:28:52] [INFO] [DATE SKIP] #IO-1358 (SHREYAA ENTERPRISES): date 20260124 before start date 20260228
[2026-03-04 12:28:52] [INFO] [DATE SKIP] #IO-1359 (SHREYAA ENTERPRISES): date 20260124 before start date 20260228
[2026-03-04 12:28:52] [INFO] [DATE SKIP] #IO-1360 (SHREYAA ENTERPRISES): date 20260124 before start date 20260228
[2026-03-04 12:28:52] [INFO] [DATE SKIP] #IO-1361 (SHREYAA ENTERPRISES): date 20260126 before start date 20260228
[2026-03-04 12:28:52] [INFO] [DATE SKIP] #IO-1362 (SHREYAA ENTERPRISES): date 20260126 before start date 20260228
[2026-03-04 12:28:52] [INFO] [DATE SKIP] #IO-1363 (SHREYAA ENTERPRISES): date 20260126 before start date 20260228
[2026-03-04 12:28:52] [INFO] [DATE SKIP] #IO-1364 (SHREYAA ENTERPRISES): date 20260126 before start date 20260228
[2026-03-04 12:28:52] [INFO] [DATE SKIP] #IO-1365 (SHREYAA ENTERPRISES): date 20260126 before start date 20260228
[2026-03-04 12:28:52] [INFO] [DATE SKIP] #IO-1366 (SHREYAA ENTERPRISES): date 20260126 before start date 20260228
[2026-03-04 12:28:52] [INFO] [DATE SKIP] #IO-1367 (SHREYAA ENTERPRISES): date 20260126 before start date 20260228
[2026-03-04 12:28:52] [INFO] [DATE SKIP] #IO-1368 (SHREYAA ENTERPRISES): date 20260126 before start date 20260228
[2026-03-04 12:28:52] [INFO] [DATE SKIP] #IO-1369 (SHREYAA ENTERPRISES): date 20260126 before start date 20260228
[2026-03-04 12:28:52] [INFO] [DATE SKIP] #IO-1370 (SHREYAA ENTERPRISES): date 20260126 before start date 20260228
[2026-03-04 12:28:52] [INFO] [DATE SKIP] #IO-1371 (SHREYAA ENTERPRISES): date 20260126 before start date 20260228
[2026-03-04 12:28:52] [INFO] [DATE SKIP] #IO-1372 (SHREYAA ENTERPRISES): date 20260126 before start date 20260228
[2026-03-04 12:28:52] [INFO] [DATE SKIP] #59 (SHREYAA ENTERPRISES): date 20260126 before start date 20260228
[2026-03-04 12:28:52] [INFO] [DATE SKIP] #IO-1373 (SHREYAA ENTERPRISES): date 20260126 before start date 20260228
[2026-03-04 12:28:52] [INFO] [DATE SKIP] #IO-1374 (SHREYAA ENTERPRISES): date 20260126 before start date 20260228
[2026-03-04 12:28:52] [INFO] [DATE SKIP] #IO-1375 (SHREYAA ENTERPRISES): date 20260126 before start date 20260228
[2026-03-04 12:28:52] [INFO] [DATE SKIP] #IO-1376 (SHREYAA ENTERPRISES): date 20260126 before start date 20260228
[2026-03-04 12:28:52] [INFO] [DATE SKIP] #IO-1377 (SHREYAA ENTERPRISES): date 20260126 before start date 20260228
[2026-03-04 12:28:52] [INFO] [DATE SKIP] #IO-1378 (SHREYAA ENTERPRISES): date 20260127 before start date 20260228
[2026-03-04 12:28:52] [INFO] [DATE SKIP] #IO-1379 (SHREYAA ENTERPRISES): date 20260127 before start date 20260228
[2026-03-04 12:28:52] [INFO] [DATE SKIP] #ARG-54 (SHREYAA ENTERPRISES): date 20260127 before start date 20260228
[2026-03-04 12:28:52] [INFO] [DATE SKIP] #IO-1380 (SHREYAA ENTERPRISES): date 20260127 before start date 20260228
[2026-03-04 12:28:52] [INFO] [DATE SKIP] #IO-1381 (SHREYAA ENTERPRISES): date 20260127 before start date 20260228
[2026-03-04 12:28:52] [INFO] [DATE SKIP] #IO-1382 (SHREYAA ENTERPRISES): date 20260127 before start date 20260228
[2026-03-04 12:28:52] [INFO] [DATE SKIP] #IO-1383 (SHREYAA ENTERPRISES): date 20260127 before start date 20260228
[2026-03-04 12:28:52] [INFO] [DATE SKIP] #IO-1384 (SHREYAA ENTERPRISES): date 20260127 before start date 20260228
[2026-03-04 12:28:52] [INFO] [DATE SKIP] #IO-1385 (SHREYAA ENTERPRISES): date 20260127 before start date 20260228
[2026-03-04 12:28:52] [INFO] [DATE SKIP] #IO-1386 (SHREYAA ENTERPRISES): date 20260127 before start date 20260228
[2026-03-04 12:28:52] [INFO] [DATE SKIP] #IO-1387 (SHREYAA ENTERPRISES): date 20260127 before start date 20260228
[2026-03-04 12:28:52] [INFO] [DATE SKIP] #IO-1388 (SHREYAA ENTERPRISES): date 20260127 before start date 20260228
[2026-03-04 12:28:52] [INFO] [DATE SKIP] #IO-1389 (SHREYAA ENTERPRISES): date 20260127 before start date 20260228
[2026-03-04 12:28:52] [INFO] [DATE SKIP] #IO-1390 (SHREYAA ENTERPRISES): date 20260127 before start date 20260228
[2026-03-04 12:28:52] [INFO] [DATE SKIP] #CO2-46 (SHREYAA ENTERPRISES): date 20260127 before start date 20260228
[2026-03-04 12:28:52] [INFO] [DATE SKIP] #IO-1391 (SHREYAA ENTERPRISES): date 20260127 before start date 20260228
[2026-03-04 12:28:52] [INFO] [DATE SKIP] #IO-1392 (SHREYAA ENTERPRISES): date 20260127 before start date 20260228
[2026-03-04 12:28:52] [INFO] [DATE SKIP] #MO-38 (SHREYAA ENTERPRISES): date 20260127 before start date 20260228
[2026-03-04 12:28:52] [INFO] [DATE SKIP] #IO-1393 (SHREYAA ENTERPRISES): date 20260128 before start date 20260228
[2026-03-04 12:28:52] [INFO] [DATE SKIP] #IO-1394 (SHREYAA ENTERPRISES): date 20260128 before start date 20260228
[2026-03-04 12:28:52] [INFO] [DATE SKIP] #IO-1395 (SHREYAA ENTERPRISES): date 20260128 before start date 20260228
[2026-03-04 12:28:52] [INFO] [DATE SKIP] #IO-1396 (SHREYAA ENTERPRISES): date 20260128 before start date 20260228
[2026-03-04 12:28:52] [INFO] [DATE SKIP] #IO-1397 (SHREYAA ENTERPRISES): date 20260128 before start date 20260228
[2026-03-04 12:28:52] [INFO] [DATE SKIP] #IO-1398 (SHREYAA ENTERPRISES): date 20260128 before start date 20260228
[2026-03-04 12:28:52] [INFO] [DATE SKIP] #60 (SHREYAA ENTERPRISES): date 20260128 before start date 20260228
[2026-03-04 12:28:52] [INFO] [DATE SKIP] #IO-1399 (SHREYAA ENTERPRISES): date 20260128 before start date 20260228
[2026-03-04 12:28:52] [INFO] [DATE SKIP] #IO-1400 (SHREYAA ENTERPRISES): date 20260128 before start date 20260228
[2026-03-04 12:28:52] [INFO] [DATE SKIP] #IO-1401 (SHREYAA ENTERPRISES): date 20260128 before start date 20260228
[2026-03-04 12:28:52] [INFO] [DATE SKIP] #IO-1402 (SHREYAA ENTERPRISES): date 20260128 before start date 20260228
[2026-03-04 12:28:52] [INFO] [DATE SKIP] #IO-1403 (SHREYAA ENTERPRISES): date 20260128 before start date 20260228
[2026-03-04 12:28:52] [INFO] [DATE SKIP] #IO-1404 (SHREYAA ENTERPRISES): date 20260128 before start date 20260228
[2026-03-04 12:28:52] [INFO] [DATE SKIP] #IO-1405 (SHREYAA ENTERPRISES): date 20260128 before start date 20260228
[2026-03-04 12:28:52] [INFO] [DATE SKIP] #61 (SHREYAA ENTERPRISES): date 20260128 before start date 20260228
[2026-03-04 12:28:52] [INFO] [DATE SKIP] #IO-1406 (SHREYAA ENTERPRISES): date 20260128 before start date 20260228
[2026-03-04 12:28:52] [INFO] [DATE SKIP] #IO-1407 (SHREYAA ENTERPRISES): date 20260128 before start date 20260228
[2026-03-04 12:28:52] [INFO] [DATE SKIP] #IO-1408 (SHREYAA ENTERPRISES): date 20260128 before start date 20260228
[2026-03-04 12:28:52] [INFO] [DATE SKIP] #IO-1409 (SHREYAA ENTERPRISES): date 20260129 before start date 20260228
[2026-03-04 12:28:52] [INFO] [DATE SKIP] #IO-1410 (SHREYAA ENTERPRISES): date 20260129 before start date 20260228
[2026-03-04 12:28:52] [INFO] [DATE SKIP] #IO-1411 (SHREYAA ENTERPRISES): date 20260129 before start date 20260228
[2026-03-04 12:28:52] [INFO] [DATE SKIP] #IO-1412 (SHREYAA ENTERPRISES): date 20260129 before start date 20260228
[2026-03-04 12:28:52] [INFO] [DATE SKIP] #IO-1413 (SHREYAA ENTERPRISES): date 20260129 before start date 20260228
[2026-03-04 12:28:52] [INFO] [DATE SKIP] #IO-1414 (SHREYAA ENTERPRISES): date 20260129 before start date 20260228
[2026-03-04 12:28:52] [INFO] [DATE SKIP] #IO-1415 (SHREYAA ENTERPRISES): date 20260129 before start date 20260228
[2026-03-04 12:28:52] [INFO] [DATE SKIP] #CO2-47 (SHREYAA ENTERPRISES): date 20260129 before start date 20260228
[2026-03-04 12:28:52] [INFO] [DATE SKIP] #CO2-48 (SHREYAA ENTERPRISES): date 20260129 before start date 20260228
[2026-03-04 12:28:52] [INFO] [DATE SKIP] #IO-1416 (SHREYAA ENTERPRISES): date 20260129 before start date 20260228
[2026-03-04 12:28:52] [INFO] [DATE SKIP] #IO-1417 (SHREYAA ENTERPRISES): date 20260129 before start date 20260228
[2026-03-04 12:28:52] [INFO] [DATE SKIP] #IO-1418 (SHREYAA ENTERPRISES): date 20260129 before start date 20260228
[2026-03-04 12:28:52] [INFO] [DATE SKIP] #IO-1419 (SHREYAA ENTERPRISES): date 20260129 before start date 20260228
[2026-03-04 12:28:52] [INFO] [DATE SKIP] #IO-1420 (SHREYAA ENTERPRISES): date 20260129 before start date 20260228
[2026-03-04 12:28:52] [INFO] [DATE SKIP] #IO-1421 (SHREYAA ENTERPRISES): date 20260129 before start date 20260228
[2026-03-04 12:28:52] [INFO] [DATE SKIP] #IO-1422 (SHREYAA ENTERPRISES): date 20260129 before start date 20260228
[2026-03-04 12:28:52] [INFO] [DATE SKIP] #IO-1423 (SHREYAA ENTERPRISES): date 20260129 before start date 20260228
[2026-03-04 12:28:52] [INFO] [DATE SKIP] #IO-1424 (SHREYAA ENTERPRISES): date 20260129 before start date 20260228
[2026-03-04 12:28:52] [INFO] [DATE SKIP] #IO-1425 (SHREYAA ENTERPRISES): date 20260129 before start date 20260228
[2026-03-04 12:28:52] [INFO] [DATE SKIP] #IO-1426 (SHREYAA ENTERPRISES): date 20260129 before start date 20260228
[2026-03-04 12:28:52] [INFO] [DATE SKIP] #6 (SHREYAA ENTERPRISES): date 20260129 before start date 20260228
[2026-03-04 12:28:52] [INFO] [DATE SKIP] #IO-1427 (SHREYAA ENTERPRISES): date 20260130 before start date 20260228
[2026-03-04 12:28:52] [INFO] [DATE SKIP] #IO-1428 (SHREYAA ENTERPRISES): date 20260130 before start date 20260228
[2026-03-04 12:28:52] [INFO] [DATE SKIP] #IO-1429 (SHREYAA ENTERPRISES): date 20260130 before start date 20260228
[2026-03-04 12:28:52] [INFO] [DATE SKIP] #IO-1430 (SHREYAA ENTERPRISES): date 20260130 before start date 20260228
[2026-03-04 12:28:52] [INFO] [DATE SKIP] #IO-1431 (SHREYAA ENTERPRISES): date 20260130 before start date 20260228
[2026-03-04 12:28:52] [INFO] [DATE SKIP] #IO-1432 (SHREYAA ENTERPRISES): date 20260130 before start date 20260228
[2026-03-04 12:28:52] [INFO] [DATE SKIP] #IO-1433 (SHREYAA ENTERPRISES): date 20260130 before start date 20260228
[2026-03-04 12:28:52] [INFO] [DATE SKIP] #IO-1434 (SHREYAA ENTERPRISES): date 20260130 before start date 20260228
[2026-03-04 12:28:52] [INFO] [DATE SKIP] #IO-1435 (SHREYAA ENTERPRISES): date 20260130 before start date 20260228
[2026-03-04 12:28:52] [INFO] [DATE SKIP] #CO2-49 (SHREYAA ENTERPRISES): date 20260130 before start date 20260228
[2026-03-04 12:28:52] [INFO] [DATE SKIP] #63 (SHREYAA ENTERPRISES): date 20260130 before start date 20260228
[2026-03-04 12:28:52] [INFO] [DATE SKIP] #IO-1436 (SHREYAA ENTERPRISES): date 20260130 before start date 20260228
[2026-03-04 12:28:52] [INFO] [DATE SKIP] #IO-1437 (SHREYAA ENTERPRISES): date 20260130 before start date 20260228
[2026-03-04 12:28:52] [INFO] [DATE SKIP] #IO-1438 (SHREYAA ENTERPRISES): date 20260130 before start date 20260228
[2026-03-04 12:28:52] [INFO] [DATE SKIP] #IO-1439 (SHREYAA ENTERPRISES): date 20260131 before start date 20260228
[2026-03-04 12:28:52] [INFO] [DATE SKIP] #IO-1440 (SHREYAA ENTERPRISES): date 20260131 before start date 20260228
[2026-03-04 12:28:52] [INFO] [DATE SKIP] #IO-1441 (SHREYAA ENTERPRISES): date 20260131 before start date 20260228
[2026-03-04 12:28:52] [INFO] [DATE SKIP] #IO-1442 (SHREYAA ENTERPRISES): date 20260131 before start date 20260228
[2026-03-04 12:28:52] [INFO] [DATE SKIP] #IO-1443 (SHREYAA ENTERPRISES): date 20260131 before start date 20260228
[2026-03-04 12:28:52] [INFO] [DATE SKIP] #IO-1444 (SHREYAA ENTERPRISES): date 20260131 before start date 20260228
[2026-03-04 12:28:52] [INFO] [DATE SKIP] #IO-1445 (SHREYAA ENTERPRISES): date 20260131 before start date 20260228
[2026-03-04 12:28:52] [INFO] [DATE SKIP] #IO-1446 (SHREYAA ENTERPRISES): date 20260131 before start date 20260228
[2026-03-04 12:28:52] [INFO] [DATE SKIP] #IO-1447 (SHREYAA ENTERPRISES): date 20260131 before start date 20260228
[2026-03-04 12:28:52] [INFO] [DATE SKIP] #IO-1448 (SHREYAA ENTERPRISES): date 20260131 before start date 20260228
[2026-03-04 12:28:52] [INFO] [DATE SKIP] #CO2-50 (SHREYAA ENTERPRISES): date 20260131 before start date 20260228
[2026-03-04 12:28:52] [INFO] [DATE SKIP] #IO-1449 (SHREYAA ENTERPRISES): date 20260131 before start date 20260228
[2026-03-04 12:28:52] [INFO] [DATE SKIP] #64 (SHREYAA ENTERPRISES): date 20260131 before start date 20260228
[2026-03-04 12:28:52] [INFO] [DATE SKIP] #IO-1450 (SHREYAA ENTERPRISES): date 20260131 before start date 20260228
[2026-03-04 12:28:52] [INFO] [DATE SKIP] #IO-1451 (SHREYAA ENTERPRISES): date 20260131 before start date 20260228
[2026-03-04 12:28:52] [INFO] [DATE SKIP] #IO-1452 (SHREYAA ENTERPRISES): date 20260131 before start date 20260228
[2026-03-04 12:28:52] [INFO] [DATE SKIP] #IO-1453 (SHREYAA ENTERPRISES): date 20260131 before start date 20260228
[2026-03-04 12:28:52] [INFO] [DATE SKIP] #IO-1454 (SHREYAA ENTERPRISES): date 20260131 before start date 20260228
[2026-03-04 12:28:52] [INFO] [DATE SKIP] #CO2-51 (SHREYAA ENTERPRISES): date 20260131 before start date 20260228
[2026-03-04 12:28:52] [INFO] [DATE SKIP] #IO-1455 (SHREYAA ENTERPRISES): date 20260131 before start date 20260228
[2026-03-04 12:28:52] [INFO] [DATE SKIP] #IO-1456 (SHREYAA ENTERPRISES): date 20260131 before start date 20260228
[2026-03-04 12:28:52] [INFO] [DATE SKIP] #IO-1457 (SHREYAA ENTERPRISES): date 20260202 before start date 20260228
[2026-03-04 12:28:52] [INFO] [DATE SKIP] #IO-1458 (SHREYAA ENTERPRISES): date 20260202 before start date 20260228
[2026-03-04 12:28:52] [INFO] [DATE SKIP] #CO2-52 (SHREYAA ENTERPRISES): date 20260202 before start date 20260228
[2026-03-04 12:28:52] [INFO] [DATE SKIP] #IO-1459 (SHREYAA ENTERPRISES): date 20260202 before start date 20260228
[2026-03-04 12:28:52] [INFO] [DATE SKIP] #IO-1460 (SHREYAA ENTERPRISES): date 20260202 before start date 20260228
[2026-03-04 12:28:52] [INFO] [DATE SKIP] #IO-1461 (SHREYAA ENTERPRISES): date 20260202 before start date 20260228
[2026-03-04 12:28:52] [INFO] [DATE SKIP] #IO-1462 (SHREYAA ENTERPRISES): date 20260202 before start date 20260228
[2026-03-04 12:28:52] [INFO] [DATE SKIP] #IO-1463 (SHREYAA ENTERPRISES): date 20260202 before start date 20260228
[2026-03-04 12:28:52] [INFO] [DATE SKIP] #IO-1464 (SHREYAA ENTERPRISES): date 20260202 before start date 20260228
[2026-03-04 12:28:52] [INFO] [DATE SKIP] #IO-1465 (SHREYAA ENTERPRISES): date 20260202 before start date 20260228
[2026-03-04 12:28:52] [INFO] [DATE SKIP] #IO-1466 (SHREYAA ENTERPRISES): date 20260202 before start date 20260228
[2026-03-04 12:28:52] [INFO] [DATE SKIP] #IO-1467 (SHREYAA ENTERPRISES): date 20260202 before start date 20260228
[2026-03-04 12:28:52] [INFO] [DATE SKIP] #IO-1468 (SHREYAA ENTERPRISES): date 20260202 before start date 20260228
[2026-03-04 12:28:52] [INFO] [DATE SKIP] #IO-1469 (SHREYAA ENTERPRISES): date 20260202 before start date 20260228
[2026-03-04 12:28:52] [INFO] [DATE SKIP] #IO-1470 (SHREYAA ENTERPRISES): date 20260202 before start date 20260228
[2026-03-04 12:28:52] [INFO] [DATE SKIP] #IO-1471 (SHREYAA ENTERPRISES): date 20260202 before start date 20260228
[2026-03-04 12:28:52] [INFO] [DATE SKIP] #IO-1472 (SHREYAA ENTERPRISES): date 20260202 before start date 20260228
[2026-03-04 12:28:52] [INFO] [DATE SKIP] #IO-1473 (SHREYAA ENTERPRISES): date 20260202 before start date 20260228
[2026-03-04 12:28:52] [INFO] [DATE SKIP] #IO-1474 (SHREYAA ENTERPRISES): date 20260202 before start date 20260228
[2026-03-04 12:28:52] [INFO] [DATE SKIP] #65 (SHREYAA ENTERPRISES): date 20260203 before start date 20260228
[2026-03-04 12:28:52] [INFO] [DATE SKIP] #IO-1475 (SHREYAA ENTERPRISES): date 20260203 before start date 20260228
[2026-03-04 12:28:52] [INFO] [DATE SKIP] #IO-1476 (SHREYAA ENTERPRISES): date 20260203 before start date 20260228
[2026-03-04 12:28:52] [INFO] [DATE SKIP] #IO-1477 (SHREYAA ENTERPRISES): date 20260203 before start date 20260228
[2026-03-04 12:28:52] [INFO] [DATE SKIP] #IO-1478 (SHREYAA ENTERPRISES): date 20260203 before start date 20260228
[2026-03-04 12:28:52] [INFO] [DATE SKIP] #IO-1479 (SHREYAA ENTERPRISES): date 20260203 before start date 20260228
[2026-03-04 12:28:52] [INFO] [DATE SKIP] #IO-1480 (SHREYAA ENTERPRISES): date 20260203 before start date 20260228
[2026-03-04 12:28:52] [INFO] [DATE SKIP] #IO-1481 (SHREYAA ENTERPRISES): date 20260203 before start date 20260228
[2026-03-04 12:28:52] [INFO] [DATE SKIP] #IO-1482 (SHREYAA ENTERPRISES): date 20260203 before start date 20260228
[2026-03-04 12:28:52] [INFO] [DATE SKIP] #IO-1483 (SHREYAA ENTERPRISES): date 20260203 before start date 20260228
[2026-03-04 12:28:52] [INFO] [DATE SKIP] #IO-1484 (SHREYAA ENTERPRISES): date 20260203 before start date 20260228
[2026-03-04 12:28:52] [INFO] [DATE SKIP] #66 (SHREYAA ENTERPRISES): date 20260203 before start date 20260228
[2026-03-04 12:28:52] [INFO] [DATE SKIP] #IO-1485 (SHREYAA ENTERPRISES): date 20260203 before start date 20260228
[2026-03-04 12:28:52] [INFO] [DATE SKIP] #IO-1486 (SHREYAA ENTERPRISES): date 20260203 before start date 20260228
[2026-03-04 12:28:52] [INFO] [DATE SKIP] #7 (SHREYAA ENTERPRISES): date 20260203 before start date 20260228
[2026-03-04 12:28:52] [INFO] [DATE SKIP] #IO-1487 (SHREYAA ENTERPRISES): date 20260204 before start date 20260228
[2026-03-04 12:28:52] [INFO] [DATE SKIP] #IO-1488 (SHREYAA ENTERPRISES): date 20260204 before start date 20260228
[2026-03-04 12:28:52] [INFO] [DATE SKIP] #IO-1490 (SHREYAA ENTERPRISES): date 20260204 before start date 20260228
[2026-03-04 12:28:52] [INFO] [DATE SKIP] #IO-1491 (SHREYAA ENTERPRISES): date 20260204 before start date 20260228
[2026-03-04 12:28:52] [INFO] [DATE SKIP] #IO-1492 (SHREYAA ENTERPRISES): date 20260204 before start date 20260228
[2026-03-04 12:28:52] [INFO] [DATE SKIP] #IO-1493 (SHREYAA ENTERPRISES): date 20260204 before start date 20260228
[2026-03-04 12:28:52] [INFO] [DATE SKIP] #L2N-8 (SHREYAA ENTERPRISES): date 20260204 before start date 20260228
[2026-03-04 12:28:52] [INFO] [DATE SKIP] #IO-1494 (SHREYAA ENTERPRISES): date 20260204 before start date 20260228
[2026-03-04 12:28:52] [INFO] [DATE SKIP] #IO-1495 (SHREYAA ENTERPRISES): date 20260204 before start date 20260228
[2026-03-04 12:28:52] [INFO] [DATE SKIP] #8 (SHREYAA ENTERPRISES): date 20260204 before start date 20260228
[2026-03-04 12:28:52] [INFO] [DATE SKIP] #IO-1496 (SHREYAA ENTERPRISES): date 20260205 before start date 20260228
[2026-03-04 12:28:52] [INFO] [DATE SKIP] #IO-1497 (SHREYAA ENTERPRISES): date 20260205 before start date 20260228
[2026-03-04 12:28:52] [INFO] [DATE SKIP] #IO-1498 (SHREYAA ENTERPRISES): date 20260205 before start date 20260228
[2026-03-04 12:28:52] [INFO] [DATE SKIP] #MO-41 (SHREYAA ENTERPRISES): date 20260205 before start date 20260228
[2026-03-04 12:28:52] [INFO] [DATE SKIP] #IO-1499 (SHREYAA ENTERPRISES): date 20260205 before start date 20260228
[2026-03-04 12:28:52] [INFO] [DATE SKIP] #IO-1500 (SHREYAA ENTERPRISES): date 20260205 before start date 20260228
[2026-03-04 12:28:52] [INFO] [DATE SKIP] #IO-1501 (SHREYAA ENTERPRISES): date 20260205 before start date 20260228
[2026-03-04 12:28:52] [INFO] [DATE SKIP] #IO-1502 (SHREYAA ENTERPRISES): date 20260205 before start date 20260228
[2026-03-04 12:28:52] [INFO] [DATE SKIP] #IO-1503 (SHREYAA ENTERPRISES): date 20260205 before start date 20260228
[2026-03-04 12:28:52] [INFO] [DATE SKIP] #IO-1504 (SHREYAA ENTERPRISES): date 20260205 before start date 20260228
[2026-03-04 12:28:52] [INFO] [DATE SKIP] #IO-1505 (SHREYAA ENTERPRISES): date 20260205 before start date 20260228
[2026-03-04 12:28:52] [INFO] [DATE SKIP] #IO-1506 (SHREYAA ENTERPRISES): date 20260205 before start date 20260228
[2026-03-04 12:28:52] [INFO] [DATE SKIP] #9 (SHREYAA ENTERPRISES): date 20260205 before start date 20260228
[2026-03-04 12:28:52] [INFO] [DATE SKIP] #IO-1507 (SHREYAA ENTERPRISES): date 20260206 before start date 20260228
[2026-03-04 12:28:52] [INFO] [DATE SKIP] #IO-1508 (SHREYAA ENTERPRISES): date 20260206 before start date 20260228
[2026-03-04 12:28:52] [INFO] [DATE SKIP] #IO-1509 (SHREYAA ENTERPRISES): date 20260206 before start date 20260228
[2026-03-04 12:28:52] [INFO] [DATE SKIP] #IO-1510 (SHREYAA ENTERPRISES): date 20260206 before start date 20260228
[2026-03-04 12:28:52] [INFO] [DATE SKIP] #IO-1511 (SHREYAA ENTERPRISES): date 20260206 before start date 20260228
[2026-03-04 12:28:52] [INFO] [DATE SKIP] #IO-1512 (SHREYAA ENTERPRISES): date 20260206 before start date 20260228
[2026-03-04 12:28:52] [INFO] [DATE SKIP] #IO-1513 (SHREYAA ENTERPRISES): date 20260206 before start date 20260228
[2026-03-04 12:28:52] [INFO] [DATE SKIP] #IO-1514 (SHREYAA ENTERPRISES): date 20260206 before start date 20260228
[2026-03-04 12:28:52] [INFO] [DATE SKIP] #IO-1515 (SHREYAA ENTERPRISES): date 20260206 before start date 20260228
[2026-03-04 12:28:52] [INFO] [DATE SKIP] #IO-1516 (SHREYAA ENTERPRISES): date 20260206 before start date 20260228
[2026-03-04 12:28:52] [INFO] [DATE SKIP] #MO-42 (SHREYAA ENTERPRISES): date 20260206 before start date 20260228
[2026-03-04 12:28:52] [INFO] [DATE SKIP] #IO-1517 (SHREYAA ENTERPRISES): date 20260206 before start date 20260228
[2026-03-04 12:28:52] [INFO] [DATE SKIP] #IO-1518 (SHREYAA ENTERPRISES): date 20260206 before start date 20260228
[2026-03-04 12:28:52] [INFO] [DATE SKIP] #IO-1519 (SHREYAA ENTERPRISES): date 20260206 before start date 20260228
[2026-03-04 12:28:52] [INFO] [DATE SKIP] #IO-1520 (SHREYAA ENTERPRISES): date 20260206 before start date 20260228
[2026-03-04 12:28:52] [INFO] [DATE SKIP] #IO-1521 (SHREYAA ENTERPRISES): date 20260206 before start date 20260228
[2026-03-04 12:28:52] [INFO] [DATE SKIP] #IO-1522 (SHREYAA ENTERPRISES): date 20260206 before start date 20260228
[2026-03-04 12:28:52] [INFO] [DATE SKIP] #IO-1523 (SHREYAA ENTERPRISES): date 20260206 before start date 20260228
[2026-03-04 12:28:52] [INFO] [DATE SKIP] #IO-1524 (SHREYAA ENTERPRISES): date 20260206 before start date 20260228
[2026-03-04 12:28:52] [INFO] [DATE SKIP] #IO-1525 (SHREYAA ENTERPRISES): date 20260207 before start date 20260228
[2026-03-04 12:28:52] [INFO] [DATE SKIP] #IO-1526 (SHREYAA ENTERPRISES): date 20260207 before start date 20260228
[2026-03-04 12:28:52] [INFO] [DATE SKIP] #IO-1527 (SHREYAA ENTERPRISES): date 20260207 before start date 20260228
[2026-03-04 12:28:52] [INFO] [DATE SKIP] #IO-1528 (SHREYAA ENTERPRISES): date 20260207 before start date 20260228
[2026-03-04 12:28:52] [INFO] [DATE SKIP] #IO-1529 (SHREYAA ENTERPRISES): date 20260207 before start date 20260228
[2026-03-04 12:28:52] [INFO] [DATE SKIP] #IO-1530 (SHREYAA ENTERPRISES): date 20260207 before start date 20260228
[2026-03-04 12:28:52] [INFO] [DATE SKIP] #IO-1531 (SHREYAA ENTERPRISES): date 20260207 before start date 20260228
[2026-03-04 12:28:52] [INFO] [DATE SKIP] #IO-1532 (SHREYAA ENTERPRISES): date 20260207 before start date 20260228
[2026-03-04 12:28:52] [INFO] [DATE SKIP] #IO-1533 (SHREYAA ENTERPRISES): date 20260207 before start date 20260228
[2026-03-04 12:28:52] [INFO] [DATE SKIP] #IO-1534 (SHREYAA ENTERPRISES): date 20260207 before start date 20260228
[2026-03-04 12:28:52] [INFO] [DATE SKIP] #IO-1535 (SHREYAA ENTERPRISES): date 20260207 before start date 20260228
[2026-03-04 12:28:52] [INFO] [DATE SKIP] #67 (SHREYAA ENTERPRISES): date 20260207 before start date 20260228
[2026-03-04 12:28:52] [INFO] [DATE SKIP] #MO-43 (SHREYAA ENTERPRISES): date 20260207 before start date 20260228
[2026-03-04 12:28:52] [INFO] [DATE SKIP] #IO-1537 (SHREYAA ENTERPRISES): date 20260207 before start date 20260228
[2026-03-04 12:28:52] [INFO] [DATE SKIP] #CO2-53 (SHREYAA ENTERPRISES): date 20260207 before start date 20260228
[2026-03-04 12:28:52] [INFO] [DATE SKIP] #IO-1538 (SHREYAA ENTERPRISES): date 20260208 before start date 20260228
[2026-03-04 12:28:52] [INFO] [DATE SKIP] #ARG-55 (SHREYAA ENTERPRISES): date 20260209 before start date 20260228
[2026-03-04 12:28:52] [INFO] [DATE SKIP] #ARG-56 (SHREYAA ENTERPRISES): date 20260209 before start date 20260228
[2026-03-04 12:28:52] [INFO] [DATE SKIP] #IO-1539 (SHREYAA ENTERPRISES): date 20260209 before start date 20260228
[2026-03-04 12:28:52] [INFO] [DATE SKIP] #IO-1540 (SHREYAA ENTERPRISES): date 20260209 before start date 20260228
[2026-03-04 12:28:52] [INFO] [DATE SKIP] #IO-1541 (SHREYAA ENTERPRISES): date 20260209 before start date 20260228
[2026-03-04 12:28:52] [INFO] [DATE SKIP] #IO-1542 (SHREYAA ENTERPRISES): date 20260209 before start date 20260228
[2026-03-04 12:28:52] [INFO] [DATE SKIP] #IO-1543 (SHREYAA ENTERPRISES): date 20260209 before start date 20260228
[2026-03-04 12:28:52] [INFO] [DATE SKIP] #IO-1544 (SHREYAA ENTERPRISES): date 20260209 before start date 20260228
[2026-03-04 12:28:52] [INFO] [DATE SKIP] #IO-1545 (SHREYAA ENTERPRISES): date 20260209 before start date 20260228
[2026-03-04 12:28:52] [INFO] [DATE SKIP] #IO-1546 (SHREYAA ENTERPRISES): date 20260209 before start date 20260228
[2026-03-04 12:28:52] [INFO] [DATE SKIP] #IO-1547 (SHREYAA ENTERPRISES): date 20260209 before start date 20260228
[2026-03-04 12:28:52] [INFO] [DATE SKIP] #IO-1548 (SHREYAA ENTERPRISES): date 20260209 before start date 20260228
[2026-03-04 12:28:52] [INFO] [DATE SKIP] #IO-1549 (SHREYAA ENTERPRISES): date 20260209 before start date 20260228
[2026-03-04 12:28:52] [INFO] [DATE SKIP] #IO-1550 (SHREYAA ENTERPRISES): date 20260209 before start date 20260228
[2026-03-04 12:28:52] [INFO] [DATE SKIP] #IO-1551 (SHREYAA ENTERPRISES): date 20260209 before start date 20260228
[2026-03-04 12:28:52] [INFO] [DATE SKIP] #IO-1552 (SHREYAA ENTERPRISES): date 20260209 before start date 20260228
[2026-03-04 12:28:52] [INFO] [DATE SKIP] #IO-1553 (SHREYAA ENTERPRISES): date 20260210 before start date 20260228
[2026-03-04 12:28:52] [INFO] [DATE SKIP] #IO-1554 (SHREYAA ENTERPRISES): date 20260210 before start date 20260228
[2026-03-04 12:28:52] [INFO] [DATE SKIP] #IO-1555 (SHREYAA ENTERPRISES): date 20260210 before start date 20260228
[2026-03-04 12:28:52] [INFO] [DATE SKIP] #IO-1556 (SHREYAA ENTERPRISES): date 20260210 before start date 20260228
[2026-03-04 12:28:52] [INFO] [DATE SKIP] #IO-1557 (SHREYAA ENTERPRISES): date 20260210 before start date 20260228
[2026-03-04 12:28:52] [INFO] [DATE SKIP] #CO2-54 (SHREYAA ENTERPRISES): date 20260210 before start date 20260228
[2026-03-04 12:28:52] [INFO] [DATE SKIP] #IO-1558 (SHREYAA ENTERPRISES): date 20260210 before start date 20260228
[2026-03-04 12:28:52] [INFO] [DATE SKIP] #IO-1559 (SHREYAA ENTERPRISES): date 20260210 before start date 20260228
[2026-03-04 12:28:52] [INFO] [DATE SKIP] #IO-1560 (SHREYAA ENTERPRISES): date 20260210 before start date 20260228
[2026-03-04 12:28:52] [INFO] [DATE SKIP] #IO-1561 (SHREYAA ENTERPRISES): date 20260210 before start date 20260228
[2026-03-04 12:28:52] [INFO] [DATE SKIP] #IO-1562 (SHREYAA ENTERPRISES): date 20260210 before start date 20260228
[2026-03-04 12:28:52] [INFO] [DATE SKIP] #68 (SHREYAA ENTERPRISES): date 20260210 before start date 20260228
[2026-03-04 12:28:52] [INFO] [DATE SKIP] #IO-1563 (SHREYAA ENTERPRISES): date 20260210 before start date 20260228
[2026-03-04 12:28:52] [INFO] [DATE SKIP] #IO-1564 (SHREYAA ENTERPRISES): date 20260210 before start date 20260228
[2026-03-04 12:28:52] [INFO] [DATE SKIP] #IO-1565 (SHREYAA ENTERPRISES): date 20260210 before start date 20260228
[2026-03-04 12:28:52] [INFO] [DATE SKIP] #IO-1566 (SHREYAA ENTERPRISES): date 20260210 before start date 20260228
[2026-03-04 12:28:52] [INFO] [DATE SKIP] #IO-1567 (SHREYAA ENTERPRISES): date 20260210 before start date 20260228
[2026-03-04 12:28:52] [INFO] [DATE SKIP] #IO-1568 (SHREYAA ENTERPRISES): date 20260210 before start date 20260228
[2026-03-04 12:28:52] [INFO] [DATE SKIP] #IO-1569 (SHREYAA ENTERPRISES): date 20260210 before start date 20260228
[2026-03-04 12:28:52] [INFO] [DATE SKIP] #IO-1570 (SHREYAA ENTERPRISES): date 20260210 before start date 20260228
[2026-03-04 12:28:52] [INFO] [DATE SKIP] #IO-1571 (SHREYAA ENTERPRISES): date 20260210 before start date 20260228
[2026-03-04 12:28:52] [INFO] [DATE SKIP] #IO-1572 (SHREYAA ENTERPRISES): date 20260210 before start date 20260228
[2026-03-04 12:28:52] [INFO] [DATE SKIP] #IO-1573 (SHREYAA ENTERPRISES): date 20260211 before start date 20260228
[2026-03-04 12:28:52] [INFO] [DATE SKIP] #IO-1574 (SHREYAA ENTERPRISES): date 20260211 before start date 20260228
[2026-03-04 12:28:52] [INFO] [DATE SKIP] #IO-1575 (SHREYAA ENTERPRISES): date 20260211 before start date 20260228
[2026-03-04 12:28:52] [INFO] [DATE SKIP] #IO-1576 (SHREYAA ENTERPRISES): date 20260211 before start date 20260228
[2026-03-04 12:28:52] [INFO] [DATE SKIP] #IO-1577 (SHREYAA ENTERPRISES): date 20260211 before start date 20260228
[2026-03-04 12:28:52] [INFO] [DATE SKIP] #IO-1578 (SHREYAA ENTERPRISES): date 20260211 before start date 20260228
[2026-03-04 12:28:52] [INFO] [DATE SKIP] #IO-1579 (SHREYAA ENTERPRISES): date 20260211 before start date 20260228
[2026-03-04 12:28:52] [INFO] [DATE SKIP] #IO-1580 (SHREYAA ENTERPRISES): date 20260211 before start date 20260228
[2026-03-04 12:28:52] [INFO] [DATE SKIP] #IO-1581 (SHREYAA ENTERPRISES): date 20260211 before start date 20260228
[2026-03-04 12:28:52] [INFO] [DATE SKIP] #69 (SHREYAA ENTERPRISES): date 20260211 before start date 20260228
[2026-03-04 12:28:52] [INFO] [DATE SKIP] #IO-1582 (SHREYAA ENTERPRISES): date 20260211 before start date 20260228
[2026-03-04 12:28:52] [INFO] [DATE SKIP] #IO-1583 (SHREYAA ENTERPRISES): date 20260211 before start date 20260228
[2026-03-04 12:28:52] [INFO] [DATE SKIP] #IO-1584 (SHREYAA ENTERPRISES): date 20260211 before start date 20260228
[2026-03-04 12:28:52] [INFO] [DATE SKIP] #IO-1585 (SHREYAA ENTERPRISES): date 20260212 before start date 20260228
[2026-03-04 12:28:52] [INFO] [DATE SKIP] #IO-1586 (SHREYAA ENTERPRISES): date 20260212 before start date 20260228
[2026-03-04 12:28:52] [INFO] [DATE SKIP] #IO-1587 (SHREYAA ENTERPRISES): date 20260212 before start date 20260228
[2026-03-04 12:28:52] [INFO] [DATE SKIP] #IO-1588 (SHREYAA ENTERPRISES): date 20260212 before start date 20260228
[2026-03-04 12:28:52] [INFO] [DATE SKIP] #IO-1589 (SHREYAA ENTERPRISES): date 20260212 before start date 20260228
[2026-03-04 12:28:52] [INFO] [DATE SKIP] #IO-1590 (SHREYAA ENTERPRISES): date 20260212 before start date 20260228
[2026-03-04 12:28:52] [INFO] [DATE SKIP] #IO-1591 (SHREYAA ENTERPRISES): date 20260212 before start date 20260228
[2026-03-04 12:28:52] [INFO] [DATE SKIP] #IO-1592 (SHREYAA ENTERPRISES): date 20260212 before start date 20260228
[2026-03-04 12:28:52] [INFO] [DATE SKIP] #IO-1593 (SHREYAA ENTERPRISES): date 20260212 before start date 20260228
[2026-03-04 12:28:52] [INFO] [DATE SKIP] #IO-1594 (SHREYAA ENTERPRISES): date 20260212 before start date 20260228
[2026-03-04 12:28:52] [INFO] [DATE SKIP] #IO-1595 (SHREYAA ENTERPRISES): date 20260213 before start date 20260228
[2026-03-04 12:28:52] [INFO] [DATE SKIP] #IO-1596 (SHREYAA ENTERPRISES): date 20260213 before start date 20260228
[2026-03-04 12:28:52] [INFO] [DATE SKIP] #IO-1597 (SHREYAA ENTERPRISES): date 20260213 before start date 20260228
[2026-03-04 12:28:52] [INFO] [DATE SKIP] #IO-1598 (SHREYAA ENTERPRISES): date 20260213 before start date 20260228
[2026-03-04 12:28:52] [INFO] [DATE SKIP] #IO-1599 (SHREYAA ENTERPRISES): date 20260213 before start date 20260228
[2026-03-04 12:28:52] [INFO] [DATE SKIP] #IO-1600 (SHREYAA ENTERPRISES): date 20260213 before start date 20260228
[2026-03-04 12:28:52] [INFO] [DATE SKIP] #LPG-10 (SHREYAA ENTERPRISES): date 20260213 before start date 20260228
[2026-03-04 12:28:52] [INFO] [DATE SKIP] #IO-1601 (SHREYAA ENTERPRISES): date 20260213 before start date 20260228
[2026-03-04 12:28:52] [INFO] [DATE SKIP] #IO-1602 (SHREYAA ENTERPRISES): date 20260213 before start date 20260228
[2026-03-04 12:28:52] [INFO] [DATE SKIP] #IO-1603 (SHREYAA ENTERPRISES): date 20260213 before start date 20260228
[2026-03-04 12:28:52] [INFO] [DATE SKIP] #IO-1604 (SHREYAA ENTERPRISES): date 20260213 before start date 20260228
[2026-03-04 12:28:52] [INFO] [DATE SKIP] #IO-1605 (SHREYAA ENTERPRISES): date 20260213 before start date 20260228
[2026-03-04 12:28:52] [INFO] [DATE SKIP] #CO2-55 (SHREYAA ENTERPRISES): date 20260213 before start date 20260228
[2026-03-04 12:28:52] [INFO] [DATE SKIP] #IO-1606 (SHREYAA ENTERPRISES): date 20260213 before start date 20260228
[2026-03-04 12:28:52] [INFO] [DATE SKIP] #IO-1607 (SHREYAA ENTERPRISES): date 20260213 before start date 20260228
[2026-03-04 12:28:52] [INFO] [DATE SKIP] #IO-1608 (SHREYAA ENTERPRISES): date 20260213 before start date 20260228
[2026-03-04 12:28:52] [INFO] [DATE SKIP] #70 (SHREYAA ENTERPRISES): date 20260213 before start date 20260228
[2026-03-04 12:28:52] [INFO] [DATE SKIP] #IO-1609 (SHREYAA ENTERPRISES): date 20260213 before start date 20260228
[2026-03-04 12:28:52] [INFO] [DATE SKIP] #71 (SHREYAA ENTERPRISES): date 20260213 before start date 20260228
[2026-03-04 12:28:52] [INFO] [DATE SKIP] #IO-1610 (SHREYAA ENTERPRISES): date 20260213 before start date 20260228
[2026-03-04 12:28:52] [INFO] [DATE SKIP] #IO-1611 (SHREYAA ENTERPRISES): date 20260213 before start date 20260228
[2026-03-04 12:28:52] [INFO] [DATE SKIP] #IO-1612 (SHREYAA ENTERPRISES): date 20260214 before start date 20260228
[2026-03-04 12:28:52] [INFO] [DATE SKIP] #IO-1613 (SHREYAA ENTERPRISES): date 20260214 before start date 20260228
[2026-03-04 12:28:52] [INFO] [DATE SKIP] #CO2-56 (SHREYAA ENTERPRISES): date 20260214 before start date 20260228
[2026-03-04 12:28:52] [INFO] [DATE SKIP] #CO2-57 (SHREYAA ENTERPRISES): date 20260214 before start date 20260228
[2026-03-04 12:28:52] [INFO] [DATE SKIP] #ARG-57 (SHREYAA ENTERPRISES): date 20260214 before start date 20260228
[2026-03-04 12:28:52] [INFO] [DATE SKIP] #IO-1614 (SHREYAA ENTERPRISES): date 20260214 before start date 20260228
[2026-03-04 12:28:52] [INFO] [DATE SKIP] #IO-1615 (SHREYAA ENTERPRISES): date 20260214 before start date 20260228
[2026-03-04 12:28:52] [INFO] [DATE SKIP] #IO-1616 (SHREYAA ENTERPRISES): date 20260214 before start date 20260228
[2026-03-04 12:28:52] [INFO] [DATE SKIP] #IO-1617 (SHREYAA ENTERPRISES): date 20260214 before start date 20260228
[2026-03-04 12:28:52] [INFO] [DATE SKIP] #IO-1618 (SHREYAA ENTERPRISES): date 20260214 before start date 20260228
[2026-03-04 12:28:52] [INFO] [DATE SKIP] #IO-1619 (SHREYAA ENTERPRISES): date 20260214 before start date 20260228
[2026-03-04 12:28:52] [INFO] [DATE SKIP] #72 (SHREYAA ENTERPRISES): date 20260214 before start date 20260228
[2026-03-04 12:28:52] [INFO] [DATE SKIP] #IO-1620 (SHREYAA ENTERPRISES): date 20260214 before start date 20260228
[2026-03-04 12:28:52] [INFO] [DATE SKIP] #IO-1621 (SHREYAA ENTERPRISES): date 20260214 before start date 20260228
[2026-03-04 12:28:52] [INFO] [DATE SKIP] #IO-1622 (SHREYAA ENTERPRISES): date 20260214 before start date 20260228
[2026-03-04 12:28:52] [INFO] [DATE SKIP] #IO-1623 (SHREYAA ENTERPRISES): date 20260214 before start date 20260228
[2026-03-04 12:28:52] [INFO] [DATE SKIP] #IO-1624 (SHREYAA ENTERPRISES): date 20260214 before start date 20260228
[2026-03-04 12:28:52] [INFO] [DATE SKIP] #CO2-58 (SHREYAA ENTERPRISES): date 20260214 before start date 20260228
[2026-03-04 12:28:53] [INFO] [DATE SKIP] #IO-1625 (SHREYAA ENTERPRISES): date 20260215 before start date 20260228
[2026-03-04 12:28:53] [INFO] [DATE SKIP] #IO-1626 (SHREYAA ENTERPRISES): date 20260216 before start date 20260228
[2026-03-04 12:28:53] [INFO] [DATE SKIP] #CO2-59 (SHREYAA ENTERPRISES): date 20260216 before start date 20260228
[2026-03-04 12:28:53] [INFO] [DATE SKIP] #IO-1627 (SHREYAA ENTERPRISES): date 20260216 before start date 20260228
[2026-03-04 12:28:53] [INFO] [DATE SKIP] #IO-1628 (SHREYAA ENTERPRISES): date 20260216 before start date 20260228
[2026-03-04 12:28:53] [INFO] [DATE SKIP] #IO-1629 (SHREYAA ENTERPRISES): date 20260216 before start date 20260228
[2026-03-04 12:28:53] [INFO] [DATE SKIP] #IO-1630 (SHREYAA ENTERPRISES): date 20260216 before start date 20260228
[2026-03-04 12:28:53] [INFO] [DATE SKIP] #IO-1631 (SHREYAA ENTERPRISES): date 20260216 before start date 20260228
[2026-03-04 12:28:53] [INFO] [DATE SKIP] #IO-1632 (SHREYAA ENTERPRISES): date 20260216 before start date 20260228
[2026-03-04 12:28:53] [INFO] [DATE SKIP] #ARG-58 (SHREYAA ENTERPRISES): date 20260216 before start date 20260228
[2026-03-04 12:28:53] [INFO] [DATE SKIP] #IO-1633 (SHREYAA ENTERPRISES): date 20260216 before start date 20260228
[2026-03-04 12:28:53] [INFO] [DATE SKIP] #MO-44 (SHREYAA ENTERPRISES): date 20260216 before start date 20260228
[2026-03-04 12:28:53] [INFO] [DATE SKIP] #IO-1634 (SHREYAA ENTERPRISES): date 20260216 before start date 20260228
[2026-03-04 12:28:53] [INFO] [DATE SKIP] #IO-1635 (SHREYAA ENTERPRISES): date 20260216 before start date 20260228
[2026-03-04 12:28:53] [INFO] [DATE SKIP] #IO-1636 (SHREYAA ENTERPRISES): date 20260216 before start date 20260228
[2026-03-04 12:28:53] [INFO] [DATE SKIP] #IO-1637 (SHREYAA ENTERPRISES): date 20260216 before start date 20260228
[2026-03-04 12:28:53] [INFO] [DATE SKIP] #IO-1643 (SHREYAA ENTERPRISES): date 20260217 before start date 20260228
[2026-03-04 12:28:53] [INFO] [DATE SKIP] #IO-1638 (SHREYAA ENTERPRISES): date 20260217 before start date 20260228
[2026-03-04 12:28:53] [INFO] [DATE SKIP] #IO-1639 (SHREYAA ENTERPRISES): date 20260217 before start date 20260228
[2026-03-04 12:28:53] [INFO] [DATE SKIP] #IO-1640 (SHREYAA ENTERPRISES): date 20260217 before start date 20260228
[2026-03-04 12:28:53] [INFO] [DATE SKIP] #IO-1641 (SHREYAA ENTERPRISES): date 20260217 before start date 20260228
[2026-03-04 12:28:53] [INFO] [DATE SKIP] #ARG-59 (SHREYAA ENTERPRISES): date 20260217 before start date 20260228
[2026-03-04 12:28:53] [INFO] [DATE SKIP] #ARG-60 (SHREYAA ENTERPRISES): date 20260217 before start date 20260228
[2026-03-04 12:28:53] [INFO] [DATE SKIP] #IO-1642 (SHREYAA ENTERPRISES): date 20260217 before start date 20260228
[2026-03-04 12:28:53] [INFO] [DATE SKIP] #IO-1644 (SHREYAA ENTERPRISES): date 20260217 before start date 20260228
[2026-03-04 12:28:53] [INFO] [DATE SKIP] #IO-1645 (SHREYAA ENTERPRISES): date 20260217 before start date 20260228
[2026-03-04 12:28:53] [INFO] [DATE SKIP] #IO-1646 (SHREYAA ENTERPRISES): date 20260217 before start date 20260228
[2026-03-04 12:28:53] [INFO] [DATE SKIP] #74 (SHREYAA ENTERPRISES): date 20260217 before start date 20260228
[2026-03-04 12:28:53] [INFO] [DATE SKIP] #IO-1647 (SHREYAA ENTERPRISES): date 20260217 before start date 20260228
[2026-03-04 12:28:53] [INFO] [DATE SKIP] #IO-1648 (SHREYAA ENTERPRISES): date 20260218 before start date 20260228
[2026-03-04 12:28:53] [INFO] [DATE SKIP] #IO-1649 (SHREYAA ENTERPRISES): date 20260218 before start date 20260228
[2026-03-04 12:28:53] [INFO] [DATE SKIP] #IO-1650 (SHREYAA ENTERPRISES): date 20260218 before start date 20260228
[2026-03-04 12:28:53] [INFO] [DATE SKIP] #IO-1651 (SHREYAA ENTERPRISES): date 20260218 before start date 20260228
[2026-03-04 12:28:53] [INFO] [DATE SKIP] #IO-1652 (SHREYAA ENTERPRISES): date 20260218 before start date 20260228
[2026-03-04 12:28:53] [INFO] [DATE SKIP] #IO-1653 (SHREYAA ENTERPRISES): date 20260218 before start date 20260228
[2026-03-04 12:28:53] [INFO] [DATE SKIP] #IO-1654 (SHREYAA ENTERPRISES): date 20260218 before start date 20260228
[2026-03-04 12:28:53] [INFO] [DATE SKIP] #IO-1655 (SHREYAA ENTERPRISES): date 20260218 before start date 20260228
[2026-03-04 12:28:53] [INFO] [DATE SKIP] #IO-1656 (SHREYAA ENTERPRISES): date 20260218 before start date 20260228
[2026-03-04 12:28:53] [INFO] [DATE SKIP] #8 (SHREYAA ENTERPRISES): date 20260218 before start date 20260228
[2026-03-04 12:28:53] [INFO] [DATE SKIP] #IO-1657 (SHREYAA ENTERPRISES): date 20260218 before start date 20260228
[2026-03-04 12:28:53] [INFO] [DATE SKIP] #75 (SHREYAA ENTERPRISES): date 20260218 before start date 20260228
[2026-03-04 12:28:53] [INFO] [DATE SKIP] #MO-45 (SHREYAA ENTERPRISES): date 20260218 before start date 20260228
[2026-03-04 12:28:53] [INFO] [DATE SKIP] #IO-1658 (SHREYAA ENTERPRISES): date 20260219 before start date 20260228
[2026-03-04 12:28:53] [INFO] [DATE SKIP] #IO-1659 (SHREYAA ENTERPRISES): date 20260219 before start date 20260228
[2026-03-04 12:28:53] [INFO] [DATE SKIP] #CO2-60 (SHREYAA ENTERPRISES): date 20260219 before start date 20260228
[2026-03-04 12:28:53] [INFO] [DATE SKIP] #IO-1660 (SHREYAA ENTERPRISES): date 20260219 before start date 20260228
[2026-03-04 12:28:53] [INFO] [DATE SKIP] #IO-1661 (SHREYAA ENTERPRISES): date 20260219 before start date 20260228
[2026-03-04 12:28:53] [INFO] [DATE SKIP] #ARG-61 (SHREYAA ENTERPRISES): date 20260219 before start date 20260228
[2026-03-04 12:28:53] [INFO] [DATE SKIP] #ARG-62 (SHREYAA ENTERPRISES): date 20260219 before start date 20260228
[2026-03-04 12:28:53] [INFO] [DATE SKIP] #IO-1662 (SHREYAA ENTERPRISES): date 20260219 before start date 20260228
[2026-03-04 12:28:53] [INFO] [DATE SKIP] #IO-1663 (SHREYAA ENTERPRISES): date 20260219 before start date 20260228
[2026-03-04 12:28:53] [INFO] [DATE SKIP] #IO-1664 (SHREYAA ENTERPRISES): date 20260219 before start date 20260228
[2026-03-04 12:28:53] [INFO] [DATE SKIP] #IO-1665 (SHREYAA ENTERPRISES): date 20260219 before start date 20260228
[2026-03-04 12:28:53] [INFO] [DATE SKIP] #IO-1666 (SHREYAA ENTERPRISES): date 20260219 before start date 20260228
[2026-03-04 12:28:53] [INFO] [DATE SKIP] #IO-1667 (SHREYAA ENTERPRISES): date 20260219 before start date 20260228
[2026-03-04 12:28:53] [INFO] [DATE SKIP] #IO-1668 (SHREYAA ENTERPRISES): date 20260219 before start date 20260228
[2026-03-04 12:28:53] [INFO] [DATE SKIP] #76 (SHREYAA ENTERPRISES): date 20260219 before start date 20260228
[2026-03-04 12:28:53] [INFO] [DATE SKIP] #IO-1669 (SHREYAA ENTERPRISES): date 20260219 before start date 20260228
[2026-03-04 12:28:53] [INFO] [DATE SKIP] #77 (SHREYAA ENTERPRISES): date 20260219 before start date 20260228
[2026-03-04 12:28:53] [INFO] [DATE SKIP] #IO-1670 (SHREYAA ENTERPRISES): date 20260219 before start date 20260228
[2026-03-04 12:28:53] [INFO] [DATE SKIP] #IO-1671 (SHREYAA ENTERPRISES): date 20260219 before start date 20260228
[2026-03-04 12:28:53] [INFO] [DATE SKIP] #IO-1672 (SHREYAA ENTERPRISES): date 20260219 before start date 20260228
[2026-03-04 12:28:53] [INFO] [DATE SKIP] #78 (SHREYAA ENTERPRISES): date 20260219 before start date 20260228
[2026-03-04 12:28:53] [INFO] [DATE SKIP] #79 (SHREYAA ENTERPRISES): date 20260219 before start date 20260228
[2026-03-04 12:28:53] [INFO] [DATE SKIP] #IO-1673 (SHREYAA ENTERPRISES): date 20260220 before start date 20260228
[2026-03-04 12:28:53] [INFO] [DATE SKIP] #IO-1674 (SHREYAA ENTERPRISES): date 20260220 before start date 20260228
[2026-03-04 12:28:53] [INFO] [DATE SKIP] #IO-1675 (SHREYAA ENTERPRISES): date 20260220 before start date 20260228
[2026-03-04 12:28:53] [INFO] [DATE SKIP] #IO-1676 (SHREYAA ENTERPRISES): date 20260220 before start date 20260228
[2026-03-04 12:28:53] [INFO] [DATE SKIP] #IO-1677 (SHREYAA ENTERPRISES): date 20260220 before start date 20260228
[2026-03-04 12:28:53] [INFO] [DATE SKIP] #IO-1678 (SHREYAA ENTERPRISES): date 20260220 before start date 20260228
[2026-03-04 12:28:53] [INFO] [DATE SKIP] #IO-1679 (SHREYAA ENTERPRISES): date 20260220 before start date 20260228
[2026-03-04 12:28:53] [INFO] [DATE SKIP] #IO-1680 (SHREYAA ENTERPRISES): date 20260220 before start date 20260228
[2026-03-04 12:28:53] [INFO] [DATE SKIP] #80 (SHREYAA ENTERPRISES): date 20260220 before start date 20260228
[2026-03-04 12:28:53] [INFO] [DATE SKIP] #IO-1681 (SHREYAA ENTERPRISES): date 20260220 before start date 20260228
[2026-03-04 12:28:53] [INFO] [DATE SKIP] #IO-1682 (SHREYAA ENTERPRISES): date 20260220 before start date 20260228
[2026-03-04 12:28:53] [INFO] [DATE SKIP] #IO-1683 (SHREYAA ENTERPRISES): date 20260220 before start date 20260228
[2026-03-04 12:28:53] [INFO] [DATE SKIP] #IO-1684 (SHREYAA ENTERPRISES): date 20260220 before start date 20260228
[2026-03-04 12:28:53] [INFO] [DATE SKIP] #CO2-61 (SHREYAA ENTERPRISES): date 20260220 before start date 20260228
[2026-03-04 12:28:53] [INFO] [DATE SKIP] #IO-1685 (SHREYAA ENTERPRISES): date 20260221 before start date 20260228
[2026-03-04 12:28:53] [INFO] [DATE SKIP] #IO-1686 (SHREYAA ENTERPRISES): date 20260221 before start date 20260228
[2026-03-04 12:28:53] [INFO] [DATE SKIP] #IO-1687 (SHREYAA ENTERPRISES): date 20260221 before start date 20260228
[2026-03-04 12:28:53] [INFO] [DATE SKIP] #IO-1688 (SHREYAA ENTERPRISES): date 20260221 before start date 20260228
[2026-03-04 12:28:53] [INFO] [DATE SKIP] #IO-1689 (SHREYAA ENTERPRISES): date 20260221 before start date 20260228
[2026-03-04 12:28:53] [INFO] [DATE SKIP] #IO-1690 (SHREYAA ENTERPRISES): date 20260221 before start date 20260228
[2026-03-04 12:28:53] [INFO] [DATE SKIP] #IO-1691 (SHREYAA ENTERPRISES): date 20260221 before start date 20260228
[2026-03-04 12:28:53] [INFO] [DATE SKIP] #IO-1692 (SHREYAA ENTERPRISES): date 20260221 before start date 20260228
[2026-03-04 12:28:53] [INFO] [DATE SKIP] #IO-1693 (SHREYAA ENTERPRISES): date 20260221 before start date 20260228
[2026-03-04 12:28:53] [INFO] [DATE SKIP] #IO-1694 (SHREYAA ENTERPRISES): date 20260221 before start date 20260228
[2026-03-04 12:28:53] [INFO] [DATE SKIP] #IO-1695 (SHREYAA ENTERPRISES): date 20260221 before start date 20260228
[2026-03-04 12:28:53] [INFO] [DATE SKIP] #IO-1696 (SHREYAA ENTERPRISES): date 20260221 before start date 20260228
[2026-03-04 12:28:53] [INFO] [DATE SKIP] #IO-1697 (SHREYAA ENTERPRISES): date 20260221 before start date 20260228
[2026-03-04 12:28:53] [INFO] [DATE SKIP] #IO-1698 (SHREYAA ENTERPRISES): date 20260221 before start date 20260228
[2026-03-04 12:28:53] [INFO] [DATE SKIP] #IO-1699 (SHREYAA ENTERPRISES): date 20260221 before start date 20260228
[2026-03-04 12:28:53] [INFO] [DATE SKIP] #CO2-62 (SHREYAA ENTERPRISES): date 20260221 before start date 20260228
[2026-03-04 12:28:53] [INFO] [DATE SKIP] #IO-1700 (SHREYAA ENTERPRISES): date 20260222 before start date 20260228
[2026-03-04 12:28:53] [INFO] [DATE SKIP] #IO-1701 (SHREYAA ENTERPRISES): date 20260223 before start date 20260228
[2026-03-04 12:28:53] [INFO] [DATE SKIP] #ARG-63 (SHREYAA ENTERPRISES): date 20260223 before start date 20260228
[2026-03-04 12:28:53] [INFO] [DATE SKIP] #IO-1702 (SHREYAA ENTERPRISES): date 20260223 before start date 20260228
[2026-03-04 12:28:53] [INFO] [DATE SKIP] #IO-1703 (SHREYAA ENTERPRISES): date 20260223 before start date 20260228
[2026-03-04 12:28:53] [INFO] [DATE SKIP] #IO-1704 (SHREYAA ENTERPRISES): date 20260223 before start date 20260228
[2026-03-04 12:28:53] [INFO] [DATE SKIP] #IO-1705 (SHREYAA ENTERPRISES): date 20260223 before start date 20260228
[2026-03-04 12:28:53] [INFO] [DATE SKIP] #IO-1706 (SHREYAA ENTERPRISES): date 20260223 before start date 20260228
[2026-03-04 12:28:53] [INFO] [DATE SKIP] #IO-1707 (SHREYAA ENTERPRISES): date 20260223 before start date 20260228
[2026-03-04 12:28:53] [INFO] [DATE SKIP] #IO-1708 (SHREYAA ENTERPRISES): date 20260223 before start date 20260228
[2026-03-04 12:28:53] [INFO] [DATE SKIP] #IO-1709 (SHREYAA ENTERPRISES): date 20260223 before start date 20260228
[2026-03-04 12:28:53] [INFO] [DATE SKIP] #IO-1710 (SHREYAA ENTERPRISES): date 20260223 before start date 20260228
[2026-03-04 12:28:53] [INFO] [DATE SKIP] #IO-1711 (SHREYAA ENTERPRISES): date 20260223 before start date 20260228
[2026-03-04 12:28:53] [INFO] [DATE SKIP] #IO-1712 (SHREYAA ENTERPRISES): date 20260223 before start date 20260228
[2026-03-04 12:28:53] [INFO] [DATE SKIP] #IO-1713 (SHREYAA ENTERPRISES): date 20260223 before start date 20260228
[2026-03-04 12:28:53] [INFO] [DATE SKIP] #IO-1714 (SHREYAA ENTERPRISES): date 20260223 before start date 20260228
[2026-03-04 12:28:53] [INFO] [DATE SKIP] #IO-1715 (SHREYAA ENTERPRISES): date 20260223 before start date 20260228
[2026-03-04 12:28:53] [INFO] [DATE SKIP] #IO-1716 (SHREYAA ENTERPRISES): date 20260223 before start date 20260228
[2026-03-04 12:28:53] [INFO] [DATE SKIP] #IO-1717 (SHREYAA ENTERPRISES): date 20260223 before start date 20260228
[2026-03-04 12:28:53] [INFO] [DATE SKIP] #IO-1718 (SHREYAA ENTERPRISES): date 20260223 before start date 20260228
[2026-03-04 12:28:53] [INFO] [DATE SKIP] #IO-1719 (SHREYAA ENTERPRISES): date 20260223 before start date 20260228
[2026-03-04 12:28:53] [INFO] [DATE SKIP] #81 (SHREYAA ENTERPRISES): date 20260223 before start date 20260228
[2026-03-04 12:28:53] [INFO] [DATE SKIP] #82 (SHREYAA ENTERPRISES): date 20260223 before start date 20260228
[2026-03-04 12:28:53] [INFO] [DATE SKIP] #IO-1720 (SHREYAA ENTERPRISES): date 20260223 before start date 20260228
[2026-03-04 12:28:53] [INFO] [DATE SKIP] #IO-1721 (SHREYAA ENTERPRISES): date 20260223 before start date 20260228
[2026-03-04 12:28:53] [INFO] [DATE SKIP] #83 (SHREYAA ENTERPRISES): date 20260223 before start date 20260228
[2026-03-04 12:28:53] [INFO] 
============================================================
[2026-03-04 12:28:53] [INFO] Processing: Surya Air System (COMPANY_2)
[2026-03-04 12:28:53] [INFO] ============================================================
[2026-03-04 12:28:53] [INFO] No invoices found for Surya Air System in date range
[2026-03-04 12:28:53] [INFO] 
============================================================
[2026-03-04 12:28:53] [INFO] Processing: BHARATH OXYGEN LICENSEE (COMPANY_3)
[2026-03-04 12:28:53] [INFO] ============================================================
[2026-03-04 12:28:53] [INFO] Fetched 5 invoices from Tally
[2026-03-04 12:28:53] [INFO] [DATE SKIP] #3 (BHARATH OXYGEN LICENSEE): date 20260202 before start date 20260228
[2026-03-04 12:28:53] [INFO] [DATE SKIP] #4 (BHARATH OXYGEN LICENSEE): date 20260202 before start date 20260228
[2026-03-04 12:28:53] [INFO] [DATE SKIP] #5 (BHARATH OXYGEN LICENSEE): date 20260225 before start date 20260228
[2026-03-04 12:28:53] [INFO] [NEW INVOICE] #7 saved (company: BHARATH OXYGEN LICENSEE, customer: Deenak Engineering, date: 20260304, items: 1, hash: 4fd79232...)
[2026-03-04 12:28:53] [INFO] 
============================================================
[2026-03-04 12:28:53] [INFO] INVOICE FETCH SUMMARY
[2026-03-04 12:28:53] [INFO] ============================================================
[2026-03-04 12:28:53] [INFO] Date filter: from 20260228 onward (query upper bound: 20991231)
[2026-03-04 12:28:53] [INFO] Total Fetched from Tally: 1974
[2026-03-04 12:28:53] [INFO] Skipped (out of date range): 1963
[2026-03-04 12:28:53] [INFO] Skipped (no delivery info): 0
[2026-03-04 12:28:53] [INFO] New Invoices Saved: 1
[2026-03-04 12:28:53] [INFO] Updated Invoices (hash/data changed): 0
[2026-03-04 12:28:53] [INFO] Already Exists (Unchanged): 10
[2026-03-04 12:28:53] [INFO] Marked as Deleted: 0
[2026-03-04 12:28:53] [INFO] Errors: 0
[2026-03-04 12:28:53] [INFO] ============================================================
[2026-03-04 12:28:53] [INFO] 
Database Statistics:
[2026-03-04 12:28:53] [INFO] Total Invoices: 11
[2026-03-04 12:28:53] [INFO] Invoices by Company: {'BHARATH OXYGEN LICENSEE': 2, 'SHREYAA ENTERPRISES': 9}
[2026-03-04 12:28:53] [INFO] Synced Invoices: 10
[2026-03-04 12:28:53] [INFO] ============================================================
[2026-03-04 12:38:00] [INFO] Starting invoice fetch from 3 companies
[2026-03-04 12:38:00] [INFO] Date filter: from 20260228 onward (query upper bound: 20991231)
[2026-03-04 12:38:00] [INFO] Active companies: SHREYAA ENTERPRISES, Surya Air System, BHARATH OXYGEN LICENSEE
[2026-03-04 12:38:00] [INFO] 
============================================================
[2026-03-04 12:38:00] [INFO] Processing: SHREYAA ENTERPRISES (COMPANY_1)
[2026-03-04 12:38:00] [INFO] ============================================================
[2026-03-04 12:38:14] [INFO] Fetched 1970 invoices from Tally
[2026-03-04 12:38:14] [INFO] [DATE SKIP] #IO-1 (SHREYAA ENTERPRISES): date 20251006 before start date 20260228
[2026-03-04 12:38:14] [INFO] [DATE SKIP] #IO-2 (SHREYAA ENTERPRISES): date 20251006 before start date 20260228
[2026-03-04 12:38:14] [INFO] [DATE SKIP] #ARG-1 (SHREYAA ENTERPRISES): date 20251006 before start date 20260228
[2026-03-04 12:38:14] [INFO] [DATE SKIP] #ARG-2 (SHREYAA ENTERPRISES): date 20251006 before start date 20260228
[2026-03-04 12:38:14] [INFO] [DATE SKIP] #IO-3 (SHREYAA ENTERPRISES): date 20251006 before start date 20260228
[2026-03-04 12:38:14] [INFO] [DATE SKIP] #IO-4 (SHREYAA ENTERPRISES): date 20251006 before start date 20260228
[2026-03-04 12:38:14] [INFO] [DATE SKIP] #IO-5 (SHREYAA ENTERPRISES): date 20251006 before start date 20260228
[2026-03-04 12:38:14] [INFO] [DATE SKIP] #L2N-1 (SHREYAA ENTERPRISES): date 20251006 before start date 20260228
[2026-03-04 12:38:14] [INFO] [DATE SKIP] #IO-6 (SHREYAA ENTERPRISES): date 20251006 before start date 20260228
[2026-03-04 12:38:14] [INFO] [DATE SKIP] #ARG-3 (SHREYAA ENTERPRISES): date 20251006 before start date 20260228
[2026-03-04 12:38:14] [INFO] [DATE SKIP] #IO-7 (SHREYAA ENTERPRISES): date 20251006 before start date 20260228
[2026-03-04 12:38:14] [INFO] [DATE SKIP] #IO-8 (SHREYAA ENTERPRISES): date 20251006 before start date 20260228
[2026-03-04 12:38:14] [INFO] [DATE SKIP] #IO-9 (SHREYAA ENTERPRISES): date 20251006 before start date 20260228
[2026-03-04 12:38:14] [INFO] [DATE SKIP] #IO-10 (SHREYAA ENTERPRISES): date 20251006 before start date 20260228
[2026-03-04 12:38:14] [INFO] [DATE SKIP] #IO-11 (SHREYAA ENTERPRISES): date 20251006 before start date 20260228
[2026-03-04 12:38:14] [INFO] [DATE SKIP] #IO-12 (SHREYAA ENTERPRISES): date 20251006 before start date 20260228
[2026-03-04 12:38:14] [INFO] [DATE SKIP] #IO-13 (SHREYAA ENTERPRISES): date 20251006 before start date 20260228
[2026-03-04 12:38:14] [INFO] [DATE SKIP] #IO-14 (SHREYAA ENTERPRISES): date 20251007 before start date 20260228
[2026-03-04 12:38:14] [INFO] [DATE SKIP] #IO-15 (SHREYAA ENTERPRISES): date 20251007 before start date 20260228
[2026-03-04 12:38:14] [INFO] [DATE SKIP] #IO-16 (SHREYAA ENTERPRISES): date 20251007 before start date 20260228
[2026-03-04 12:38:14] [INFO] [DATE SKIP] #CO2-1 (SHREYAA ENTERPRISES): date 20251007 before start date 20260228
[2026-03-04 12:38:14] [INFO] [DATE SKIP] #CO2-2 (SHREYAA ENTERPRISES): date 20251007 before start date 20260228
[2026-03-04 12:38:14] [INFO] [DATE SKIP] #IO-17 (SHREYAA ENTERPRISES): date 20251007 before start date 20260228
[2026-03-04 12:38:14] [INFO] [DATE SKIP] #IO-18 (SHREYAA ENTERPRISES): date 20251007 before start date 20260228
[2026-03-04 12:38:14] [INFO] [DATE SKIP] #IO-19 (SHREYAA ENTERPRISES): date 20251007 before start date 20260228
[2026-03-04 12:38:14] [INFO] [DATE SKIP] #IO-20 (SHREYAA ENTERPRISES): date 20251007 before start date 20260228
[2026-03-04 12:38:14] [INFO] [DATE SKIP] #IO-21 (SHREYAA ENTERPRISES): date 20251007 before start date 20260228
[2026-03-04 12:38:14] [INFO] [DATE SKIP] #IO-22 (SHREYAA ENTERPRISES): date 20251007 before start date 20260228
[2026-03-04 12:38:14] [INFO] [DATE SKIP] #IO-23 (SHREYAA ENTERPRISES): date 20251007 before start date 20260228
[2026-03-04 12:38:14] [INFO] [DATE SKIP] #IO-24 (SHREYAA ENTERPRISES): date 20251007 before start date 20260228
[2026-03-04 12:38:14] [INFO] [DATE SKIP] #IO-25 (SHREYAA ENTERPRISES): date 20251007 before start date 20260228
[2026-03-04 12:38:14] [INFO] [DATE SKIP] #IO-26 (SHREYAA ENTERPRISES): date 20251007 before start date 20260228
[2026-03-04 12:38:14] [INFO] [DATE SKIP] #IO-27 (SHREYAA ENTERPRISES): date 20251008 before start date 20260228
[2026-03-04 12:38:14] [INFO] [DATE SKIP] #ARG-4 (SHREYAA ENTERPRISES): date 20251008 before start date 20260228
[2026-03-04 12:38:14] [INFO] [DATE SKIP] #ARG-5 (SHREYAA ENTERPRISES): date 20251008 before start date 20260228
[2026-03-04 12:38:14] [INFO] [DATE SKIP] #CO2-3 (SHREYAA ENTERPRISES): date 20251008 before start date 20260228
[2026-03-04 12:38:14] [INFO] [DATE SKIP] #IO-28 (SHREYAA ENTERPRISES): date 20251008 before start date 20260228
[2026-03-04 12:38:14] [INFO] [DATE SKIP] #IO-29 (SHREYAA ENTERPRISES): date 20251008 before start date 20260228
[2026-03-04 12:38:14] [INFO] [DATE SKIP] #IO-30 (SHREYAA ENTERPRISES): date 20251008 before start date 20260228
[2026-03-04 12:38:14] [INFO] [DATE SKIP] #IO-31 (SHREYAA ENTERPRISES): date 20251008 before start date 20260228
[2026-03-04 12:38:14] [INFO] [DATE SKIP] #IO-32 (SHREYAA ENTERPRISES): date 20251008 before start date 20260228
[2026-03-04 12:38:14] [INFO] [DATE SKIP] #IO-33 (SHREYAA ENTERPRISES): date 20251008 before start date 20260228
[2026-03-04 12:38:14] [INFO] [DATE SKIP] #IO-34 (SHREYAA ENTERPRISES): date 20251008 before start date 20260228
[2026-03-04 12:38:14] [INFO] [DATE SKIP] #IO-35 (SHREYAA ENTERPRISES): date 20251008 before start date 20260228
[2026-03-04 12:38:14] [INFO] [DATE SKIP] #IO-36 (SHREYAA ENTERPRISES): date 20251008 before start date 20260228
[2026-03-04 12:38:14] [INFO] [DATE SKIP] #IO-37 (SHREYAA ENTERPRISES): date 20251008 before start date 20260228
[2026-03-04 12:38:14] [INFO] [DATE SKIP] #IO-38 (SHREYAA ENTERPRISES): date 20251009 before start date 20260228
[2026-03-04 12:38:14] [INFO] [DATE SKIP] #IO-39 (SHREYAA ENTERPRISES): date 20251009 before start date 20260228
[2026-03-04 12:38:14] [INFO] [DATE SKIP] #IO-40 (SHREYAA ENTERPRISES): date 20251009 before start date 20260228
[2026-03-04 12:38:14] [INFO] [DATE SKIP] #IO-41 (SHREYAA ENTERPRISES): date 20251009 before start date 20260228
[2026-03-04 12:38:14] [INFO] [DATE SKIP] #IO-42 (SHREYAA ENTERPRISES): date 20251009 before start date 20260228
[2026-03-04 12:38:14] [INFO] [DATE SKIP] #IO-43 (SHREYAA ENTERPRISES): date 20251009 before start date 20260228
[2026-03-04 12:38:14] [INFO] [DATE SKIP] #IO-44 (SHREYAA ENTERPRISES): date 20251009 before start date 20260228
[2026-03-04 12:38:14] [INFO] [DATE SKIP] #IO-45 (SHREYAA ENTERPRISES): date 20251010 before start date 20260228
[2026-03-04 12:38:14] [INFO] [DATE SKIP] #IO-46 (SHREYAA ENTERPRISES): date 20251010 before start date 20260228
[2026-03-04 12:38:14] [INFO] [DATE SKIP] #IO-47 (SHREYAA ENTERPRISES): date 20251010 before start date 20260228
[2026-03-04 12:38:14] [INFO] [DATE SKIP] #IO-48 (SHREYAA ENTERPRISES): date 20251010 before start date 20260228
[2026-03-04 12:38:14] [INFO] [DATE SKIP] #IO-49 (SHREYAA ENTERPRISES): date 20251010 before start date 20260228
[2026-03-04 12:38:14] [INFO] [DATE SKIP] #IO-50 (SHREYAA ENTERPRISES): date 20251010 before start date 20260228
[2026-03-04 12:38:14] [INFO] [DATE SKIP] #IO-51 (SHREYAA ENTERPRISES): date 20251010 before start date 20260228
[2026-03-04 12:38:14] [INFO] [DATE SKIP] #IO-52 (SHREYAA ENTERPRISES): date 20251010 before start date 20260228
[2026-03-04 12:38:14] [INFO] [DATE SKIP] #IO-54 (SHREYAA ENTERPRISES): date 20251010 before start date 20260228
[2026-03-04 12:38:14] [INFO] [DATE SKIP] #IO-55 (SHREYAA ENTERPRISES): date 20251010 before start date 20260228
[2026-03-04 12:38:14] [INFO] [DATE SKIP] #IO-56 (SHREYAA ENTERPRISES): date 20251010 before start date 20260228
[2026-03-04 12:38:14] [INFO] [DATE SKIP] #IO-57 (SHREYAA ENTERPRISES): date 20251010 before start date 20260228
[2026-03-04 12:38:14] [INFO] [DATE SKIP] #IO-58 (SHREYAA ENTERPRISES): date 20251010 before start date 20260228
[2026-03-04 12:38:14] [INFO] [DATE SKIP] #1 (SHREYAA ENTERPRISES): date 20251010 before start date 20260228
[2026-03-04 12:38:14] [INFO] [DATE SKIP] #IO-59 (SHREYAA ENTERPRISES): date 20251010 before start date 20260228
[2026-03-04 12:38:14] [INFO] [DATE SKIP] #IO-60 (SHREYAA ENTERPRISES): date 20251010 before start date 20260228
[2026-03-04 12:38:14] [INFO] [DATE SKIP] #IO-61 (SHREYAA ENTERPRISES): date 20251010 before start date 20260228
[2026-03-04 12:38:14] [INFO] [DATE SKIP] #IO-62 (SHREYAA ENTERPRISES): date 20251011 before start date 20260228
[2026-03-04 12:38:14] [INFO] [DATE SKIP] #ARG-6 (SHREYAA ENTERPRISES): date 20251011 before start date 20260228
[2026-03-04 12:38:14] [INFO] [DATE SKIP] #IO-63 (SHREYAA ENTERPRISES): date 20251011 before start date 20260228
[2026-03-04 12:38:14] [INFO] [DATE SKIP] #CO2-4 (SHREYAA ENTERPRISES): date 20251011 before start date 20260228
[2026-03-04 12:38:14] [INFO] [DATE SKIP] #IO-64 (SHREYAA ENTERPRISES): date 20251011 before start date 20260228
[2026-03-04 12:38:14] [INFO] [DATE SKIP] #IO-65 (SHREYAA ENTERPRISES): date 20251011 before start date 20260228
[2026-03-04 12:38:14] [INFO] [DATE SKIP] #IO-66 (SHREYAA ENTERPRISES): date 20251011 before start date 20260228
[2026-03-04 12:38:14] [INFO] [DATE SKIP] #IO-68 (SHREYAA ENTERPRISES): date 20251011 before start date 20260228
[2026-03-04 12:38:14] [INFO] [DATE SKIP] #IO-67 (SHREYAA ENTERPRISES): date 20251011 before start date 20260228
[2026-03-04 12:38:14] [INFO] [DATE SKIP] #IO-69 (SHREYAA ENTERPRISES): date 20251011 before start date 20260228
[2026-03-04 12:38:14] [INFO] [DATE SKIP] #IO-70 (SHREYAA ENTERPRISES): date 20251011 before start date 20260228
[2026-03-04 12:38:14] [INFO] [DATE SKIP] #IO-71 (SHREYAA ENTERPRISES): date 20251011 before start date 20260228
[2026-03-04 12:38:14] [INFO] [DATE SKIP] #IO-72 (SHREYAA ENTERPRISES): date 20251011 before start date 20260228
[2026-03-04 12:38:14] [INFO] [DATE SKIP] #IO-73 (SHREYAA ENTERPRISES): date 20251011 before start date 20260228
[2026-03-04 12:38:14] [INFO] [DATE SKIP] #2 (SHREYAA ENTERPRISES): date 20251011 before start date 20260228
[2026-03-04 12:38:14] [INFO] [DATE SKIP] #IO-74 (SHREYAA ENTERPRISES): date 20251011 before start date 20260228
[2026-03-04 12:38:14] [INFO] [DATE SKIP] #IO-75 (SHREYAA ENTERPRISES): date 20251011 before start date 20260228
[2026-03-04 12:38:14] [INFO] [DATE SKIP] #IO-76 (SHREYAA ENTERPRISES): date 20251011 before start date 20260228
[2026-03-04 12:38:14] [INFO] [DATE SKIP] #IO-77 (SHREYAA ENTERPRISES): date 20251011 before start date 20260228
[2026-03-04 12:38:14] [INFO] [DATE SKIP] #IO-78 (SHREYAA ENTERPRISES): date 20251011 before start date 20260228
[2026-03-04 12:38:14] [INFO] [DATE SKIP] #IO-79 (SHREYAA ENTERPRISES): date 20251013 before start date 20260228
[2026-03-04 12:38:14] [INFO] [DATE SKIP] #IO-80 (SHREYAA ENTERPRISES): date 20251013 before start date 20260228
[2026-03-04 12:38:14] [INFO] [DATE SKIP] #IO-81 (SHREYAA ENTERPRISES): date 20251013 before start date 20260228
[2026-03-04 12:38:14] [INFO] [DATE SKIP] #IO-82 (SHREYAA ENTERPRISES): date 20251013 before start date 20260228
[2026-03-04 12:38:15] [INFO] [DATE SKIP] #IO-83 (SHREYAA ENTERPRISES): date 20251013 before start date 20260228
[2026-03-04 12:38:15] [INFO] [DATE SKIP] #IO-84 (SHREYAA ENTERPRISES): date 20251013 before start date 20260228
[2026-03-04 12:38:15] [INFO] [DATE SKIP] #IO-85 (SHREYAA ENTERPRISES): date 20251013 before start date 20260228
[2026-03-04 12:38:15] [INFO] [DATE SKIP] #IO-86 (SHREYAA ENTERPRISES): date 20251013 before start date 20260228
[2026-03-04 12:38:15] [INFO] [DATE SKIP] #CO2-5 (SHREYAA ENTERPRISES): date 20251013 before start date 20260228
[2026-03-04 12:38:15] [INFO] [DATE SKIP] #L2N-2 (SHREYAA ENTERPRISES): date 20251013 before start date 20260228
[2026-03-04 12:38:15] [INFO] [DATE SKIP] #IO-87 (SHREYAA ENTERPRISES): date 20251013 before start date 20260228
[2026-03-04 12:38:15] [INFO] [DATE SKIP] #IO-88 (SHREYAA ENTERPRISES): date 20251013 before start date 20260228
[2026-03-04 12:38:15] [INFO] [DATE SKIP] #IO-89 (SHREYAA ENTERPRISES): date 20251013 before start date 20260228
[2026-03-04 12:38:15] [INFO] [DATE SKIP] #IO-90 (SHREYAA ENTERPRISES): date 20251013 before start date 20260228
[2026-03-04 12:38:15] [INFO] [DATE SKIP] #IO-91 (SHREYAA ENTERPRISES): date 20251013 before start date 20260228
[2026-03-04 12:38:15] [INFO] [DATE SKIP] #IO-95 (SHREYAA ENTERPRISES): date 20251013 before start date 20260228
[2026-03-04 12:38:15] [INFO] [DATE SKIP] #IO-96 (SHREYAA ENTERPRISES): date 20251013 before start date 20260228
[2026-03-04 12:38:15] [INFO] [DATE SKIP] #IO-97 (SHREYAA ENTERPRISES): date 20251013 before start date 20260228
[2026-03-04 12:38:15] [INFO] [DATE SKIP] #CO2-7 (SHREYAA ENTERPRISES): date 20251013 before start date 20260228
[2026-03-04 12:38:15] [INFO] [DATE SKIP] #IO-98 (SHREYAA ENTERPRISES): date 20251013 before start date 20260228
[2026-03-04 12:38:15] [INFO] [DATE SKIP] #IO-99 (SHREYAA ENTERPRISES): date 20251014 before start date 20260228
[2026-03-04 12:38:15] [INFO] [DATE SKIP] #IO-100 (SHREYAA ENTERPRISES): date 20251014 before start date 20260228
[2026-03-04 12:38:15] [INFO] [DATE SKIP] #IO-101 (SHREYAA ENTERPRISES): date 20251014 before start date 20260228
[2026-03-04 12:38:15] [INFO] [DATE SKIP] #IO-102 (SHREYAA ENTERPRISES): date 20251014 before start date 20260228
[2026-03-04 12:38:15] [INFO] [DATE SKIP] #IO-103 (SHREYAA ENTERPRISES): date 20251014 before start date 20260228
[2026-03-04 12:38:15] [INFO] [DATE SKIP] #CO2-8 (SHREYAA ENTERPRISES): date 20251014 before start date 20260228
[2026-03-04 12:38:15] [INFO] [DATE SKIP] #IO-104 (SHREYAA ENTERPRISES): date 20251014 before start date 20260228
[2026-03-04 12:38:15] [INFO] [DATE SKIP] #IO-105 (SHREYAA ENTERPRISES): date 20251014 before start date 20260228
[2026-03-04 12:38:15] [INFO] [DATE SKIP] #IO-106 (SHREYAA ENTERPRISES): date 20251014 before start date 20260228
[2026-03-04 12:38:15] [INFO] [DATE SKIP] #IO-107 (SHREYAA ENTERPRISES): date 20251014 before start date 20260228
[2026-03-04 12:38:15] [INFO] [DATE SKIP] #IO-108 (SHREYAA ENTERPRISES): date 20251014 before start date 20260228
[2026-03-04 12:38:15] [INFO] [DATE SKIP] #IO-109 (SHREYAA ENTERPRISES): date 20251014 before start date 20260228
[2026-03-04 12:38:15] [INFO] [DATE SKIP] #IO-110 (SHREYAA ENTERPRISES): date 20251014 before start date 20260228
[2026-03-04 12:38:15] [INFO] [DATE SKIP] #IO-111 (SHREYAA ENTERPRISES): date 20251014 before start date 20260228
[2026-03-04 12:38:15] [INFO] [DATE SKIP] #IO-112 (SHREYAA ENTERPRISES): date 20251014 before start date 20260228
[2026-03-04 12:38:15] [INFO] [DATE SKIP] #IO-113 (SHREYAA ENTERPRISES): date 20251014 before start date 20260228
[2026-03-04 12:38:15] [INFO] [DATE SKIP] #3 (SHREYAA ENTERPRISES): date 20251014 before start date 20260228
[2026-03-04 12:38:15] [INFO] [DATE SKIP] #IO-114 (SHREYAA ENTERPRISES): date 20251014 before start date 20260228
[2026-03-04 12:38:15] [INFO] [DATE SKIP] #4 (SHREYAA ENTERPRISES): date 20251014 before start date 20260228
[2026-03-04 12:38:15] [INFO] [DATE SKIP] #IO-123 (SHREYAA ENTERPRISES): date 20251015 before start date 20260228
[2026-03-04 12:38:15] [INFO] [DATE SKIP] #IO-115 (SHREYAA ENTERPRISES): date 20251015 before start date 20260228
[2026-03-04 12:38:15] [INFO] [DATE SKIP] #IO-116 (SHREYAA ENTERPRISES): date 20251015 before start date 20260228
[2026-03-04 12:38:15] [INFO] [DATE SKIP] #IO-119 (SHREYAA ENTERPRISES): date 20251015 before start date 20260228
[2026-03-04 12:38:15] [INFO] [DATE SKIP] #IO-120 (SHREYAA ENTERPRISES): date 20251015 before start date 20260228
[2026-03-04 12:38:15] [INFO] [DATE SKIP] #IO-118 (SHREYAA ENTERPRISES): date 20251015 before start date 20260228
[2026-03-04 12:38:15] [INFO] [DATE SKIP] #IO-121 (SHREYAA ENTERPRISES): date 20251015 before start date 20260228
[2026-03-04 12:38:15] [INFO] [DATE SKIP] #IO-117 (SHREYAA ENTERPRISES): date 20251015 before start date 20260228
[2026-03-04 12:38:15] [INFO] [DATE SKIP] #IO-122 (SHREYAA ENTERPRISES): date 20251015 before start date 20260228
[2026-03-04 12:38:15] [INFO] [DATE SKIP] #IO-124 (SHREYAA ENTERPRISES): date 20251015 before start date 20260228
[2026-03-04 12:38:15] [INFO] [DATE SKIP] #L2N-4 (SHREYAA ENTERPRISES): date 20251015 before start date 20260228
[2026-03-04 12:38:15] [INFO] [DATE SKIP] #IO-125 (SHREYAA ENTERPRISES): date 20251016 before start date 20260228
[2026-03-04 12:38:15] [INFO] [DATE SKIP] #IO-126 (SHREYAA ENTERPRISES): date 20251016 before start date 20260228
[2026-03-04 12:38:15] [INFO] [DATE SKIP] #IO-127 (SHREYAA ENTERPRISES): date 20251016 before start date 20260228
[2026-03-04 12:38:15] [INFO] [DATE SKIP] #IO-128 (SHREYAA ENTERPRISES): date 20251016 before start date 20260228
[2026-03-04 12:38:15] [INFO] [DATE SKIP] #IO-129 (SHREYAA ENTERPRISES): date 20251016 before start date 20260228
[2026-03-04 12:38:15] [INFO] [DATE SKIP] #IO-130 (SHREYAA ENTERPRISES): date 20251016 before start date 20260228
[2026-03-04 12:38:15] [INFO] [DATE SKIP] #IO-131 (SHREYAA ENTERPRISES): date 20251016 before start date 20260228
[2026-03-04 12:38:15] [INFO] [DATE SKIP] #IO-132 (SHREYAA ENTERPRISES): date 20251016 before start date 20260228
[2026-03-04 12:38:15] [INFO] [DATE SKIP] #IO-133 (SHREYAA ENTERPRISES): date 20251016 before start date 20260228
[2026-03-04 12:38:15] [INFO] [DATE SKIP] #IO-134 (SHREYAA ENTERPRISES): date 20251016 before start date 20260228
[2026-03-04 12:38:15] [INFO] [DATE SKIP] #IO-135 (SHREYAA ENTERPRISES): date 20251016 before start date 20260228
[2026-03-04 12:38:15] [INFO] [DATE SKIP] #IO-136 (SHREYAA ENTERPRISES): date 20251016 before start date 20260228
[2026-03-04 12:38:15] [INFO] [DATE SKIP] #IO-137 (SHREYAA ENTERPRISES): date 20251016 before start date 20260228
[2026-03-04 12:38:15] [INFO] [DATE SKIP] #IO-138 (SHREYAA ENTERPRISES): date 20251016 before start date 20260228
[2026-03-04 12:38:15] [INFO] [DATE SKIP] #IO-139 (SHREYAA ENTERPRISES): date 20251017 before start date 20260228
[2026-03-04 12:38:15] [INFO] [DATE SKIP] #IO-140 (SHREYAA ENTERPRISES): date 20251017 before start date 20260228
[2026-03-04 12:38:15] [INFO] [DATE SKIP] #IO-141 (SHREYAA ENTERPRISES): date 20251017 before start date 20260228
[2026-03-04 12:38:15] [INFO] [DATE SKIP] #ARG-8 (SHREYAA ENTERPRISES): date 20251017 before start date 20260228
[2026-03-04 12:38:15] [INFO] [DATE SKIP] #IO-142 (SHREYAA ENTERPRISES): date 20251017 before start date 20260228
[2026-03-04 12:38:15] [INFO] [DATE SKIP] #IO-143 (SHREYAA ENTERPRISES): date 20251017 before start date 20260228
[2026-03-04 12:38:15] [INFO] [DATE SKIP] #IO-144 (SHREYAA ENTERPRISES): date 20251017 before start date 20260228
[2026-03-04 12:38:15] [INFO] [DATE SKIP] #L2N-5 (SHREYAA ENTERPRISES): date 20251017 before start date 20260228
[2026-03-04 12:38:15] [INFO] [DATE SKIP] #IO-145 (SHREYAA ENTERPRISES): date 20251017 before start date 20260228
[2026-03-04 12:38:15] [INFO] [DATE SKIP] #IO-146 (SHREYAA ENTERPRISES): date 20251017 before start date 20260228
[2026-03-04 12:38:15] [INFO] [DATE SKIP] #IO-147 (SHREYAA ENTERPRISES): date 20251017 before start date 20260228
[2026-03-04 12:38:15] [INFO] [DATE SKIP] #IO-148 (SHREYAA ENTERPRISES): date 20251017 before start date 20260228
[2026-03-04 12:38:15] [INFO] [DATE SKIP] #IO-149 (SHREYAA ENTERPRISES): date 20251017 before start date 20260228
[2026-03-04 12:38:15] [INFO] [DATE SKIP] #IO-150 (SHREYAA ENTERPRISES): date 20251017 before start date 20260228
[2026-03-04 12:38:15] [INFO] [DATE SKIP] #IO-151 (SHREYAA ENTERPRISES): date 20251017 before start date 20260228
[2026-03-04 12:38:15] [INFO] [DATE SKIP] #5 (SHREYAA ENTERPRISES): date 20251017 before start date 20260228
[2026-03-04 12:38:15] [INFO] [DATE SKIP] #IO-152 (SHREYAA ENTERPRISES): date 20251017 before start date 20260228
[2026-03-04 12:38:15] [INFO] [DATE SKIP] #IO-192 (SHREYAA ENTERPRISES): date 20251017 before start date 20260228
[2026-03-04 12:38:15] [INFO] [DATE SKIP] #IO-193 (SHREYAA ENTERPRISES): date 20251017 before start date 20260228
[2026-03-04 12:38:15] [INFO] [DATE SKIP] #IO-153 (SHREYAA ENTERPRISES): date 20251018 before start date 20260228
[2026-03-04 12:38:15] [INFO] [DATE SKIP] #IO-154 (SHREYAA ENTERPRISES): date 20251018 before start date 20260228
[2026-03-04 12:38:15] [INFO] [DATE SKIP] #IO-155 (SHREYAA ENTERPRISES): date 20251018 before start date 20260228
[2026-03-04 12:38:15] [INFO] [DATE SKIP] #IO-156 (SHREYAA ENTERPRISES): date 20251018 before start date 20260228
[2026-03-04 12:38:15] [INFO] [DATE SKIP] #6 (SHREYAA ENTERPRISES): date 20251018 before start date 20260228
[2026-03-04 12:38:15] [INFO] [DATE SKIP] #7 (SHREYAA ENTERPRISES): date 20251018 before start date 20260228
[2026-03-04 12:38:15] [INFO] [DATE SKIP] #IO-157 (SHREYAA ENTERPRISES): date 20251018 before start date 20260228
[2026-03-04 12:38:15] [INFO] [DATE SKIP] #IO-158 (SHREYAA ENTERPRISES): date 20251022 before start date 20260228
[2026-03-04 12:38:15] [INFO] [DATE SKIP] #IO-159 (SHREYAA ENTERPRISES): date 20251022 before start date 20260228
[2026-03-04 12:38:15] [INFO] [DATE SKIP] #IO-160 (SHREYAA ENTERPRISES): date 20251022 before start date 20260228
[2026-03-04 12:38:15] [INFO] [DATE SKIP] #IO-161 (SHREYAA ENTERPRISES): date 20251022 before start date 20260228
[2026-03-04 12:38:15] [INFO] [DATE SKIP] #IO-162 (SHREYAA ENTERPRISES): date 20251022 before start date 20260228
[2026-03-04 12:38:15] [INFO] [DATE SKIP] #IO-163 (SHREYAA ENTERPRISES): date 20251022 before start date 20260228
[2026-03-04 12:38:15] [INFO] [DATE SKIP] #IO-164 (SHREYAA ENTERPRISES): date 20251022 before start date 20260228
[2026-03-04 12:38:15] [INFO] [DATE SKIP] #IO-165 (SHREYAA ENTERPRISES): date 20251022 before start date 20260228
[2026-03-04 12:38:15] [INFO] [DATE SKIP] #IO-166 (SHREYAA ENTERPRISES): date 20251022 before start date 20260228
[2026-03-04 12:38:15] [INFO] [DATE SKIP] #IO-167 (SHREYAA ENTERPRISES): date 20251023 before start date 20260228
[2026-03-04 12:38:15] [INFO] [DATE SKIP] #IO-168 (SHREYAA ENTERPRISES): date 20251023 before start date 20260228
[2026-03-04 12:38:15] [INFO] [DATE SKIP] #IO-169 (SHREYAA ENTERPRISES): date 20251023 before start date 20260228
[2026-03-04 12:38:15] [INFO] [DATE SKIP] #IO-170 (SHREYAA ENTERPRISES): date 20251023 before start date 20260228
[2026-03-04 12:38:15] [INFO] [DATE SKIP] #IO-171 (SHREYAA ENTERPRISES): date 20251023 before start date 20260228
[2026-03-04 12:38:15] [INFO] [DATE SKIP] #IO-172 (SHREYAA ENTERPRISES): date 20251023 before start date 20260228
[2026-03-04 12:38:15] [INFO] [DATE SKIP] #IO-173 (SHREYAA ENTERPRISES): date 20251023 before start date 20260228
[2026-03-04 12:38:15] [INFO] [DATE SKIP] #IO-174 (SHREYAA ENTERPRISES): date 20251024 before start date 20260228
[2026-03-04 12:38:15] [INFO] [DATE SKIP] #IO-175 (SHREYAA ENTERPRISES): date 20251024 before start date 20260228
[2026-03-04 12:38:15] [INFO] [DATE SKIP] #IO-176 (SHREYAA ENTERPRISES): date 20251024 before start date 20260228
[2026-03-04 12:38:15] [INFO] [DATE SKIP] #IO-177 (SHREYAA ENTERPRISES): date 20251024 before start date 20260228
[2026-03-04 12:38:15] [INFO] [DATE SKIP] #IO-178 (SHREYAA ENTERPRISES): date 20251024 before start date 20260228
[2026-03-04 12:38:15] [INFO] [DATE SKIP] #IO-179 (SHREYAA ENTERPRISES): date 20251024 before start date 20260228
[2026-03-04 12:38:15] [INFO] [DATE SKIP] #IO-180 (SHREYAA ENTERPRISES): date 20251024 before start date 20260228
[2026-03-04 12:38:15] [INFO] [DATE SKIP] #L2N-6 (SHREYAA ENTERPRISES): date 20251024 before start date 20260228
[2026-03-04 12:38:15] [INFO] [DATE SKIP] #IO-181 (SHREYAA ENTERPRISES): date 20251024 before start date 20260228
[2026-03-04 12:38:15] [INFO] [DATE SKIP] #IO-182 (SHREYAA ENTERPRISES): date 20251024 before start date 20260228
[2026-03-04 12:38:15] [INFO] [DATE SKIP] #IO-183 (SHREYAA ENTERPRISES): date 20251024 before start date 20260228
[2026-03-04 12:38:15] [INFO] [DATE SKIP] #IO-184 (SHREYAA ENTERPRISES): date 20251024 before start date 20260228
[2026-03-04 12:38:15] [INFO] [DATE SKIP] #IO-185 (SHREYAA ENTERPRISES): date 20251024 before start date 20260228
[2026-03-04 12:38:15] [INFO] [DATE SKIP] #IO-186 (SHREYAA ENTERPRISES): date 20251024 before start date 20260228
[2026-03-04 12:38:15] [INFO] [DATE SKIP] #IO-187 (SHREYAA ENTERPRISES): date 20251024 before start date 20260228
[2026-03-04 12:38:15] [INFO] [DATE SKIP] #IO-188 (SHREYAA ENTERPRISES): date 20251025 before start date 20260228
[2026-03-04 12:38:15] [INFO] [DATE SKIP] #IO-189 (SHREYAA ENTERPRISES): date 20251025 before start date 20260228
[2026-03-04 12:38:15] [INFO] [DATE SKIP] #IO-190 (SHREYAA ENTERPRISES): date 20251025 before start date 20260228
[2026-03-04 12:38:15] [INFO] [DATE SKIP] #IO-191 (SHREYAA ENTERPRISES): date 20251025 before start date 20260228
[2026-03-04 12:38:15] [INFO] [DATE SKIP] #CO2-9 (SHREYAA ENTERPRISES): date 20251025 before start date 20260228
[2026-03-04 12:38:15] [INFO] [DATE SKIP] #IO-194 (SHREYAA ENTERPRISES): date 20251025 before start date 20260228
[2026-03-04 12:38:15] [INFO] [DATE SKIP] #IO-195 (SHREYAA ENTERPRISES): date 20251025 before start date 20260228
[2026-03-04 12:38:15] [INFO] [DATE SKIP] #IO-196 (SHREYAA ENTERPRISES): date 20251025 before start date 20260228
[2026-03-04 12:38:15] [INFO] [DATE SKIP] #IO-197 (SHREYAA ENTERPRISES): date 20251025 before start date 20260228
[2026-03-04 12:38:15] [INFO] [DATE SKIP] #IO-198 (SHREYAA ENTERPRISES): date 20251025 before start date 20260228
[2026-03-04 12:38:15] [INFO] [DATE SKIP] #IO-199 (SHREYAA ENTERPRISES): date 20251025 before start date 20260228
[2026-03-04 12:38:15] [INFO] [DATE SKIP] #IO-200 (SHREYAA ENTERPRISES): date 20251025 before start date 20260228
[2026-03-04 12:38:15] [INFO] [DATE SKIP] #CO2-10 (SHREYAA ENTERPRISES): date 20251025 before start date 20260228
[2026-03-04 12:38:15] [INFO] [DATE SKIP] #IO-201 (SHREYAA ENTERPRISES): date 20251025 before start date 20260228
[2026-03-04 12:38:15] [INFO] [DATE SKIP] #IO-202 (SHREYAA ENTERPRISES): date 20251027 before start date 20260228
[2026-03-04 12:38:15] [INFO] [DATE SKIP] #IO-203 (SHREYAA ENTERPRISES): date 20251027 before start date 20260228
[2026-03-04 12:38:15] [INFO] [DATE SKIP] #IO-204 (SHREYAA ENTERPRISES): date 20251027 before start date 20260228
[2026-03-04 12:38:15] [INFO] [DATE SKIP] #IO-205 (SHREYAA ENTERPRISES): date 20251027 before start date 20260228
[2026-03-04 12:38:15] [INFO] [DATE SKIP] #IO-206 (SHREYAA ENTERPRISES): date 20251027 before start date 20260228
[2026-03-04 12:38:15] [INFO] [DATE SKIP] #ARG-10 (SHREYAA ENTERPRISES): date 20251027 before start date 20260228
[2026-03-04 12:38:15] [INFO] [DATE SKIP] #IO-207 (SHREYAA ENTERPRISES): date 20251027 before start date 20260228
[2026-03-04 12:38:15] [INFO] [DATE SKIP] #IO-208 (SHREYAA ENTERPRISES): date 20251027 before start date 20260228
[2026-03-04 12:38:15] [INFO] [DATE SKIP] #IO-209 (SHREYAA ENTERPRISES): date 20251027 before start date 20260228
[2026-03-04 12:38:15] [INFO] [DATE SKIP] #IO-210 (SHREYAA ENTERPRISES): date 20251027 before start date 20260228
[2026-03-04 12:38:15] [INFO] [DATE SKIP] #IO-211 (SHREYAA ENTERPRISES): date 20251027 before start date 20260228
[2026-03-04 12:38:15] [INFO] [DATE SKIP] #8 (SHREYAA ENTERPRISES): date 20251027 before start date 20260228
[2026-03-04 12:38:15] [INFO] [DATE SKIP] #IO-212 (SHREYAA ENTERPRISES): date 20251028 before start date 20260228
[2026-03-04 12:38:15] [INFO] [DATE SKIP] #IO-213 (SHREYAA ENTERPRISES): date 20251028 before start date 20260228
[2026-03-04 12:38:15] [INFO] [DATE SKIP] #IO-214 (SHREYAA ENTERPRISES): date 20251028 before start date 20260228
[2026-03-04 12:38:15] [INFO] [DATE SKIP] #IO-215 (SHREYAA ENTERPRISES): date 20251028 before start date 20260228
[2026-03-04 12:38:15] [INFO] [DATE SKIP] #IO-216 (SHREYAA ENTERPRISES): date 20251028 before start date 20260228
[2026-03-04 12:38:15] [INFO] [DATE SKIP] #IO-217 (SHREYAA ENTERPRISES): date 20251028 before start date 20260228
[2026-03-04 12:38:15] [INFO] [DATE SKIP] #IO-218 (SHREYAA ENTERPRISES): date 20251028 before start date 20260228
[2026-03-04 12:38:15] [INFO] [DATE SKIP] #IO-219 (SHREYAA ENTERPRISES): date 20251028 before start date 20260228
[2026-03-04 12:38:15] [INFO] [DATE SKIP] #IO-220 (SHREYAA ENTERPRISES): date 20251028 before start date 20260228
[2026-03-04 12:38:15] [INFO] [DATE SKIP] #IO-221 (SHREYAA ENTERPRISES): date 20251028 before start date 20260228
[2026-03-04 12:38:15] [INFO] [DATE SKIP] #IO-222 (SHREYAA ENTERPRISES): date 20251028 before start date 20260228
[2026-03-04 12:38:15] [INFO] [DATE SKIP] #IO-223 (SHREYAA ENTERPRISES): date 20251028 before start date 20260228
[2026-03-04 12:38:15] [INFO] [DATE SKIP] #IO-224 (SHREYAA ENTERPRISES): date 20251028 before start date 20260228
[2026-03-04 12:38:15] [INFO] [DATE SKIP] #IO-225 (SHREYAA ENTERPRISES): date 20251028 before start date 20260228
[2026-03-04 12:38:15] [INFO] [DATE SKIP] #IOP-2 (SHREYAA ENTERPRISES): date 20251029 before start date 20260228
[2026-03-04 12:38:15] [INFO] [DATE SKIP] #IO-226 (SHREYAA ENTERPRISES): date 20251029 before start date 20260228
[2026-03-04 12:38:15] [INFO] [DATE SKIP] #IO-227 (SHREYAA ENTERPRISES): date 20251029 before start date 20260228
[2026-03-04 12:38:15] [INFO] [DATE SKIP] #IO-228 (SHREYAA ENTERPRISES): date 20251029 before start date 20260228
[2026-03-04 12:38:15] [INFO] [DATE SKIP] #IO-229 (SHREYAA ENTERPRISES): date 20251029 before start date 20260228
[2026-03-04 12:38:15] [INFO] [DATE SKIP] #IO-230 (SHREYAA ENTERPRISES): date 20251029 before start date 20260228
[2026-03-04 12:38:15] [INFO] [DATE SKIP] #ARG-11 (SHREYAA ENTERPRISES): date 20251029 before start date 20260228
[2026-03-04 12:38:15] [INFO] [DATE SKIP] #IO-231 (SHREYAA ENTERPRISES): date 20251029 before start date 20260228
[2026-03-04 12:38:15] [INFO] [DATE SKIP] #IO-232 (SHREYAA ENTERPRISES): date 20251029 before start date 20260228
[2026-03-04 12:38:15] [INFO] [DATE SKIP] #IO-233 (SHREYAA ENTERPRISES): date 20251029 before start date 20260228
[2026-03-04 12:38:15] [INFO] [DATE SKIP] #IO-234 (SHREYAA ENTERPRISES): date 20251029 before start date 20260228
[2026-03-04 12:38:15] [INFO] [DATE SKIP] #IO-235 (SHREYAA ENTERPRISES): date 20251029 before start date 20260228
[2026-03-04 12:38:15] [INFO] [DATE SKIP] #IO-236 (SHREYAA ENTERPRISES): date 20251029 before start date 20260228
[2026-03-04 12:38:15] [INFO] [DATE SKIP] #IO-239 (SHREYAA ENTERPRISES): date 20251029 before start date 20260228
[2026-03-04 12:38:15] [INFO] [DATE SKIP] #IO-240 (SHREYAA ENTERPRISES): date 20251029 before start date 20260228
[2026-03-04 12:38:15] [INFO] [DATE SKIP] #IO-241 (SHREYAA ENTERPRISES): date 20251029 before start date 20260228
[2026-03-04 12:38:15] [INFO] [DATE SKIP] #IO-242 (SHREYAA ENTERPRISES): date 20251029 before start date 20260228
[2026-03-04 12:38:15] [INFO] [DATE SKIP] #IO-243 (SHREYAA ENTERPRISES): date 20251029 before start date 20260228
[2026-03-04 12:38:15] [INFO] [DATE SKIP] #IO-244 (SHREYAA ENTERPRISES): date 20251029 before start date 20260228
[2026-03-04 12:38:15] [INFO] [DATE SKIP] #IO-245 (SHREYAA ENTERPRISES): date 20251029 before start date 20260228
[2026-03-04 12:38:15] [INFO] [DATE SKIP] #IOP-3 (SHREYAA ENTERPRISES): date 20251029 before start date 20260228
[2026-03-04 12:38:15] [INFO] [DATE SKIP] #IOP-4 (SHREYAA ENTERPRISES): date 20251029 before start date 20260228
[2026-03-04 12:38:15] [INFO] [DATE SKIP] #IO-281 (SHREYAA ENTERPRISES): date 20251029 before start date 20260228
[2026-03-04 12:38:15] [INFO] [DATE SKIP] #ARG-12 (SHREYAA ENTERPRISES): date 20251030 before start date 20260228
[2026-03-04 12:38:15] [INFO] [DATE SKIP] #IO-246 (SHREYAA ENTERPRISES): date 20251030 before start date 20260228
[2026-03-04 12:38:15] [INFO] [DATE SKIP] #IO-247 (SHREYAA ENTERPRISES): date 20251030 before start date 20260228
[2026-03-04 12:38:15] [INFO] [DATE SKIP] #IO-248 (SHREYAA ENTERPRISES): date 20251030 before start date 20260228
[2026-03-04 12:38:15] [INFO] [DATE SKIP] #IO-249 (SHREYAA ENTERPRISES): date 20251030 before start date 20260228
[2026-03-04 12:38:15] [INFO] [DATE SKIP] #IO-251 (SHREYAA ENTERPRISES): date 20251030 before start date 20260228
[2026-03-04 12:38:15] [INFO] [DATE SKIP] #IO-252 (SHREYAA ENTERPRISES): date 20251030 before start date 20260228
[2026-03-04 12:38:15] [INFO] [DATE SKIP] #IO-253 (SHREYAA ENTERPRISES): date 20251030 before start date 20260228
[2026-03-04 12:38:15] [INFO] [DATE SKIP] #IO-254 (SHREYAA ENTERPRISES): date 20251030 before start date 20260228
[2026-03-04 12:38:15] [INFO] [DATE SKIP] #IO-255 (SHREYAA ENTERPRISES): date 20251030 before start date 20260228
[2026-03-04 12:38:15] [INFO] [DATE SKIP] #IO-256 (SHREYAA ENTERPRISES): date 20251030 before start date 20260228
[2026-03-04 12:38:15] [INFO] [DATE SKIP] #IO-257 (SHREYAA ENTERPRISES): date 20251030 before start date 20260228
[2026-03-04 12:38:15] [INFO] [DATE SKIP] #9 (SHREYAA ENTERPRISES): date 20251030 before start date 20260228
[2026-03-04 12:38:15] [INFO] [DATE SKIP] #LPG-1 (SHREYAA ENTERPRISES): date 20251030 before start date 20260228
[2026-03-04 12:38:15] [INFO] [DATE SKIP] #IO-258 (SHREYAA ENTERPRISES): date 20251030 before start date 20260228
[2026-03-04 12:38:15] [INFO] [DATE SKIP] #IO-259 (SHREYAA ENTERPRISES): date 20251030 before start date 20260228
[2026-03-04 12:38:15] [INFO] [DATE SKIP] #IO-260 (SHREYAA ENTERPRISES): date 20251030 before start date 20260228
[2026-03-04 12:38:15] [INFO] [DATE SKIP] #IO-261 (SHREYAA ENTERPRISES): date 20251030 before start date 20260228
[2026-03-04 12:38:15] [INFO] [DATE SKIP] #IO-262 (SHREYAA ENTERPRISES): date 20251031 before start date 20260228
[2026-03-04 12:38:15] [INFO] [DATE SKIP] #IO-263 (SHREYAA ENTERPRISES): date 20251031 before start date 20260228
[2026-03-04 12:38:15] [INFO] [DATE SKIP] #IO-264 (SHREYAA ENTERPRISES): date 20251031 before start date 20260228
[2026-03-04 12:38:15] [INFO] [DATE SKIP] #IO-265 (SHREYAA ENTERPRISES): date 20251031 before start date 20260228
[2026-03-04 12:38:15] [INFO] [DATE SKIP] #IO-266 (SHREYAA ENTERPRISES): date 20251031 before start date 20260228
[2026-03-04 12:38:15] [INFO] [DATE SKIP] #IO-267 (SHREYAA ENTERPRISES): date 20251031 before start date 20260228
[2026-03-04 12:38:15] [INFO] [DATE SKIP] #IO-268 (SHREYAA ENTERPRISES): date 20251031 before start date 20260228
[2026-03-04 12:38:15] [INFO] [DATE SKIP] #IO-269 (SHREYAA ENTERPRISES): date 20251031 before start date 20260228
[2026-03-04 12:38:15] [INFO] [DATE SKIP] #IO-270 (SHREYAA ENTERPRISES): date 20251031 before start date 20260228
[2026-03-04 12:38:15] [INFO] [DATE SKIP] #IO-271 (SHREYAA ENTERPRISES): date 20251031 before start date 20260228
[2026-03-04 12:38:15] [INFO] [DATE SKIP] #IO-272 (SHREYAA ENTERPRISES): date 20251031 before start date 20260228
[2026-03-04 12:38:15] [INFO] [DATE SKIP] #IO-273 (SHREYAA ENTERPRISES): date 20251031 before start date 20260228
[2026-03-04 12:38:15] [INFO] [DATE SKIP] #IO-274 (SHREYAA ENTERPRISES): date 20251031 before start date 20260228
[2026-03-04 12:38:15] [INFO] [DATE SKIP] #IO-275 (SHREYAA ENTERPRISES): date 20251031 before start date 20260228
[2026-03-04 12:38:15] [INFO] [DATE SKIP] #IO-276 (SHREYAA ENTERPRISES): date 20251031 before start date 20260228
[2026-03-04 12:38:15] [INFO] [DATE SKIP] #IO-277 (SHREYAA ENTERPRISES): date 20251031 before start date 20260228
[2026-03-04 12:38:15] [INFO] [DATE SKIP] #IO-278 (SHREYAA ENTERPRISES): date 20251031 before start date 20260228
[2026-03-04 12:38:15] [INFO] [DATE SKIP] #IO-279 (SHREYAA ENTERPRISES): date 20251101 before start date 20260228
[2026-03-04 12:38:15] [INFO] [DATE SKIP] #IO-280 (SHREYAA ENTERPRISES): date 20251101 before start date 20260228
[2026-03-04 12:38:15] [INFO] [DATE SKIP] #IO-282 (SHREYAA ENTERPRISES): date 20251101 before start date 20260228
[2026-03-04 12:38:15] [INFO] [DATE SKIP] #IO-283 (SHREYAA ENTERPRISES): date 20251101 before start date 20260228
[2026-03-04 12:38:15] [INFO] [DATE SKIP] #IO-284 (SHREYAA ENTERPRISES): date 20251101 before start date 20260228
[2026-03-04 12:38:15] [INFO] [DATE SKIP] #IO-285 (SHREYAA ENTERPRISES): date 20251101 before start date 20260228
[2026-03-04 12:38:15] [INFO] [DATE SKIP] #IO-286 (SHREYAA ENTERPRISES): date 20251101 before start date 20260228
[2026-03-04 12:38:15] [INFO] [DATE SKIP] #IO-287 (SHREYAA ENTERPRISES): date 20251101 before start date 20260228
[2026-03-04 12:38:15] [INFO] [DATE SKIP] #IO-288 (SHREYAA ENTERPRISES): date 20251101 before start date 20260228
[2026-03-04 12:38:15] [INFO] [DATE SKIP] #IO-289 (SHREYAA ENTERPRISES): date 20251101 before start date 20260228
[2026-03-04 12:38:15] [INFO] [DATE SKIP] #10 (SHREYAA ENTERPRISES): date 20251101 before start date 20260228
[2026-03-04 12:38:15] [INFO] [DATE SKIP] #IO-293 (SHREYAA ENTERPRISES): date 20251103 before start date 20260228
[2026-03-04 12:38:15] [INFO] [DATE SKIP] #CO2-11 (SHREYAA ENTERPRISES): date 20251103 before start date 20260228
[2026-03-04 12:38:15] [INFO] [DATE SKIP] #ARG-13 (SHREYAA ENTERPRISES): date 20251103 before start date 20260228
[2026-03-04 12:38:15] [INFO] [DATE SKIP] #IO-294 (SHREYAA ENTERPRISES): date 20251103 before start date 20260228
[2026-03-04 12:38:15] [INFO] [DATE SKIP] #IO-290 (SHREYAA ENTERPRISES): date 20251103 before start date 20260228
[2026-03-04 12:38:15] [INFO] [DATE SKIP] #IO-291 (SHREYAA ENTERPRISES): date 20251103 before start date 20260228
[2026-03-04 12:38:15] [INFO] [DATE SKIP] #IO-292 (SHREYAA ENTERPRISES): date 20251103 before start date 20260228
[2026-03-04 12:38:15] [INFO] [DATE SKIP] #IO-295 (SHREYAA ENTERPRISES): date 20251103 before start date 20260228
[2026-03-04 12:38:15] [INFO] [DATE SKIP] #IO-296 (SHREYAA ENTERPRISES): date 20251103 before start date 20260228
[2026-03-04 12:38:15] [INFO] [DATE SKIP] #IO-297 (SHREYAA ENTERPRISES): date 20251103 before start date 20260228
[2026-03-04 12:38:15] [INFO] [DATE SKIP] #IO-298 (SHREYAA ENTERPRISES): date 20251103 before start date 20260228
[2026-03-04 12:38:15] [INFO] [DATE SKIP] #IO-299 (SHREYAA ENTERPRISES): date 20251103 before start date 20260228
[2026-03-04 12:38:15] [INFO] [DATE SKIP] #IO-300 (SHREYAA ENTERPRISES): date 20251103 before start date 20260228
[2026-03-04 12:38:15] [INFO] [DATE SKIP] #IO-301 (SHREYAA ENTERPRISES): date 20251103 before start date 20260228
[2026-03-04 12:38:15] [INFO] [DATE SKIP] #IO-302 (SHREYAA ENTERPRISES): date 20251103 before start date 20260228
[2026-03-04 12:38:15] [INFO] [DATE SKIP] #IO-303 (SHREYAA ENTERPRISES): date 20251103 before start date 20260228
[2026-03-04 12:38:15] [INFO] [DATE SKIP] #IO-304 (SHREYAA ENTERPRISES): date 20251103 before start date 20260228
[2026-03-04 12:38:15] [INFO] [DATE SKIP] #IO-305 (SHREYAA ENTERPRISES): date 20251103 before start date 20260228
[2026-03-04 12:38:15] [INFO] [DATE SKIP] #CO2-13 (SHREYAA ENTERPRISES): date 20251103 before start date 20260228
[2026-03-04 12:38:15] [INFO] [DATE SKIP] #IO-306 (SHREYAA ENTERPRISES): date 20251104 before start date 20260228
[2026-03-04 12:38:15] [INFO] [DATE SKIP] #IO-307 (SHREYAA ENTERPRISES): date 20251104 before start date 20260228
[2026-03-04 12:38:15] [INFO] [DATE SKIP] #IO-308 (SHREYAA ENTERPRISES): date 20251104 before start date 20260228
[2026-03-04 12:38:15] [INFO] [DATE SKIP] #IO-309 (SHREYAA ENTERPRISES): date 20251104 before start date 20260228
[2026-03-04 12:38:15] [INFO] [DATE SKIP] #CO2-12 (SHREYAA ENTERPRISES): date 20251104 before start date 20260228
[2026-03-04 12:38:15] [INFO] [DATE SKIP] #IO-310 (SHREYAA ENTERPRISES): date 20251104 before start date 20260228
[2026-03-04 12:38:15] [INFO] [DATE SKIP] #IO-311 (SHREYAA ENTERPRISES): date 20251104 before start date 20260228
[2026-03-04 12:38:15] [INFO] [DATE SKIP] #IO-312 (SHREYAA ENTERPRISES): date 20251104 before start date 20260228
[2026-03-04 12:38:15] [INFO] [DATE SKIP] #IO-313 (SHREYAA ENTERPRISES): date 20251104 before start date 20260228
[2026-03-04 12:38:15] [INFO] [DATE SKIP] #IO-314 (SHREYAA ENTERPRISES): date 20251104 before start date 20260228
[2026-03-04 12:38:15] [INFO] [DATE SKIP] #IO-315 (SHREYAA ENTERPRISES): date 20251104 before start date 20260228
[2026-03-04 12:38:15] [INFO] [DATE SKIP] #IO-316 (SHREYAA ENTERPRISES): date 20251104 before start date 20260228
[2026-03-04 12:38:15] [INFO] [DATE SKIP] #IO-317 (SHREYAA ENTERPRISES): date 20251104 before start date 20260228
[2026-03-04 12:38:15] [INFO] [DATE SKIP] #IO-318 (SHREYAA ENTERPRISES): date 20251104 before start date 20260228
[2026-03-04 12:38:15] [INFO] [DATE SKIP] #IO-319 (SHREYAA ENTERPRISES): date 20251104 before start date 20260228
[2026-03-04 12:38:15] [INFO] [DATE SKIP] #IO-320 (SHREYAA ENTERPRISES): date 20251104 before start date 20260228
[2026-03-04 12:38:15] [INFO] [DATE SKIP] #IO-321 (SHREYAA ENTERPRISES): date 20251104 before start date 20260228
[2026-03-04 12:38:15] [INFO] [DATE SKIP] #IO-322 (SHREYAA ENTERPRISES): date 20251104 before start date 20260228
[2026-03-04 12:38:15] [INFO] [DATE SKIP] #IO-323 (SHREYAA ENTERPRISES): date 20251104 before start date 20260228
[2026-03-04 12:38:15] [INFO] [DATE SKIP] #IO-324 (SHREYAA ENTERPRISES): date 20251104 before start date 20260228
[2026-03-04 12:38:15] [INFO] [DATE SKIP] #IO-325 (SHREYAA ENTERPRISES): date 20251104 before start date 20260228
[2026-03-04 12:38:15] [INFO] [DATE SKIP] #IO-326 (SHREYAA ENTERPRISES): date 20251105 before start date 20260228
[2026-03-04 12:38:15] [INFO] [DATE SKIP] #IO-327 (SHREYAA ENTERPRISES): date 20251105 before start date 20260228
[2026-03-04 12:38:15] [INFO] [DATE SKIP] #ARG-14 (SHREYAA ENTERPRISES): date 20251105 before start date 20260228
[2026-03-04 12:38:15] [INFO] [DATE SKIP] #IO-328 (SHREYAA ENTERPRISES): date 20251105 before start date 20260228
[2026-03-04 12:38:15] [INFO] [DATE SKIP] #IO-329 (SHREYAA ENTERPRISES): date 20251105 before start date 20260228
[2026-03-04 12:38:15] [INFO] [DATE SKIP] #CO2-14 (SHREYAA ENTERPRISES): date 20251105 before start date 20260228
[2026-03-04 12:38:15] [INFO] [DATE SKIP] #11 (SHREYAA ENTERPRISES): date 20251105 before start date 20260228
[2026-03-04 12:38:15] [INFO] [DATE SKIP] #12 (SHREYAA ENTERPRISES): date 20251105 before start date 20260228
[2026-03-04 12:38:15] [INFO] [DATE SKIP] #13 (SHREYAA ENTERPRISES): date 20251105 before start date 20260228
[2026-03-04 12:38:15] [INFO] [DATE SKIP] #14 (SHREYAA ENTERPRISES): date 20251105 before start date 20260228
[2026-03-04 12:38:15] [INFO] [DATE SKIP] #15 (SHREYAA ENTERPRISES): date 20251105 before start date 20260228
[2026-03-04 12:38:15] [INFO] [DATE SKIP] #IO-330 (SHREYAA ENTERPRISES): date 20251105 before start date 20260228
[2026-03-04 12:38:15] [INFO] [DATE SKIP] #ARG-15 (SHREYAA ENTERPRISES): date 20251105 before start date 20260228
[2026-03-04 12:38:15] [INFO] [DATE SKIP] #IO-331 (SHREYAA ENTERPRISES): date 20251105 before start date 20260228
[2026-03-04 12:38:15] [INFO] [DATE SKIP] #CO2-15 (SHREYAA ENTERPRISES): date 20251105 before start date 20260228
[2026-03-04 12:38:15] [INFO] [DATE SKIP] #IO-332 (SHREYAA ENTERPRISES): date 20251105 before start date 20260228
[2026-03-04 12:38:15] [INFO] [DATE SKIP] #IO-333 (SHREYAA ENTERPRISES): date 20251106 before start date 20260228
[2026-03-04 12:38:15] [INFO] [DATE SKIP] #IO-334 (SHREYAA ENTERPRISES): date 20251106 before start date 20260228
[2026-03-04 12:38:15] [INFO] [DATE SKIP] #IO-335 (SHREYAA ENTERPRISES): date 20251106 before start date 20260228
[2026-03-04 12:38:15] [INFO] [DATE SKIP] #IO-336 (SHREYAA ENTERPRISES): date 20251106 before start date 20260228
[2026-03-04 12:38:15] [INFO] [DATE SKIP] #IO-337 (SHREYAA ENTERPRISES): date 20251106 before start date 20260228
[2026-03-04 12:38:15] [INFO] [DATE SKIP] #IO-338 (SHREYAA ENTERPRISES): date 20251106 before start date 20260228
[2026-03-04 12:38:15] [INFO] [DATE SKIP] #IO-339 (SHREYAA ENTERPRISES): date 20251106 before start date 20260228
[2026-03-04 12:38:15] [INFO] [DATE SKIP] #IO-340 (SHREYAA ENTERPRISES): date 20251106 before start date 20260228
[2026-03-04 12:38:15] [INFO] [DATE SKIP] #IO-341 (SHREYAA ENTERPRISES): date 20251106 before start date 20260228
[2026-03-04 12:38:15] [INFO] [DATE SKIP] #IO-342 (SHREYAA ENTERPRISES): date 20251106 before start date 20260228
[2026-03-04 12:38:15] [INFO] [DATE SKIP] #IO-343 (SHREYAA ENTERPRISES): date 20251106 before start date 20260228
[2026-03-04 12:38:15] [INFO] [DATE SKIP] #IO-344 (SHREYAA ENTERPRISES): date 20251106 before start date 20260228
[2026-03-04 12:38:15] [INFO] [DATE SKIP] #IO-345 (SHREYAA ENTERPRISES): date 20251106 before start date 20260228
[2026-03-04 12:38:15] [INFO] [DATE SKIP] #IO-346 (SHREYAA ENTERPRISES): date 20251106 before start date 20260228
[2026-03-04 12:38:15] [INFO] [DATE SKIP] #IO-347 (SHREYAA ENTERPRISES): date 20251107 before start date 20260228
[2026-03-04 12:38:15] [INFO] [DATE SKIP] #IO-348 (SHREYAA ENTERPRISES): date 20251107 before start date 20260228
[2026-03-04 12:38:15] [INFO] [DATE SKIP] #IO-349 (SHREYAA ENTERPRISES): date 20251107 before start date 20260228
[2026-03-04 12:38:15] [INFO] [DATE SKIP] #IO-350 (SHREYAA ENTERPRISES): date 20251107 before start date 20260228
[2026-03-04 12:38:15] [INFO] [DATE SKIP] #IO-351 (SHREYAA ENTERPRISES): date 20251107 before start date 20260228
[2026-03-04 12:38:15] [INFO] [DATE SKIP] #IO-352 (SHREYAA ENTERPRISES): date 20251107 before start date 20260228
[2026-03-04 12:38:15] [INFO] [DATE SKIP] #IO-353 (SHREYAA ENTERPRISES): date 20251107 before start date 20260228
[2026-03-04 12:38:15] [INFO] [DATE SKIP] #IO-354 (SHREYAA ENTERPRISES): date 20251107 before start date 20260228
[2026-03-04 12:38:15] [INFO] [DATE SKIP] #IO-355 (SHREYAA ENTERPRISES): date 20251107 before start date 20260228
[2026-03-04 12:38:15] [INFO] [DATE SKIP] #IO-356 (SHREYAA ENTERPRISES): date 20251107 before start date 20260228
[2026-03-04 12:38:15] [INFO] [DATE SKIP] #IO-357 (SHREYAA ENTERPRISES): date 20251107 before start date 20260228
[2026-03-04 12:38:15] [INFO] [DATE SKIP] #ARG-16 (SHREYAA ENTERPRISES): date 20251107 before start date 20260228
[2026-03-04 12:38:15] [INFO] [DATE SKIP] #CO2-16 (SHREYAA ENTERPRISES): date 20251107 before start date 20260228
[2026-03-04 12:38:15] [INFO] [DATE SKIP] #IO-358 (SHREYAA ENTERPRISES): date 20251107 before start date 20260228
[2026-03-04 12:38:15] [INFO] [DATE SKIP] #IO-359 (SHREYAA ENTERPRISES): date 20251107 before start date 20260228
[2026-03-04 12:38:15] [INFO] [DATE SKIP] #IO-360 (SHREYAA ENTERPRISES): date 20251107 before start date 20260228
[2026-03-04 12:38:15] [INFO] [DATE SKIP] #IO-361 (SHREYAA ENTERPRISES): date 20251107 before start date 20260228
[2026-03-04 12:38:15] [INFO] [DATE SKIP] #CO2-17 (SHREYAA ENTERPRISES): date 20251107 before start date 20260228
[2026-03-04 12:38:15] [INFO] [DATE SKIP] #IO-363 (SHREYAA ENTERPRISES): date 20251108 before start date 20260228
[2026-03-04 12:38:15] [INFO] [DATE SKIP] #IO-364 (SHREYAA ENTERPRISES): date 20251108 before start date 20260228
[2026-03-04 12:38:15] [INFO] [DATE SKIP] #IO-365 (SHREYAA ENTERPRISES): date 20251108 before start date 20260228
[2026-03-04 12:38:15] [INFO] [DATE SKIP] #ARG-17 (SHREYAA ENTERPRISES): date 20251108 before start date 20260228
[2026-03-04 12:38:15] [INFO] [DATE SKIP] #IO-366 (SHREYAA ENTERPRISES): date 20251108 before start date 20260228
[2026-03-04 12:38:15] [INFO] [DATE SKIP] #IO-367 (SHREYAA ENTERPRISES): date 20251108 before start date 20260228
[2026-03-04 12:38:15] [INFO] [DATE SKIP] #IO-368 (SHREYAA ENTERPRISES): date 20251108 before start date 20260228
[2026-03-04 12:38:15] [INFO] [DATE SKIP] #IO-369 (SHREYAA ENTERPRISES): date 20251108 before start date 20260228
[2026-03-04 12:38:15] [INFO] [DATE SKIP] #IO-370 (SHREYAA ENTERPRISES): date 20251108 before start date 20260228
[2026-03-04 12:38:15] [INFO] [DATE SKIP] #IO-371 (SHREYAA ENTERPRISES): date 20251108 before start date 20260228
[2026-03-04 12:38:15] [INFO] [DATE SKIP] #IO-372 (SHREYAA ENTERPRISES): date 20251108 before start date 20260228
[2026-03-04 12:38:15] [INFO] [DATE SKIP] #IO-373 (SHREYAA ENTERPRISES): date 20251108 before start date 20260228
[2026-03-04 12:38:15] [INFO] [DATE SKIP] #IO-374 (SHREYAA ENTERPRISES): date 20251108 before start date 20260228
[2026-03-04 12:38:15] [INFO] [DATE SKIP] #IO-375 (SHREYAA ENTERPRISES): date 20251108 before start date 20260228
[2026-03-04 12:38:15] [INFO] [DATE SKIP] #IO-376 (SHREYAA ENTERPRISES): date 20251108 before start date 20260228
[2026-03-04 12:38:15] [INFO] [DATE SKIP] #IO-377 (SHREYAA ENTERPRISES): date 20251108 before start date 20260228
[2026-03-04 12:38:15] [INFO] [DATE SKIP] #IO-378 (SHREYAA ENTERPRISES): date 20251108 before start date 20260228
[2026-03-04 12:38:15] [INFO] [DATE SKIP] #IO-380 (SHREYAA ENTERPRISES): date 20251108 before start date 20260228
[2026-03-04 12:38:15] [INFO] [DATE SKIP] #CO2-18 (SHREYAA ENTERPRISES): date 20251108 before start date 20260228
[2026-03-04 12:38:15] [INFO] [DATE SKIP] #IO-382 (SHREYAA ENTERPRISES): date 20251108 before start date 20260228
[2026-03-04 12:38:15] [INFO] [DATE SKIP] #IO-383 (SHREYAA ENTERPRISES): date 20251108 before start date 20260228
[2026-03-04 12:38:15] [INFO] [DATE SKIP] #IOP-5 (SHREYAA ENTERPRISES): date 20251108 before start date 20260228
[2026-03-04 12:38:15] [INFO] [DATE SKIP] #IO-379 (SHREYAA ENTERPRISES): date 20251108 before start date 20260228
[2026-03-04 12:38:15] [INFO] [DATE SKIP] #IO-384 (SHREYAA ENTERPRISES): date 20251109 before start date 20260228
[2026-03-04 12:38:15] [INFO] [DATE SKIP] #IO-397 (SHREYAA ENTERPRISES): date 20251109 before start date 20260228
[2026-03-04 12:38:15] [INFO] [DATE SKIP] #IO-385 (SHREYAA ENTERPRISES): date 20251110 before start date 20260228
[2026-03-04 12:38:15] [INFO] [DATE SKIP] #IO-386 (SHREYAA ENTERPRISES): date 20251110 before start date 20260228
[2026-03-04 12:38:15] [INFO] [DATE SKIP] #IO-387 (SHREYAA ENTERPRISES): date 20251110 before start date 20260228
[2026-03-04 12:38:15] [INFO] [DATE SKIP] #CO2-19 (SHREYAA ENTERPRISES): date 20251110 before start date 20260228
[2026-03-04 12:38:15] [INFO] [DATE SKIP] #IO-388 (SHREYAA ENTERPRISES): date 20251110 before start date 20260228
[2026-03-04 12:38:15] [INFO] [DATE SKIP] #IO-389 (SHREYAA ENTERPRISES): date 20251110 before start date 20260228
[2026-03-04 12:38:15] [INFO] [DATE SKIP] #IO-390 (SHREYAA ENTERPRISES): date 20251110 before start date 20260228
[2026-03-04 12:38:15] [INFO] [DATE SKIP] #IO-391 (SHREYAA ENTERPRISES): date 20251110 before start date 20260228
[2026-03-04 12:38:15] [INFO] [DATE SKIP] #IO-392 (SHREYAA ENTERPRISES): date 20251110 before start date 20260228
[2026-03-04 12:38:15] [INFO] [DATE SKIP] #IO-393 (SHREYAA ENTERPRISES): date 20251110 before start date 20260228
[2026-03-04 12:38:15] [INFO] [DATE SKIP] #IO-394 (SHREYAA ENTERPRISES): date 20251110 before start date 20260228
[2026-03-04 12:38:15] [INFO] [DATE SKIP] #IO-395 (SHREYAA ENTERPRISES): date 20251110 before start date 20260228
[2026-03-04 12:38:15] [INFO] [DATE SKIP] #IO-396 (SHREYAA ENTERPRISES): date 20251110 before start date 20260228
[2026-03-04 12:38:15] [INFO] [DATE SKIP] #IO-398 (SHREYAA ENTERPRISES): date 20251110 before start date 20260228
[2026-03-04 12:38:15] [INFO] [DATE SKIP] #IO-399 (SHREYAA ENTERPRISES): date 20251110 before start date 20260228
[2026-03-04 12:38:15] [INFO] [DATE SKIP] #IO-400 (SHREYAA ENTERPRISES): date 20251110 before start date 20260228
[2026-03-04 12:38:15] [INFO] [DATE SKIP] #IO-401 (SHREYAA ENTERPRISES): date 20251110 before start date 20260228
[2026-03-04 12:38:15] [INFO] [DATE SKIP] #IO-402 (SHREYAA ENTERPRISES): date 20251110 before start date 20260228
[2026-03-04 12:38:15] [INFO] [DATE SKIP] #IO-403 (SHREYAA ENTERPRISES): date 20251110 before start date 20260228
[2026-03-04 12:38:15] [INFO] [DATE SKIP] #IO-404 (SHREYAA ENTERPRISES): date 20251110 before start date 20260228
[2026-03-04 12:38:15] [INFO] [DATE SKIP] #IO-405 (SHREYAA ENTERPRISES): date 20251110 before start date 20260228
[2026-03-04 12:38:15] [INFO] [DATE SKIP] #IO-406 (SHREYAA ENTERPRISES): date 20251110 before start date 20260228
[2026-03-04 12:38:15] [INFO] [DATE SKIP] #CO2-20 (SHREYAA ENTERPRISES): date 20251111 before start date 20260228
[2026-03-04 12:38:15] [INFO] [DATE SKIP] #IO-407 (SHREYAA ENTERPRISES): date 20251111 before start date 20260228
[2026-03-04 12:38:15] [INFO] [DATE SKIP] #IO-408 (SHREYAA ENTERPRISES): date 20251111 before start date 20260228
[2026-03-04 12:38:15] [INFO] [DATE SKIP] #IO-410 (SHREYAA ENTERPRISES): date 20251111 before start date 20260228
[2026-03-04 12:38:15] [INFO] [DATE SKIP] #IO-411 (SHREYAA ENTERPRISES): date 20251111 before start date 20260228
[2026-03-04 12:38:15] [INFO] [DATE SKIP] #IO-412 (SHREYAA ENTERPRISES): date 20251111 before start date 20260228
[2026-03-04 12:38:15] [INFO] [DATE SKIP] #IO-413 (SHREYAA ENTERPRISES): date 20251111 before start date 20260228
[2026-03-04 12:38:15] [INFO] [DATE SKIP] #IO-414 (SHREYAA ENTERPRISES): date 20251111 before start date 20260228
[2026-03-04 12:38:15] [INFO] [DATE SKIP] #IO-415 (SHREYAA ENTERPRISES): date 20251111 before start date 20260228
[2026-03-04 12:38:15] [INFO] [DATE SKIP] #IO-416 (SHREYAA ENTERPRISES): date 20251111 before start date 20260228
[2026-03-04 12:38:15] [INFO] [DATE SKIP] #IO-417 (SHREYAA ENTERPRISES): date 20251111 before start date 20260228
[2026-03-04 12:38:15] [INFO] [DATE SKIP] #IO-418 (SHREYAA ENTERPRISES): date 20251111 before start date 20260228
[2026-03-04 12:38:15] [INFO] [DATE SKIP] #IO-419 (SHREYAA ENTERPRISES): date 20251111 before start date 20260228
[2026-03-04 12:38:15] [INFO] [DATE SKIP] #IO-420 (SHREYAA ENTERPRISES): date 20251111 before start date 20260228
[2026-03-04 12:38:15] [INFO] [DATE SKIP] #IO-421 (SHREYAA ENTERPRISES): date 20251111 before start date 20260228
[2026-03-04 12:38:15] [INFO] [DATE SKIP] #16 (SHREYAA ENTERPRISES): date 20251111 before start date 20260228
[2026-03-04 12:38:15] [INFO] [DATE SKIP] #IO-409 (SHREYAA ENTERPRISES): date 20251112 before start date 20260228
[2026-03-04 12:38:15] [INFO] [DATE SKIP] #IO-422 (SHREYAA ENTERPRISES): date 20251112 before start date 20260228
[2026-03-04 12:38:15] [INFO] [DATE SKIP] #IO-423 (SHREYAA ENTERPRISES): date 20251112 before start date 20260228
[2026-03-04 12:38:15] [INFO] [DATE SKIP] #IO-424 (SHREYAA ENTERPRISES): date 20251112 before start date 20260228
[2026-03-04 12:38:15] [INFO] [DATE SKIP] #IO-425 (SHREYAA ENTERPRISES): date 20251112 before start date 20260228
[2026-03-04 12:38:15] [INFO] [DATE SKIP] #IO-426 (SHREYAA ENTERPRISES): date 20251112 before start date 20260228
[2026-03-04 12:38:15] [INFO] [DATE SKIP] #IO-427 (SHREYAA ENTERPRISES): date 20251112 before start date 20260228
[2026-03-04 12:38:15] [INFO] [DATE SKIP] #IO-428 (SHREYAA ENTERPRISES): date 20251112 before start date 20260228
[2026-03-04 12:38:15] [INFO] [DATE SKIP] #17 (SHREYAA ENTERPRISES): date 20251112 before start date 20260228
[2026-03-04 12:38:15] [INFO] [DATE SKIP] #IO-429 (SHREYAA ENTERPRISES): date 20251112 before start date 20260228
[2026-03-04 12:38:15] [INFO] [DATE SKIP] #18 (SHREYAA ENTERPRISES): date 20251112 before start date 20260228
[2026-03-04 12:38:15] [INFO] [DATE SKIP] #IO-430 (SHREYAA ENTERPRISES): date 20251112 before start date 20260228
[2026-03-04 12:38:15] [INFO] [DATE SKIP] #IO-431 (SHREYAA ENTERPRISES): date 20251113 before start date 20260228
[2026-03-04 12:38:15] [INFO] [DATE SKIP] #CO2-21 (SHREYAA ENTERPRISES): date 20251113 before start date 20260228
[2026-03-04 12:38:15] [INFO] [DATE SKIP] #IO-432 (SHREYAA ENTERPRISES): date 20251113 before start date 20260228
[2026-03-04 12:38:15] [INFO] [DATE SKIP] #IO-433 (SHREYAA ENTERPRISES): date 20251113 before start date 20260228
[2026-03-04 12:38:15] [INFO] [DATE SKIP] #IO-434 (SHREYAA ENTERPRISES): date 20251113 before start date 20260228
[2026-03-04 12:38:15] [INFO] [DATE SKIP] #IO-435 (SHREYAA ENTERPRISES): date 20251113 before start date 20260228
[2026-03-04 12:38:15] [INFO] [DATE SKIP] #IO-436 (SHREYAA ENTERPRISES): date 20251113 before start date 20260228
[2026-03-04 12:38:15] [INFO] [DATE SKIP] #IO-437 (SHREYAA ENTERPRISES): date 20251113 before start date 20260228
[2026-03-04 12:38:15] [INFO] [DATE SKIP] #IO-438 (SHREYAA ENTERPRISES): date 20251113 before start date 20260228
[2026-03-04 12:38:15] [INFO] [DATE SKIP] #IO-439 (SHREYAA ENTERPRISES): date 20251113 before start date 20260228
[2026-03-04 12:38:15] [INFO] [DATE SKIP] #IO-440 (SHREYAA ENTERPRISES): date 20251113 before start date 20260228
[2026-03-04 12:38:15] [INFO] [DATE SKIP] #IO-441 (SHREYAA ENTERPRISES): date 20251113 before start date 20260228
[2026-03-04 12:38:15] [INFO] [DATE SKIP] #IO-442 (SHREYAA ENTERPRISES): date 20251113 before start date 20260228
[2026-03-04 12:38:15] [INFO] [DATE SKIP] #IO-443 (SHREYAA ENTERPRISES): date 20251113 before start date 20260228
[2026-03-04 12:38:15] [INFO] [DATE SKIP] #IO-444 (SHREYAA ENTERPRISES): date 20251113 before start date 20260228
[2026-03-04 12:38:15] [INFO] [DATE SKIP] #IO-445 (SHREYAA ENTERPRISES): date 20251113 before start date 20260228
[2026-03-04 12:38:15] [INFO] [DATE SKIP] #IO-446 (SHREYAA ENTERPRISES): date 20251113 before start date 20260228
[2026-03-04 12:38:15] [INFO] [DATE SKIP] #IO-447 (SHREYAA ENTERPRISES): date 20251113 before start date 20260228
[2026-03-04 12:38:15] [INFO] [DATE SKIP] #IO-448 (SHREYAA ENTERPRISES): date 20251114 before start date 20260228
[2026-03-04 12:38:15] [INFO] [DATE SKIP] #IO-449 (SHREYAA ENTERPRISES): date 20251114 before start date 20260228
[2026-03-04 12:38:15] [INFO] [DATE SKIP] #IO-450 (SHREYAA ENTERPRISES): date 20251114 before start date 20260228
[2026-03-04 12:38:15] [INFO] [DATE SKIP] #IO-451 (SHREYAA ENTERPRISES): date 20251114 before start date 20260228
[2026-03-04 12:38:15] [INFO] [DATE SKIP] #IO-452 (SHREYAA ENTERPRISES): date 20251114 before start date 20260228
[2026-03-04 12:38:15] [INFO] [DATE SKIP] #IO-453 (SHREYAA ENTERPRISES): date 20251114 before start date 20260228
[2026-03-04 12:38:15] [INFO] [DATE SKIP] #IO-454 (SHREYAA ENTERPRISES): date 20251114 before start date 20260228
[2026-03-04 12:38:15] [INFO] [DATE SKIP] #IO-455 (SHREYAA ENTERPRISES): date 20251114 before start date 20260228
[2026-03-04 12:38:15] [INFO] [DATE SKIP] #L2N-7 (SHREYAA ENTERPRISES): date 20251114 before start date 20260228
[2026-03-04 12:38:15] [INFO] [DATE SKIP] #IO-456 (SHREYAA ENTERPRISES): date 20251114 before start date 20260228
[2026-03-04 12:38:15] [INFO] [DATE SKIP] #IO-457 (SHREYAA ENTERPRISES): date 20251114 before start date 20260228
[2026-03-04 12:38:15] [INFO] [DATE SKIP] #19 (SHREYAA ENTERPRISES): date 20251114 before start date 20260228
[2026-03-04 12:38:15] [INFO] [DATE SKIP] #IO-458 (SHREYAA ENTERPRISES): date 20251114 before start date 20260228
[2026-03-04 12:38:15] [INFO] [DATE SKIP] #IO-459 (SHREYAA ENTERPRISES): date 20251114 before start date 20260228
[2026-03-04 12:38:15] [INFO] [DATE SKIP] #ARG-18 (SHREYAA ENTERPRISES): date 20251115 before start date 20260228
[2026-03-04 12:38:15] [INFO] [DATE SKIP] #IO-460 (SHREYAA ENTERPRISES): date 20251115 before start date 20260228
[2026-03-04 12:38:15] [INFO] [DATE SKIP] #IO-461 (SHREYAA ENTERPRISES): date 20251115 before start date 20260228
[2026-03-04 12:38:15] [INFO] [DATE SKIP] #IO-462 (SHREYAA ENTERPRISES): date 20251115 before start date 20260228
[2026-03-04 12:38:15] [INFO] [DATE SKIP] #IO-463 (SHREYAA ENTERPRISES): date 20251115 before start date 20260228
[2026-03-04 12:38:15] [INFO] [DATE SKIP] #IO-464 (SHREYAA ENTERPRISES): date 20251115 before start date 20260228
[2026-03-04 12:38:15] [INFO] [DATE SKIP] #IO-465 (SHREYAA ENTERPRISES): date 20251115 before start date 20260228
[2026-03-04 12:38:15] [INFO] [DATE SKIP] #IO-466 (SHREYAA ENTERPRISES): date 20251115 before start date 20260228
[2026-03-04 12:38:15] [INFO] [DATE SKIP] #IO-467 (SHREYAA ENTERPRISES): date 20251115 before start date 20260228
[2026-03-04 12:38:15] [INFO] [DATE SKIP] #IO-468 (SHREYAA ENTERPRISES): date 20251115 before start date 20260228
[2026-03-04 12:38:15] [INFO] [DATE SKIP] #IO-469 (SHREYAA ENTERPRISES): date 20251115 before start date 20260228
[2026-03-04 12:38:15] [INFO] [DATE SKIP] #IO-470 (SHREYAA ENTERPRISES): date 20251115 before start date 20260228
[2026-03-04 12:38:15] [INFO] [DATE SKIP] #IO-471 (SHREYAA ENTERPRISES): date 20251115 before start date 20260228
[2026-03-04 12:38:15] [INFO] [DATE SKIP] #IO-472 (SHREYAA ENTERPRISES): date 20251115 before start date 20260228
[2026-03-04 12:38:15] [INFO] [DATE SKIP] #IO-473 (SHREYAA ENTERPRISES): date 20251115 before start date 20260228
[2026-03-04 12:38:16] [INFO] [DATE SKIP] #IO-474 (SHREYAA ENTERPRISES): date 20251115 before start date 20260228
[2026-03-04 12:38:16] [INFO] [DATE SKIP] #IO-475 (SHREYAA ENTERPRISES): date 20251115 before start date 20260228
[2026-03-04 12:38:16] [INFO] [DATE SKIP] #IO-476 (SHREYAA ENTERPRISES): date 20251115 before start date 20260228
[2026-03-04 12:38:16] [INFO] [DATE SKIP] #IO-477 (SHREYAA ENTERPRISES): date 20251115 before start date 20260228
[2026-03-04 12:38:16] [INFO] [DATE SKIP] #IO-478 (SHREYAA ENTERPRISES): date 20251115 before start date 20260228
[2026-03-04 12:38:16] [INFO] [DATE SKIP] #IO-479 (SHREYAA ENTERPRISES): date 20251117 before start date 20260228
[2026-03-04 12:38:16] [INFO] [DATE SKIP] #IO-480 (SHREYAA ENTERPRISES): date 20251117 before start date 20260228
[2026-03-04 12:38:16] [INFO] [DATE SKIP] #IO-481 (SHREYAA ENTERPRISES): date 20251117 before start date 20260228
[2026-03-04 12:38:16] [INFO] [DATE SKIP] #CO2-22 (SHREYAA ENTERPRISES): date 20251117 before start date 20260228
[2026-03-04 12:38:16] [INFO] [DATE SKIP] #IO-482 (SHREYAA ENTERPRISES): date 20251117 before start date 20260228
[2026-03-04 12:38:16] [INFO] [DATE SKIP] #IO-483 (SHREYAA ENTERPRISES): date 20251117 before start date 20260228
[2026-03-04 12:38:16] [INFO] [DATE SKIP] #IO-484 (SHREYAA ENTERPRISES): date 20251117 before start date 20260228
[2026-03-04 12:38:16] [INFO] [DATE SKIP] #IO-485 (SHREYAA ENTERPRISES): date 20251117 before start date 20260228
[2026-03-04 12:38:16] [INFO] [DATE SKIP] #IO-486 (SHREYAA ENTERPRISES): date 20251117 before start date 20260228
[2026-03-04 12:38:16] [INFO] [DATE SKIP] #IO-487 (SHREYAA ENTERPRISES): date 20251117 before start date 20260228
[2026-03-04 12:38:16] [INFO] [DATE SKIP] #IO-488 (SHREYAA ENTERPRISES): date 20251117 before start date 20260228
[2026-03-04 12:38:16] [INFO] [DATE SKIP] #IO-489 (SHREYAA ENTERPRISES): date 20251117 before start date 20260228
[2026-03-04 12:38:16] [INFO] [DATE SKIP] #IO-490 (SHREYAA ENTERPRISES): date 20251117 before start date 20260228
[2026-03-04 12:38:16] [INFO] [DATE SKIP] #IO-491 (SHREYAA ENTERPRISES): date 20251117 before start date 20260228
[2026-03-04 12:38:16] [INFO] [DATE SKIP] #IO-492 (SHREYAA ENTERPRISES): date 20251117 before start date 20260228
[2026-03-04 12:38:16] [INFO] [DATE SKIP] #IO-493 (SHREYAA ENTERPRISES): date 20251118 before start date 20260228
[2026-03-04 12:38:16] [INFO] [DATE SKIP] #IO-494 (SHREYAA ENTERPRISES): date 20251118 before start date 20260228
[2026-03-04 12:38:16] [INFO] [DATE SKIP] #IO-495 (SHREYAA ENTERPRISES): date 20251118 before start date 20260228
[2026-03-04 12:38:16] [INFO] [DATE SKIP] #IO-496 (SHREYAA ENTERPRISES): date 20251118 before start date 20260228
[2026-03-04 12:38:16] [INFO] [DATE SKIP] #IO-497 (SHREYAA ENTERPRISES): date 20251118 before start date 20260228
[2026-03-04 12:38:16] [INFO] [DATE SKIP] #IO-498 (SHREYAA ENTERPRISES): date 20251118 before start date 20260228
[2026-03-04 12:38:16] [INFO] [DATE SKIP] #IO-499 (SHREYAA ENTERPRISES): date 20251118 before start date 20260228
[2026-03-04 12:38:16] [INFO] [DATE SKIP] #IO-500 (SHREYAA ENTERPRISES): date 20251118 before start date 20260228
[2026-03-04 12:38:16] [INFO] [DATE SKIP] #IO-501 (SHREYAA ENTERPRISES): date 20251118 before start date 20260228
[2026-03-04 12:38:16] [INFO] [DATE SKIP] #IO-502 (SHREYAA ENTERPRISES): date 20251118 before start date 20260228
[2026-03-04 12:38:16] [INFO] [DATE SKIP] #IO-503 (SHREYAA ENTERPRISES): date 20251118 before start date 20260228
[2026-03-04 12:38:16] [INFO] [DATE SKIP] #IO-504 (SHREYAA ENTERPRISES): date 20251118 before start date 20260228
[2026-03-04 12:38:16] [INFO] [DATE SKIP] #IO-505 (SHREYAA ENTERPRISES): date 20251118 before start date 20260228
[2026-03-04 12:38:16] [INFO] [DATE SKIP] #IO-507 (SHREYAA ENTERPRISES): date 20251118 before start date 20260228
[2026-03-04 12:38:16] [INFO] [DATE SKIP] #IO-508 (SHREYAA ENTERPRISES): date 20251118 before start date 20260228
[2026-03-04 12:38:16] [INFO] [DATE SKIP] #IO-509 (SHREYAA ENTERPRISES): date 20251118 before start date 20260228
[2026-03-04 12:38:16] [INFO] [DATE SKIP] #IO-510 (SHREYAA ENTERPRISES): date 20251118 before start date 20260228
[2026-03-04 12:38:16] [INFO] [DATE SKIP] #IO-511 (SHREYAA ENTERPRISES): date 20251118 before start date 20260228
[2026-03-04 12:38:16] [INFO] [DATE SKIP] #IO-534 (SHREYAA ENTERPRISES): date 20251118 before start date 20260228
[2026-03-04 12:38:16] [INFO] [DATE SKIP] #IO-535 (SHREYAA ENTERPRISES): date 20251118 before start date 20260228
[2026-03-04 12:38:16] [INFO] [DATE SKIP] #IO-536 (SHREYAA ENTERPRISES): date 20251118 before start date 20260228
[2026-03-04 12:38:16] [INFO] [DATE SKIP] #IO-557 (SHREYAA ENTERPRISES): date 20251119 before start date 20260228
[2026-03-04 12:38:16] [INFO] [DATE SKIP] #IO-515 (SHREYAA ENTERPRISES): date 20251119 before start date 20260228
[2026-03-04 12:38:16] [INFO] [DATE SKIP] #IO-512 (SHREYAA ENTERPRISES): date 20251119 before start date 20260228
[2026-03-04 12:38:16] [INFO] [DATE SKIP] #IO-513 (SHREYAA ENTERPRISES): date 20251119 before start date 20260228
[2026-03-04 12:38:16] [INFO] [DATE SKIP] #IO-514 (SHREYAA ENTERPRISES): date 20251119 before start date 20260228
[2026-03-04 12:38:16] [INFO] [DATE SKIP] #IO-516 (SHREYAA ENTERPRISES): date 20251119 before start date 20260228
[2026-03-04 12:38:16] [INFO] [DATE SKIP] #IO-517 (SHREYAA ENTERPRISES): date 20251119 before start date 20260228
[2026-03-04 12:38:16] [INFO] [DATE SKIP] #IO-518 (SHREYAA ENTERPRISES): date 20251119 before start date 20260228
[2026-03-04 12:38:16] [INFO] [DATE SKIP] #IO-520 (SHREYAA ENTERPRISES): date 20251119 before start date 20260228
[2026-03-04 12:38:16] [INFO] [DATE SKIP] #IO-521 (SHREYAA ENTERPRISES): date 20251119 before start date 20260228
[2026-03-04 12:38:16] [INFO] [DATE SKIP] #IO-522 (SHREYAA ENTERPRISES): date 20251119 before start date 20260228
[2026-03-04 12:38:16] [INFO] [DATE SKIP] #IO-523 (SHREYAA ENTERPRISES): date 20251119 before start date 20260228
[2026-03-04 12:38:16] [INFO] [DATE SKIP] #IO-524 (SHREYAA ENTERPRISES): date 20251119 before start date 20260228
[2026-03-04 12:38:16] [INFO] [DATE SKIP] #IO-525 (SHREYAA ENTERPRISES): date 20251119 before start date 20260228
[2026-03-04 12:38:16] [INFO] [DATE SKIP] #IO-526 (SHREYAA ENTERPRISES): date 20251119 before start date 20260228
[2026-03-04 12:38:16] [INFO] [DATE SKIP] #20 (SHREYAA ENTERPRISES): date 20251119 before start date 20260228
[2026-03-04 12:38:16] [INFO] [DATE SKIP] #IO-527 (SHREYAA ENTERPRISES): date 20251120 before start date 20260228
[2026-03-04 12:38:16] [INFO] [DATE SKIP] #IO-528 (SHREYAA ENTERPRISES): date 20251120 before start date 20260228
[2026-03-04 12:38:16] [INFO] [DATE SKIP] #CO2-25 (SHREYAA ENTERPRISES): date 20251120 before start date 20260228
[2026-03-04 12:38:16] [INFO] [DATE SKIP] #CO2-23 (SHREYAA ENTERPRISES): date 20251120 before start date 20260228
[2026-03-04 12:38:16] [INFO] [DATE SKIP] #IO-529 (SHREYAA ENTERPRISES): date 20251120 before start date 20260228
[2026-03-04 12:38:16] [INFO] [DATE SKIP] #IO-506 (SHREYAA ENTERPRISES): date 20251120 before start date 20260228
[2026-03-04 12:38:16] [INFO] [DATE SKIP] #IO-530 (SHREYAA ENTERPRISES): date 20251120 before start date 20260228
[2026-03-04 12:38:16] [INFO] [DATE SKIP] #IO-531 (SHREYAA ENTERPRISES): date 20251120 before start date 20260228
[2026-03-04 12:38:16] [INFO] [DATE SKIP] #IO-532 (SHREYAA ENTERPRISES): date 20251120 before start date 20260228
[2026-03-04 12:38:16] [INFO] [DATE SKIP] #IO-533 (SHREYAA ENTERPRISES): date 20251120 before start date 20260228
[2026-03-04 12:38:16] [INFO] [DATE SKIP] #MO-2 (SHREYAA ENTERPRISES): date 20251120 before start date 20260228
[2026-03-04 12:38:16] [INFO] [DATE SKIP] #IO-553 (SHREYAA ENTERPRISES): date 20251120 before start date 20260228
[2026-03-04 12:38:16] [INFO] [DATE SKIP] #IO-555 (SHREYAA ENTERPRISES): date 20251120 before start date 20260228
[2026-03-04 12:38:16] [INFO] [DATE SKIP] #IO-556 (SHREYAA ENTERPRISES): date 20251120 before start date 20260228
[2026-03-04 12:38:16] [INFO] [DATE SKIP] #IO-547 (SHREYAA ENTERPRISES): date 20251121 before start date 20260228
[2026-03-04 12:38:16] [INFO] [DATE SKIP] #IO-538 (SHREYAA ENTERPRISES): date 20251121 before start date 20260228
[2026-03-04 12:38:16] [INFO] [DATE SKIP] #IO-537 (SHREYAA ENTERPRISES): date 20251121 before start date 20260228
[2026-03-04 12:38:16] [INFO] [DATE SKIP] #IO-539 (SHREYAA ENTERPRISES): date 20251121 before start date 20260228
[2026-03-04 12:38:16] [INFO] [DATE SKIP] #IO-540 (SHREYAA ENTERPRISES): date 20251121 before start date 20260228
[2026-03-04 12:38:16] [INFO] [DATE SKIP] #IO-541 (SHREYAA ENTERPRISES): date 20251121 before start date 20260228
[2026-03-04 12:38:16] [INFO] [DATE SKIP] #CO2-26 (SHREYAA ENTERPRISES): date 20251121 before start date 20260228
[2026-03-04 12:38:16] [INFO] [DATE SKIP] #IO-542 (SHREYAA ENTERPRISES): date 20251121 before start date 20260228
[2026-03-04 12:38:16] [INFO] [DATE SKIP] #IO-543 (SHREYAA ENTERPRISES): date 20251121 before start date 20260228
[2026-03-04 12:38:16] [INFO] [DATE SKIP] #IO-548 (SHREYAA ENTERPRISES): date 20251121 before start date 20260228
[2026-03-04 12:38:16] [INFO] [DATE SKIP] #IO-544 (SHREYAA ENTERPRISES): date 20251121 before start date 20260228
[2026-03-04 12:38:16] [INFO] [DATE SKIP] #IO-545 (SHREYAA ENTERPRISES): date 20251121 before start date 20260228
[2026-03-04 12:38:16] [INFO] [DATE SKIP] #IO-546 (SHREYAA ENTERPRISES): date 20251121 before start date 20260228
[2026-03-04 12:38:16] [INFO] [DATE SKIP] #IO-549 (SHREYAA ENTERPRISES): date 20251121 before start date 20260228
[2026-03-04 12:38:16] [INFO] [DATE SKIP] #IO-550 (SHREYAA ENTERPRISES): date 20251121 before start date 20260228
[2026-03-04 12:38:16] [INFO] [DATE SKIP] #ARG-20 (SHREYAA ENTERPRISES): date 20251121 before start date 20260228
[2026-03-04 12:38:16] [INFO] [DATE SKIP] #IO-551 (SHREYAA ENTERPRISES): date 20251121 before start date 20260228
[2026-03-04 12:38:16] [INFO] [DATE SKIP] #IO-552 (SHREYAA ENTERPRISES): date 20251121 before start date 20260228
[2026-03-04 12:38:16] [INFO] [DATE SKIP] #IO-554 (SHREYAA ENTERPRISES): date 20251121 before start date 20260228
[2026-03-04 12:38:16] [INFO] [DATE SKIP] #IO-558 (SHREYAA ENTERPRISES): date 20251122 before start date 20260228
[2026-03-04 12:38:16] [INFO] [DATE SKIP] #IO-559 (SHREYAA ENTERPRISES): date 20251122 before start date 20260228
[2026-03-04 12:38:16] [INFO] [DATE SKIP] #IO-560 (SHREYAA ENTERPRISES): date 20251122 before start date 20260228
[2026-03-04 12:38:16] [INFO] [DATE SKIP] #IO-562 (SHREYAA ENTERPRISES): date 20251122 before start date 20260228
[2026-03-04 12:38:16] [INFO] [DATE SKIP] #IO-561 (SHREYAA ENTERPRISES): date 20251122 before start date 20260228
[2026-03-04 12:38:16] [INFO] [DATE SKIP] #IO-563 (SHREYAA ENTERPRISES): date 20251122 before start date 20260228
[2026-03-04 12:38:16] [INFO] [DATE SKIP] #IO-564 (SHREYAA ENTERPRISES): date 20251122 before start date 20260228
[2026-03-04 12:38:16] [INFO] [DATE SKIP] #IO-565 (SHREYAA ENTERPRISES): date 20251122 before start date 20260228
[2026-03-04 12:38:16] [INFO] [DATE SKIP] #IO-566 (SHREYAA ENTERPRISES): date 20251122 before start date 20260228
[2026-03-04 12:38:16] [INFO] [DATE SKIP] #IO-567 (SHREYAA ENTERPRISES): date 20251122 before start date 20260228
[2026-03-04 12:38:16] [INFO] [DATE SKIP] #IO-568 (SHREYAA ENTERPRISES): date 20251122 before start date 20260228
[2026-03-04 12:38:16] [INFO] [DATE SKIP] #IO-569 (SHREYAA ENTERPRISES): date 20251122 before start date 20260228
[2026-03-04 12:38:16] [INFO] [DATE SKIP] #IO-570 (SHREYAA ENTERPRISES): date 20251122 before start date 20260228
[2026-03-04 12:38:16] [INFO] [DATE SKIP] #IO-571 (SHREYAA ENTERPRISES): date 20251122 before start date 20260228
[2026-03-04 12:38:16] [INFO] [DATE SKIP] #IO-572 (SHREYAA ENTERPRISES): date 20251122 before start date 20260228
[2026-03-04 12:38:16] [INFO] [DATE SKIP] #IO-573 (SHREYAA ENTERPRISES): date 20251124 before start date 20260228
[2026-03-04 12:38:16] [INFO] [DATE SKIP] #ARG-21 (SHREYAA ENTERPRISES): date 20251124 before start date 20260228
[2026-03-04 12:38:16] [INFO] [DATE SKIP] #ARG-22 (SHREYAA ENTERPRISES): date 20251124 before start date 20260228
[2026-03-04 12:38:16] [INFO] [DATE SKIP] #IO-574 (SHREYAA ENTERPRISES): date 20251124 before start date 20260228
[2026-03-04 12:38:16] [INFO] [DATE SKIP] #IO-575 (SHREYAA ENTERPRISES): date 20251124 before start date 20260228
[2026-03-04 12:38:16] [INFO] [DATE SKIP] #IO-576 (SHREYAA ENTERPRISES): date 20251124 before start date 20260228
[2026-03-04 12:38:16] [INFO] [DATE SKIP] #IO-577 (SHREYAA ENTERPRISES): date 20251124 before start date 20260228
[2026-03-04 12:38:16] [INFO] [DATE SKIP] #IO-578 (SHREYAA ENTERPRISES): date 20251124 before start date 20260228
[2026-03-04 12:38:16] [INFO] [DATE SKIP] #IO-579 (SHREYAA ENTERPRISES): date 20251124 before start date 20260228
[2026-03-04 12:38:16] [INFO] [DATE SKIP] #IO-580 (SHREYAA ENTERPRISES): date 20251124 before start date 20260228
[2026-03-04 12:38:16] [INFO] [DATE SKIP] #IO-581 (SHREYAA ENTERPRISES): date 20251124 before start date 20260228
[2026-03-04 12:38:16] [INFO] [DATE SKIP] #IO-582 (SHREYAA ENTERPRISES): date 20251124 before start date 20260228
[2026-03-04 12:38:16] [INFO] [DATE SKIP] #IO-583 (SHREYAA ENTERPRISES): date 20251124 before start date 20260228
[2026-03-04 12:38:16] [INFO] [DATE SKIP] #IO-599 (SHREYAA ENTERPRISES): date 20251124 before start date 20260228
[2026-03-04 12:38:16] [INFO] [DATE SKIP] #IO-584 (SHREYAA ENTERPRISES): date 20251124 before start date 20260228
[2026-03-04 12:38:16] [INFO] [DATE SKIP] #IO-592 (SHREYAA ENTERPRISES): date 20251125 before start date 20260228
[2026-03-04 12:38:16] [INFO] [DATE SKIP] #IO-585 (SHREYAA ENTERPRISES): date 20251125 before start date 20260228
[2026-03-04 12:38:16] [INFO] [DATE SKIP] #IO-586 (SHREYAA ENTERPRISES): date 20251125 before start date 20260228
[2026-03-04 12:38:16] [INFO] [DATE SKIP] #IO-587 (SHREYAA ENTERPRISES): date 20251125 before start date 20260228
[2026-03-04 12:38:16] [INFO] [DATE SKIP] #IO-588 (SHREYAA ENTERPRISES): date 20251125 before start date 20260228
[2026-03-04 12:38:16] [INFO] [DATE SKIP] #IO-589 (SHREYAA ENTERPRISES): date 20251125 before start date 20260228
[2026-03-04 12:38:16] [INFO] [DATE SKIP] #IO-590 (SHREYAA ENTERPRISES): date 20251125 before start date 20260228
[2026-03-04 12:38:16] [INFO] [DATE SKIP] #IO-591 (SHREYAA ENTERPRISES): date 20251125 before start date 20260228
[2026-03-04 12:38:16] [INFO] [DATE SKIP] #IO-593 (SHREYAA ENTERPRISES): date 20251125 before start date 20260228
[2026-03-04 12:38:16] [INFO] [DATE SKIP] #IO-594 (SHREYAA ENTERPRISES): date 20251125 before start date 20260228
[2026-03-04 12:38:16] [INFO] [DATE SKIP] #IO-595 (SHREYAA ENTERPRISES): date 20251125 before start date 20260228
[2026-03-04 12:38:16] [INFO] [DATE SKIP] #IO-596 (SHREYAA ENTERPRISES): date 20251125 before start date 20260228
[2026-03-04 12:38:16] [INFO] [DATE SKIP] #IO-597 (SHREYAA ENTERPRISES): date 20251125 before start date 20260228
[2026-03-04 12:38:16] [INFO] [DATE SKIP] #IO-598 (SHREYAA ENTERPRISES): date 20251125 before start date 20260228
[2026-03-04 12:38:16] [INFO] [DATE SKIP] #IO-600 (SHREYAA ENTERPRISES): date 20251125 before start date 20260228
[2026-03-04 12:38:16] [INFO] [DATE SKIP] #IO-601 (SHREYAA ENTERPRISES): date 20251125 before start date 20260228
[2026-03-04 12:38:16] [INFO] [DATE SKIP] #IO-602 (SHREYAA ENTERPRISES): date 20251125 before start date 20260228
[2026-03-04 12:38:16] [INFO] [DATE SKIP] #IO-603 (SHREYAA ENTERPRISES): date 20251125 before start date 20260228
[2026-03-04 12:38:16] [INFO] [DATE SKIP] #IOP-6 (SHREYAA ENTERPRISES): date 20251125 before start date 20260228
[2026-03-04 12:38:16] [INFO] [DATE SKIP] #IO-604 (SHREYAA ENTERPRISES): date 20251126 before start date 20260228
[2026-03-04 12:38:16] [INFO] [DATE SKIP] #IO-605 (SHREYAA ENTERPRISES): date 20251126 before start date 20260228
[2026-03-04 12:38:16] [INFO] [DATE SKIP] #IO-606 (SHREYAA ENTERPRISES): date 20251126 before start date 20260228
[2026-03-04 12:38:16] [INFO] [DATE SKIP] #IO-607 (SHREYAA ENTERPRISES): date 20251126 before start date 20260228
[2026-03-04 12:38:16] [INFO] [DATE SKIP] #IO-608 (SHREYAA ENTERPRISES): date 20251126 before start date 20260228
[2026-03-04 12:38:16] [INFO] [DATE SKIP] #IO-609 (SHREYAA ENTERPRISES): date 20251126 before start date 20260228
[2026-03-04 12:38:16] [INFO] [DATE SKIP] #IO-610 (SHREYAA ENTERPRISES): date 20251126 before start date 20260228
[2026-03-04 12:38:16] [INFO] [DATE SKIP] #IO-611 (SHREYAA ENTERPRISES): date 20251126 before start date 20260228
[2026-03-04 12:38:16] [INFO] [DATE SKIP] #IO-612 (SHREYAA ENTERPRISES): date 20251126 before start date 20260228
[2026-03-04 12:38:16] [INFO] [DATE SKIP] #ARG-23 (SHREYAA ENTERPRISES): date 20251126 before start date 20260228
[2026-03-04 12:38:16] [INFO] [DATE SKIP] #IO-613 (SHREYAA ENTERPRISES): date 20251126 before start date 20260228
[2026-03-04 12:38:16] [INFO] [DATE SKIP] #IO-614 (SHREYAA ENTERPRISES): date 20251126 before start date 20260228
[2026-03-04 12:38:16] [INFO] [DATE SKIP] #IO-615 (SHREYAA ENTERPRISES): date 20251126 before start date 20260228
[2026-03-04 12:38:16] [INFO] [DATE SKIP] #IO-616 (SHREYAA ENTERPRISES): date 20251126 before start date 20260228
[2026-03-04 12:38:16] [INFO] [DATE SKIP] #IO-617 (SHREYAA ENTERPRISES): date 20251126 before start date 20260228
[2026-03-04 12:38:16] [INFO] [DATE SKIP] #IO-618 (SHREYAA ENTERPRISES): date 20251126 before start date 20260228
[2026-03-04 12:38:16] [INFO] [DATE SKIP] #IO-619 (SHREYAA ENTERPRISES): date 20251127 before start date 20260228
[2026-03-04 12:38:16] [INFO] [DATE SKIP] #IO-620 (SHREYAA ENTERPRISES): date 20251127 before start date 20260228
[2026-03-04 12:38:16] [INFO] [DATE SKIP] #IO-621 (SHREYAA ENTERPRISES): date 20251127 before start date 20260228
[2026-03-04 12:38:16] [INFO] [DATE SKIP] #IO-622 (SHREYAA ENTERPRISES): date 20251127 before start date 20260228
[2026-03-04 12:38:16] [INFO] [DATE SKIP] #IO-623 (SHREYAA ENTERPRISES): date 20251127 before start date 20260228
[2026-03-04 12:38:16] [INFO] [DATE SKIP] #IO-624 (SHREYAA ENTERPRISES): date 20251127 before start date 20260228
[2026-03-04 12:38:16] [INFO] [DATE SKIP] #ARG-24 (SHREYAA ENTERPRISES): date 20251127 before start date 20260228
[2026-03-04 12:38:16] [INFO] [DATE SKIP] #IO-625 (SHREYAA ENTERPRISES): date 20251127 before start date 20260228
[2026-03-04 12:38:16] [INFO] [DATE SKIP] #IO-626 (SHREYAA ENTERPRISES): date 20251127 before start date 20260228
[2026-03-04 12:38:16] [INFO] [DATE SKIP] #IO-627 (SHREYAA ENTERPRISES): date 20251127 before start date 20260228
[2026-03-04 12:38:16] [INFO] [DATE SKIP] #IO-628 (SHREYAA ENTERPRISES): date 20251127 before start date 20260228
[2026-03-04 12:38:16] [INFO] [DATE SKIP] #IO-629 (SHREYAA ENTERPRISES): date 20251127 before start date 20260228
[2026-03-04 12:38:16] [INFO] [DATE SKIP] #IO-630 (SHREYAA ENTERPRISES): date 20251127 before start date 20260228
[2026-03-04 12:38:16] [INFO] [DATE SKIP] #IO-631 (SHREYAA ENTERPRISES): date 20251127 before start date 20260228
[2026-03-04 12:38:16] [INFO] [DATE SKIP] #IO-632 (SHREYAA ENTERPRISES): date 20251127 before start date 20260228
[2026-03-04 12:38:16] [INFO] [DATE SKIP] #IO-633 (SHREYAA ENTERPRISES): date 20251127 before start date 20260228
[2026-03-04 12:38:16] [INFO] [DATE SKIP] #IO-634 (SHREYAA ENTERPRISES): date 20251127 before start date 20260228
[2026-03-04 12:38:16] [INFO] [DATE SKIP] #IO-635 (SHREYAA ENTERPRISES): date 20251127 before start date 20260228
[2026-03-04 12:38:16] [INFO] [DATE SKIP] #IO-636 (SHREYAA ENTERPRISES): date 20251127 before start date 20260228
[2026-03-04 12:38:16] [INFO] [DATE SKIP] #IO-637 (SHREYAA ENTERPRISES): date 20251127 before start date 20260228
[2026-03-04 12:38:16] [INFO] [DATE SKIP] #IO-638 (SHREYAA ENTERPRISES): date 20251127 before start date 20260228
[2026-03-04 12:38:16] [INFO] [DATE SKIP] #IO-664 (SHREYAA ENTERPRISES): date 20251127 before start date 20260228
[2026-03-04 12:38:16] [INFO] [DATE SKIP] #IO-639 (SHREYAA ENTERPRISES): date 20251128 before start date 20260228
[2026-03-04 12:38:16] [INFO] [DATE SKIP] #IO-640 (SHREYAA ENTERPRISES): date 20251128 before start date 20260228
[2026-03-04 12:38:16] [INFO] [DATE SKIP] #IO-641 (SHREYAA ENTERPRISES): date 20251128 before start date 20260228
[2026-03-04 12:38:16] [INFO] [DATE SKIP] #IO-642 (SHREYAA ENTERPRISES): date 20251128 before start date 20260228
[2026-03-04 12:38:16] [INFO] [DATE SKIP] #IO-665 (SHREYAA ENTERPRISES): date 20251128 before start date 20260228
[2026-03-04 12:38:16] [INFO] [DATE SKIP] #IO-643 (SHREYAA ENTERPRISES): date 20251128 before start date 20260228
[2026-03-04 12:38:16] [INFO] [DATE SKIP] #IO-644 (SHREYAA ENTERPRISES): date 20251128 before start date 20260228
[2026-03-04 12:38:16] [INFO] [DATE SKIP] #IO-645 (SHREYAA ENTERPRISES): date 20251128 before start date 20260228
[2026-03-04 12:38:16] [INFO] [DATE SKIP] #IO-646 (SHREYAA ENTERPRISES): date 20251128 before start date 20260228
[2026-03-04 12:38:16] [INFO] [DATE SKIP] #IO-647 (SHREYAA ENTERPRISES): date 20251128 before start date 20260228
[2026-03-04 12:38:16] [INFO] [DATE SKIP] #IO-663 (SHREYAA ENTERPRISES): date 20251128 before start date 20260228
[2026-03-04 12:38:16] [INFO] [DATE SKIP] #21 (SHREYAA ENTERPRISES): date 20251128 before start date 20260228
[2026-03-04 12:38:16] [INFO] [DATE SKIP] #IO-709 (SHREYAA ENTERPRISES): date 20251128 before start date 20260228
[2026-03-04 12:38:16] [INFO] [DATE SKIP] #IO-648 (SHREYAA ENTERPRISES): date 20251129 before start date 20260228
[2026-03-04 12:38:16] [INFO] [DATE SKIP] #ARG-25 (SHREYAA ENTERPRISES): date 20251129 before start date 20260228
[2026-03-04 12:38:16] [INFO] [DATE SKIP] #IO-649 (SHREYAA ENTERPRISES): date 20251129 before start date 20260228
[2026-03-04 12:38:16] [INFO] [DATE SKIP] #IO-650 (SHREYAA ENTERPRISES): date 20251129 before start date 20260228
[2026-03-04 12:38:16] [INFO] [DATE SKIP] #IO-651 (SHREYAA ENTERPRISES): date 20251129 before start date 20260228
[2026-03-04 12:38:16] [INFO] [DATE SKIP] #IO-652 (SHREYAA ENTERPRISES): date 20251129 before start date 20260228
[2026-03-04 12:38:16] [INFO] [DATE SKIP] #IO-655 (SHREYAA ENTERPRISES): date 20251129 before start date 20260228
[2026-03-04 12:38:16] [INFO] [DATE SKIP] #IO-653 (SHREYAA ENTERPRISES): date 20251129 before start date 20260228
[2026-03-04 12:38:16] [INFO] [DATE SKIP] #IO-654 (SHREYAA ENTERPRISES): date 20251129 before start date 20260228
[2026-03-04 12:38:16] [INFO] [DATE SKIP] #IO-656 (SHREYAA ENTERPRISES): date 20251129 before start date 20260228
[2026-03-04 12:38:16] [INFO] [DATE SKIP] #IO-657 (SHREYAA ENTERPRISES): date 20251129 before start date 20260228
[2026-03-04 12:38:16] [INFO] [DATE SKIP] #IO-658 (SHREYAA ENTERPRISES): date 20251129 before start date 20260228
[2026-03-04 12:38:16] [INFO] [DATE SKIP] #IO-659 (SHREYAA ENTERPRISES): date 20251129 before start date 20260228
[2026-03-04 12:38:16] [INFO] [DATE SKIP] #IO-660 (SHREYAA ENTERPRISES): date 20251129 before start date 20260228
[2026-03-04 12:38:16] [INFO] [DATE SKIP] #IO-661 (SHREYAA ENTERPRISES): date 20251129 before start date 20260228
[2026-03-04 12:38:16] [INFO] [DATE SKIP] #IO-662 (SHREYAA ENTERPRISES): date 20251129 before start date 20260228
[2026-03-04 12:38:16] [INFO] [DATE SKIP] #IO-666 (SHREYAA ENTERPRISES): date 20251129 before start date 20260228
[2026-03-04 12:38:16] [INFO] [DATE SKIP] #IO-722 (SHREYAA ENTERPRISES): date 20251129 before start date 20260228
[2026-03-04 12:38:16] [INFO] [DATE SKIP] #IO-670 (SHREYAA ENTERPRISES): date 20251130 before start date 20260228
[2026-03-04 12:38:16] [INFO] [DATE SKIP] #IO-667 (SHREYAA ENTERPRISES): date 20251201 before start date 20260228
[2026-03-04 12:38:16] [INFO] [DATE SKIP] #IO-668 (SHREYAA ENTERPRISES): date 20251201 before start date 20260228
[2026-03-04 12:38:16] [INFO] [DATE SKIP] #IO-669 (SHREYAA ENTERPRISES): date 20251201 before start date 20260228
[2026-03-04 12:38:16] [INFO] [DATE SKIP] #IO-671 (SHREYAA ENTERPRISES): date 20251201 before start date 20260228
[2026-03-04 12:38:16] [INFO] [DATE SKIP] #IO-672 (SHREYAA ENTERPRISES): date 20251201 before start date 20260228
[2026-03-04 12:38:16] [INFO] [DATE SKIP] #IO-673 (SHREYAA ENTERPRISES): date 20251201 before start date 20260228
[2026-03-04 12:38:16] [INFO] [DATE SKIP] #IO-674 (SHREYAA ENTERPRISES): date 20251201 before start date 20260228
[2026-03-04 12:38:16] [INFO] [DATE SKIP] #IO-675 (SHREYAA ENTERPRISES): date 20251201 before start date 20260228
[2026-03-04 12:38:16] [INFO] [DATE SKIP] #IO-676 (SHREYAA ENTERPRISES): date 20251201 before start date 20260228
[2026-03-04 12:38:16] [INFO] [DATE SKIP] #IO-677 (SHREYAA ENTERPRISES): date 20251201 before start date 20260228
[2026-03-04 12:38:16] [INFO] [DATE SKIP] #IO-678 (SHREYAA ENTERPRISES): date 20251201 before start date 20260228
[2026-03-04 12:38:16] [INFO] [DATE SKIP] #IO-679 (SHREYAA ENTERPRISES): date 20251202 before start date 20260228
[2026-03-04 12:38:16] [INFO] [DATE SKIP] #IO-680 (SHREYAA ENTERPRISES): date 20251202 before start date 20260228
[2026-03-04 12:38:16] [INFO] [DATE SKIP] #IO-681 (SHREYAA ENTERPRISES): date 20251202 before start date 20260228
[2026-03-04 12:38:16] [INFO] [DATE SKIP] #ARG-26 (SHREYAA ENTERPRISES): date 20251202 before start date 20260228
[2026-03-04 12:38:16] [INFO] [DATE SKIP] #IO-682 (SHREYAA ENTERPRISES): date 20251202 before start date 20260228
[2026-03-04 12:38:16] [INFO] [DATE SKIP] #IO-683 (SHREYAA ENTERPRISES): date 20251202 before start date 20260228
[2026-03-04 12:38:16] [INFO] [DATE SKIP] #IO-684 (SHREYAA ENTERPRISES): date 20251202 before start date 20260228
[2026-03-04 12:38:16] [INFO] [DATE SKIP] #MO-8 (SHREYAA ENTERPRISES): date 20251202 before start date 20260228
[2026-03-04 12:38:16] [INFO] [DATE SKIP] #IO-685 (SHREYAA ENTERPRISES): date 20251202 before start date 20260228
[2026-03-04 12:38:16] [INFO] [DATE SKIP] #IO-686 (SHREYAA ENTERPRISES): date 20251202 before start date 20260228
[2026-03-04 12:38:16] [INFO] [DATE SKIP] #IO-687 (SHREYAA ENTERPRISES): date 20251202 before start date 20260228
[2026-03-04 12:38:16] [INFO] [DATE SKIP] #IO-688 (SHREYAA ENTERPRISES): date 20251202 before start date 20260228
[2026-03-04 12:38:16] [INFO] [DATE SKIP] #IO-689 (SHREYAA ENTERPRISES): date 20251202 before start date 20260228
[2026-03-04 12:38:16] [INFO] [DATE SKIP] #IO-690 (SHREYAA ENTERPRISES): date 20251202 before start date 20260228
[2026-03-04 12:38:16] [INFO] [DATE SKIP] #IO-691 (SHREYAA ENTERPRISES): date 20251202 before start date 20260228
[2026-03-04 12:38:16] [INFO] [DATE SKIP] #IO-692 (SHREYAA ENTERPRISES): date 20251202 before start date 20260228
[2026-03-04 12:38:16] [INFO] [DATE SKIP] #IO-693 (SHREYAA ENTERPRISES): date 20251202 before start date 20260228
[2026-03-04 12:38:16] [INFO] [DATE SKIP] #IO-694 (SHREYAA ENTERPRISES): date 20251203 before start date 20260228
[2026-03-04 12:38:16] [INFO] [DATE SKIP] #MO-9 (SHREYAA ENTERPRISES): date 20251203 before start date 20260228
[2026-03-04 12:38:16] [INFO] [DATE SKIP] #MO-10 (SHREYAA ENTERPRISES): date 20251203 before start date 20260228
[2026-03-04 12:38:16] [INFO] [DATE SKIP] #IO-695 (SHREYAA ENTERPRISES): date 20251203 before start date 20260228
[2026-03-04 12:38:16] [INFO] [DATE SKIP] #IO-696 (SHREYAA ENTERPRISES): date 20251203 before start date 20260228
[2026-03-04 12:38:16] [INFO] [DATE SKIP] #IO-697 (SHREYAA ENTERPRISES): date 20251203 before start date 20260228
[2026-03-04 12:38:16] [INFO] [DATE SKIP] #ARG-27 (SHREYAA ENTERPRISES): date 20251203 before start date 20260228
[2026-03-04 12:38:16] [INFO] [DATE SKIP] #IO-698 (SHREYAA ENTERPRISES): date 20251203 before start date 20260228
[2026-03-04 12:38:16] [INFO] [DATE SKIP] #IO-699 (SHREYAA ENTERPRISES): date 20251203 before start date 20260228
[2026-03-04 12:38:16] [INFO] [DATE SKIP] #IO-700 (SHREYAA ENTERPRISES): date 20251203 before start date 20260228
[2026-03-04 12:38:16] [INFO] [DATE SKIP] #IO-701 (SHREYAA ENTERPRISES): date 20251203 before start date 20260228
[2026-03-04 12:38:16] [INFO] [DATE SKIP] #IO-702 (SHREYAA ENTERPRISES): date 20251203 before start date 20260228
[2026-03-04 12:38:16] [INFO] [DATE SKIP] #IO-703 (SHREYAA ENTERPRISES): date 20251203 before start date 20260228
[2026-03-04 12:38:16] [INFO] [DATE SKIP] #IO-704 (SHREYAA ENTERPRISES): date 20251203 before start date 20260228
[2026-03-04 12:38:16] [INFO] [DATE SKIP] #IO-705 (SHREYAA ENTERPRISES): date 20251203 before start date 20260228
[2026-03-04 12:38:16] [INFO] [DATE SKIP] #IO-706 (SHREYAA ENTERPRISES): date 20251203 before start date 20260228
[2026-03-04 12:38:16] [INFO] [DATE SKIP] #IO-707 (SHREYAA ENTERPRISES): date 20251203 before start date 20260228
[2026-03-04 12:38:16] [INFO] [DATE SKIP] #IO-708 (SHREYAA ENTERPRISES): date 20251203 before start date 20260228
[2026-03-04 12:38:16] [INFO] [DATE SKIP] #IO-710 (SHREYAA ENTERPRISES): date 20251204 before start date 20260228
[2026-03-04 12:38:16] [INFO] [DATE SKIP] #MO-11 (SHREYAA ENTERPRISES): date 20251204 before start date 20260228
[2026-03-04 12:38:16] [INFO] [DATE SKIP] #IO-711 (SHREYAA ENTERPRISES): date 20251204 before start date 20260228
[2026-03-04 12:38:16] [INFO] [DATE SKIP] #IO-712 (SHREYAA ENTERPRISES): date 20251204 before start date 20260228
[2026-03-04 12:38:16] [INFO] [DATE SKIP] #22 (SHREYAA ENTERPRISES): date 20251204 before start date 20260228
[2026-03-04 12:38:16] [INFO] [DATE SKIP] #IO-713 (SHREYAA ENTERPRISES): date 20251204 before start date 20260228
[2026-03-04 12:38:16] [INFO] [DATE SKIP] #23 (SHREYAA ENTERPRISES): date 20251204 before start date 20260228
[2026-03-04 12:38:16] [INFO] [DATE SKIP] #IO-714 (SHREYAA ENTERPRISES): date 20251204 before start date 20260228
[2026-03-04 12:38:16] [INFO] [DATE SKIP] #IO-715 (SHREYAA ENTERPRISES): date 20251204 before start date 20260228
[2026-03-04 12:38:16] [INFO] [DATE SKIP] #IO-716 (SHREYAA ENTERPRISES): date 20251204 before start date 20260228
[2026-03-04 12:38:16] [INFO] [DATE SKIP] #IO-717 (SHREYAA ENTERPRISES): date 20251204 before start date 20260228
[2026-03-04 12:38:16] [INFO] [DATE SKIP] #IO-718 (SHREYAA ENTERPRISES): date 20251204 before start date 20260228
[2026-03-04 12:38:16] [INFO] [DATE SKIP] #IO-719 (SHREYAA ENTERPRISES): date 20251204 before start date 20260228
[2026-03-04 12:38:16] [INFO] [DATE SKIP] #IO-720 (SHREYAA ENTERPRISES): date 20251204 before start date 20260228
[2026-03-04 12:38:16] [INFO] [DATE SKIP] #IO-721 (SHREYAA ENTERPRISES): date 20251204 before start date 20260228
[2026-03-04 12:38:16] [INFO] [DATE SKIP] #MO-13 (SHREYAA ENTERPRISES): date 20251204 before start date 20260228
[2026-03-04 12:38:16] [INFO] [DATE SKIP] #IO-723 (SHREYAA ENTERPRISES): date 20251205 before start date 20260228
[2026-03-04 12:38:16] [INFO] [DATE SKIP] #IO-724 (SHREYAA ENTERPRISES): date 20251205 before start date 20260228
[2026-03-04 12:38:16] [INFO] [DATE SKIP] #IO-725 (SHREYAA ENTERPRISES): date 20251205 before start date 20260228
[2026-03-04 12:38:16] [INFO] [DATE SKIP] #MO-14 (SHREYAA ENTERPRISES): date 20251205 before start date 20260228
[2026-03-04 12:38:16] [INFO] [DATE SKIP] #IO-726 (SHREYAA ENTERPRISES): date 20251205 before start date 20260228
[2026-03-04 12:38:16] [INFO] [DATE SKIP] #IO-727 (SHREYAA ENTERPRISES): date 20251205 before start date 20260228
[2026-03-04 12:38:16] [INFO] [DATE SKIP] #MO-15 (SHREYAA ENTERPRISES): date 20251205 before start date 20260228
[2026-03-04 12:38:16] [INFO] [DATE SKIP] #IO-728 (SHREYAA ENTERPRISES): date 20251205 before start date 20260228
[2026-03-04 12:38:16] [INFO] [DATE SKIP] #IO-729 (SHREYAA ENTERPRISES): date 20251205 before start date 20260228
[2026-03-04 12:38:16] [INFO] [DATE SKIP] #IO-730 (SHREYAA ENTERPRISES): date 20251205 before start date 20260228
[2026-03-04 12:38:16] [INFO] [DATE SKIP] #IO-731 (SHREYAA ENTERPRISES): date 20251205 before start date 20260228
[2026-03-04 12:38:16] [INFO] [DATE SKIP] #IO-732 (SHREYAA ENTERPRISES): date 20251205 before start date 20260228
[2026-03-04 12:38:16] [INFO] [DATE SKIP] #IO-733 (SHREYAA ENTERPRISES): date 20251205 before start date 20260228
[2026-03-04 12:38:16] [INFO] [DATE SKIP] #IO-734 (SHREYAA ENTERPRISES): date 20251205 before start date 20260228
[2026-03-04 12:38:16] [INFO] [DATE SKIP] #IO-735 (SHREYAA ENTERPRISES): date 20251205 before start date 20260228
[2026-03-04 12:38:16] [INFO] [DATE SKIP] #MO-16 (SHREYAA ENTERPRISES): date 20251205 before start date 20260228
[2026-03-04 12:38:16] [INFO] [DATE SKIP] #IO-736 (SHREYAA ENTERPRISES): date 20251205 before start date 20260228
[2026-03-04 12:38:16] [INFO] [DATE SKIP] #IO-737 (SHREYAA ENTERPRISES): date 20251205 before start date 20260228
[2026-03-04 12:38:16] [INFO] [DATE SKIP] #IO-738 (SHREYAA ENTERPRISES): date 20251206 before start date 20260228
[2026-03-04 12:38:16] [INFO] [DATE SKIP] #ARG-28 (SHREYAA ENTERPRISES): date 20251206 before start date 20260228
[2026-03-04 12:38:16] [INFO] [DATE SKIP] #IO-739 (SHREYAA ENTERPRISES): date 20251206 before start date 20260228
[2026-03-04 12:38:16] [INFO] [DATE SKIP] #IO-743 (SHREYAA ENTERPRISES): date 20251206 before start date 20260228
[2026-03-04 12:38:16] [INFO] [DATE SKIP] #MO-18 (SHREYAA ENTERPRISES): date 20251206 before start date 20260228
[2026-03-04 12:38:16] [INFO] [DATE SKIP] #IO-740 (SHREYAA ENTERPRISES): date 20251206 before start date 20260228
[2026-03-04 12:38:16] [INFO] [DATE SKIP] #IO-741 (SHREYAA ENTERPRISES): date 20251206 before start date 20260228
[2026-03-04 12:38:16] [INFO] [DATE SKIP] #IO-742 (SHREYAA ENTERPRISES): date 20251206 before start date 20260228
[2026-03-04 12:38:16] [INFO] [DATE SKIP] #IO-744 (SHREYAA ENTERPRISES): date 20251206 before start date 20260228
[2026-03-04 12:38:16] [INFO] [DATE SKIP] #IO-745 (SHREYAA ENTERPRISES): date 20251206 before start date 20260228
[2026-03-04 12:38:16] [INFO] [DATE SKIP] #IO-749 (SHREYAA ENTERPRISES): date 20251208 before start date 20260228
[2026-03-04 12:38:16] [INFO] [DATE SKIP] #IO-746 (SHREYAA ENTERPRISES): date 20251208 before start date 20260228
[2026-03-04 12:38:16] [INFO] [DATE SKIP] #IO-747 (SHREYAA ENTERPRISES): date 20251208 before start date 20260228
[2026-03-04 12:38:16] [INFO] [DATE SKIP] #IO-748 (SHREYAA ENTERPRISES): date 20251208 before start date 20260228
[2026-03-04 12:38:16] [INFO] [DATE SKIP] #IO-750 (SHREYAA ENTERPRISES): date 20251208 before start date 20260228
[2026-03-04 12:38:16] [INFO] [DATE SKIP] #IO-751 (SHREYAA ENTERPRISES): date 20251208 before start date 20260228
[2026-03-04 12:38:16] [INFO] [DATE SKIP] #IO-752 (SHREYAA ENTERPRISES): date 20251208 before start date 20260228
[2026-03-04 12:38:16] [INFO] [DATE SKIP] #MO-20 (SHREYAA ENTERPRISES): date 20251208 before start date 20260228
[2026-03-04 12:38:16] [INFO] [DATE SKIP] #24 (SHREYAA ENTERPRISES): date 20251208 before start date 20260228
[2026-03-04 12:38:16] [INFO] [DATE SKIP] #IO-753 (SHREYAA ENTERPRISES): date 20251208 before start date 20260228
[2026-03-04 12:38:16] [INFO] [DATE SKIP] #IO-754 (SHREYAA ENTERPRISES): date 20251208 before start date 20260228
[2026-03-04 12:38:16] [INFO] [DATE SKIP] #IO-755 (SHREYAA ENTERPRISES): date 20251208 before start date 20260228
[2026-03-04 12:38:16] [INFO] [DATE SKIP] #25 (SHREYAA ENTERPRISES): date 20251208 before start date 20260228
[2026-03-04 12:38:16] [INFO] [DATE SKIP] #IO-756 (SHREYAA ENTERPRISES): date 20251208 before start date 20260228
[2026-03-04 12:38:16] [INFO] [DATE SKIP] #ARG-29 (SHREYAA ENTERPRISES): date 20251208 before start date 20260228
[2026-03-04 12:38:16] [INFO] [DATE SKIP] #MO-22 (SHREYAA ENTERPRISES): date 20251208 before start date 20260228
[2026-03-04 12:38:16] [INFO] [DATE SKIP] #MO-23 (SHREYAA ENTERPRISES): date 20251208 before start date 20260228
[2026-03-04 12:38:16] [INFO] [DATE SKIP] #ARG-30 (SHREYAA ENTERPRISES): date 20251209 before start date 20260228
[2026-03-04 12:38:16] [INFO] [DATE SKIP] #IO-757 (SHREYAA ENTERPRISES): date 20251209 before start date 20260228
[2026-03-04 12:38:16] [INFO] [DATE SKIP] #IO-758 (SHREYAA ENTERPRISES): date 20251209 before start date 20260228
[2026-03-04 12:38:16] [INFO] [DATE SKIP] #IO-759 (SHREYAA ENTERPRISES): date 20251209 before start date 20260228
[2026-03-04 12:38:16] [INFO] [DATE SKIP] #IO-760 (SHREYAA ENTERPRISES): date 20251209 before start date 20260228
[2026-03-04 12:38:16] [INFO] [DATE SKIP] #IO-761 (SHREYAA ENTERPRISES): date 20251209 before start date 20260228
[2026-03-04 12:38:16] [INFO] [DATE SKIP] #IO-762 (SHREYAA ENTERPRISES): date 20251209 before start date 20260228
[2026-03-04 12:38:16] [INFO] [DATE SKIP] #IO-763 (SHREYAA ENTERPRISES): date 20251209 before start date 20260228
[2026-03-04 12:38:16] [INFO] [DATE SKIP] #IO-764 (SHREYAA ENTERPRISES): date 20251209 before start date 20260228
[2026-03-04 12:38:16] [INFO] [DATE SKIP] #IO-765 (SHREYAA ENTERPRISES): date 20251209 before start date 20260228
[2026-03-04 12:38:16] [INFO] [DATE SKIP] #IO-766 (SHREYAA ENTERPRISES): date 20251209 before start date 20260228
[2026-03-04 12:38:16] [INFO] [DATE SKIP] #IO-767 (SHREYAA ENTERPRISES): date 20251209 before start date 20260228
[2026-03-04 12:38:16] [INFO] [DATE SKIP] #IO-768 (SHREYAA ENTERPRISES): date 20251209 before start date 20260228
[2026-03-04 12:38:16] [INFO] [DATE SKIP] #26 (SHREYAA ENTERPRISES): date 20251209 before start date 20260228
[2026-03-04 12:38:16] [INFO] [DATE SKIP] #IO-769 (SHREYAA ENTERPRISES): date 20251209 before start date 20260228
[2026-03-04 12:38:16] [INFO] [DATE SKIP] #IO-770 (SHREYAA ENTERPRISES): date 20251210 before start date 20260228
[2026-03-04 12:38:16] [INFO] [DATE SKIP] #IO-771 (SHREYAA ENTERPRISES): date 20251210 before start date 20260228
[2026-03-04 12:38:16] [INFO] [DATE SKIP] #CO2-27 (SHREYAA ENTERPRISES): date 20251210 before start date 20260228
[2026-03-04 12:38:16] [INFO] [DATE SKIP] #IO-772 (SHREYAA ENTERPRISES): date 20251210 before start date 20260228
[2026-03-04 12:38:16] [INFO] [DATE SKIP] #IO-773 (SHREYAA ENTERPRISES): date 20251210 before start date 20260228
[2026-03-04 12:38:16] [INFO] [DATE SKIP] #IO-774 (SHREYAA ENTERPRISES): date 20251210 before start date 20260228
[2026-03-04 12:38:16] [INFO] [DATE SKIP] #MO-24 (SHREYAA ENTERPRISES): date 20251210 before start date 20260228
[2026-03-04 12:38:16] [INFO] [DATE SKIP] #CO2-28 (SHREYAA ENTERPRISES): date 20251210 before start date 20260228
[2026-03-04 12:38:16] [INFO] [DATE SKIP] #IO-775 (SHREYAA ENTERPRISES): date 20251210 before start date 20260228
[2026-03-04 12:38:16] [INFO] [DATE SKIP] #IO-776 (SHREYAA ENTERPRISES): date 20251210 before start date 20260228
[2026-03-04 12:38:16] [INFO] [DATE SKIP] #IO-777 (SHREYAA ENTERPRISES): date 20251210 before start date 20260228
[2026-03-04 12:38:16] [INFO] [DATE SKIP] #IO-778 (SHREYAA ENTERPRISES): date 20251210 before start date 20260228
[2026-03-04 12:38:16] [INFO] [DATE SKIP] #IO-779 (SHREYAA ENTERPRISES): date 20251210 before start date 20260228
[2026-03-04 12:38:16] [INFO] [DATE SKIP] #IO-780 (SHREYAA ENTERPRISES): date 20251210 before start date 20260228
[2026-03-04 12:38:16] [INFO] [DATE SKIP] #IO-781 (SHREYAA ENTERPRISES): date 20251210 before start date 20260228
[2026-03-04 12:38:16] [INFO] [DATE SKIP] #IO-782 (SHREYAA ENTERPRISES): date 20251210 before start date 20260228
[2026-03-04 12:38:16] [INFO] [DATE SKIP] #IO-783 (SHREYAA ENTERPRISES): date 20251210 before start date 20260228
[2026-03-04 12:38:16] [INFO] [DATE SKIP] #IO-784 (SHREYAA ENTERPRISES): date 20251210 before start date 20260228
[2026-03-04 12:38:16] [INFO] [DATE SKIP] #IO-785 (SHREYAA ENTERPRISES): date 20251210 before start date 20260228
[2026-03-04 12:38:16] [INFO] [DATE SKIP] #MO-27 (SHREYAA ENTERPRISES): date 20251210 before start date 20260228
[2026-03-04 12:38:16] [INFO] [DATE SKIP] #IO-786 (SHREYAA ENTERPRISES): date 20251211 before start date 20260228
[2026-03-04 12:38:16] [INFO] [DATE SKIP] #IO-787 (SHREYAA ENTERPRISES): date 20251211 before start date 20260228
[2026-03-04 12:38:16] [INFO] [DATE SKIP] #IO-788 (SHREYAA ENTERPRISES): date 20251211 before start date 20260228
[2026-03-04 12:38:16] [INFO] [DATE SKIP] #IO-789 (SHREYAA ENTERPRISES): date 20251211 before start date 20260228
[2026-03-04 12:38:16] [INFO] [DATE SKIP] #LPG-5 (SHREYAA ENTERPRISES): date 20251211 before start date 20260228
[2026-03-04 12:38:16] [INFO] [DATE SKIP] #LPG-6 (SHREYAA ENTERPRISES): date 20251211 before start date 20260228
[2026-03-04 12:38:16] [INFO] [DATE SKIP] #IO-790 (SHREYAA ENTERPRISES): date 20251211 before start date 20260228
[2026-03-04 12:38:16] [INFO] [DATE SKIP] #IO-791 (SHREYAA ENTERPRISES): date 20251211 before start date 20260228
[2026-03-04 12:38:16] [INFO] [DATE SKIP] #IO-792 (SHREYAA ENTERPRISES): date 20251211 before start date 20260228
[2026-03-04 12:38:16] [INFO] [DATE SKIP] #IO-793 (SHREYAA ENTERPRISES): date 20251211 before start date 20260228
[2026-03-04 12:38:16] [INFO] [DATE SKIP] #IO-794 (SHREYAA ENTERPRISES): date 20251211 before start date 20260228
[2026-03-04 12:38:16] [INFO] [DATE SKIP] #IO-795 (SHREYAA ENTERPRISES): date 20251211 before start date 20260228
[2026-03-04 12:38:16] [INFO] [DATE SKIP] #IO-796 (SHREYAA ENTERPRISES): date 20251211 before start date 20260228
[2026-03-04 12:38:16] [INFO] [DATE SKIP] #IO-797 (SHREYAA ENTERPRISES): date 20251211 before start date 20260228
[2026-03-04 12:38:16] [INFO] [DATE SKIP] #IO-798 (SHREYAA ENTERPRISES): date 20251211 before start date 20260228
[2026-03-04 12:38:16] [INFO] [DATE SKIP] #IO-799 (SHREYAA ENTERPRISES): date 20251211 before start date 20260228
[2026-03-04 12:38:16] [INFO] [DATE SKIP] #IO-800 (SHREYAA ENTERPRISES): date 20251211 before start date 20260228
[2026-03-04 12:38:16] [INFO] [DATE SKIP] #IO-801 (SHREYAA ENTERPRISES): date 20251211 before start date 20260228
[2026-03-04 12:38:16] [INFO] [DATE SKIP] #IO-802 (SHREYAA ENTERPRISES): date 20251211 before start date 20260228
[2026-03-04 12:38:16] [INFO] [DATE SKIP] #IO-803 (SHREYAA ENTERPRISES): date 20251212 before start date 20260228
[2026-03-04 12:38:16] [INFO] [DATE SKIP] #CO2-29 (SHREYAA ENTERPRISES): date 20251212 before start date 20260228
[2026-03-04 12:38:16] [INFO] [DATE SKIP] #IO-804 (SHREYAA ENTERPRISES): date 20251212 before start date 20260228
[2026-03-04 12:38:16] [INFO] [DATE SKIP] #IO-805 (SHREYAA ENTERPRISES): date 20251212 before start date 20260228
[2026-03-04 12:38:16] [INFO] [DATE SKIP] #IO-806 (SHREYAA ENTERPRISES): date 20251212 before start date 20260228
[2026-03-04 12:38:16] [INFO] [DATE SKIP] #IO-807 (SHREYAA ENTERPRISES): date 20251212 before start date 20260228
[2026-03-04 12:38:16] [INFO] [DATE SKIP] #IO-808 (SHREYAA ENTERPRISES): date 20251212 before start date 20260228
[2026-03-04 12:38:16] [INFO] [DATE SKIP] #IO-809 (SHREYAA ENTERPRISES): date 20251212 before start date 20260228
[2026-03-04 12:38:16] [INFO] [DATE SKIP] #IO-810 (SHREYAA ENTERPRISES): date 20251212 before start date 20260228
[2026-03-04 12:38:16] [INFO] [DATE SKIP] #IO-811 (SHREYAA ENTERPRISES): date 20251212 before start date 20260228
[2026-03-04 12:38:16] [INFO] [DATE SKIP] #IO-812 (SHREYAA ENTERPRISES): date 20251212 before start date 20260228
[2026-03-04 12:38:16] [INFO] [DATE SKIP] #IO-813 (SHREYAA ENTERPRISES): date 20251212 before start date 20260228
[2026-03-04 12:38:16] [INFO] [DATE SKIP] #IO-814 (SHREYAA ENTERPRISES): date 20251212 before start date 20260228
[2026-03-04 12:38:16] [INFO] [DATE SKIP] #IO-815 (SHREYAA ENTERPRISES): date 20251212 before start date 20260228
[2026-03-04 12:38:16] [INFO] [DATE SKIP] #IO-819 (SHREYAA ENTERPRISES): date 20251213 before start date 20260228
[2026-03-04 12:38:16] [INFO] [DATE SKIP] #IO-816 (SHREYAA ENTERPRISES): date 20251213 before start date 20260228
[2026-03-04 12:38:16] [INFO] [DATE SKIP] #IO-817 (SHREYAA ENTERPRISES): date 20251213 before start date 20260228
[2026-03-04 12:38:16] [INFO] [DATE SKIP] #IO-818 (SHREYAA ENTERPRISES): date 20251213 before start date 20260228
[2026-03-04 12:38:16] [INFO] [DATE SKIP] #IO-820 (SHREYAA ENTERPRISES): date 20251213 before start date 20260228
[2026-03-04 12:38:16] [INFO] [DATE SKIP] #IO-821 (SHREYAA ENTERPRISES): date 20251213 before start date 20260228
[2026-03-04 12:38:16] [INFO] [DATE SKIP] #IO-822 (SHREYAA ENTERPRISES): date 20251213 before start date 20260228
[2026-03-04 12:38:16] [INFO] [DATE SKIP] #IO-823 (SHREYAA ENTERPRISES): date 20251213 before start date 20260228
[2026-03-04 12:38:16] [INFO] [DATE SKIP] #IO-824 (SHREYAA ENTERPRISES): date 20251213 before start date 20260228
[2026-03-04 12:38:16] [INFO] [DATE SKIP] #IO-825 (SHREYAA ENTERPRISES): date 20251215 before start date 20260228
[2026-03-04 12:38:16] [INFO] [DATE SKIP] #IO-826 (SHREYAA ENTERPRISES): date 20251215 before start date 20260228
[2026-03-04 12:38:16] [INFO] [DATE SKIP] #IO-827 (SHREYAA ENTERPRISES): date 20251215 before start date 20260228
[2026-03-04 12:38:16] [INFO] [DATE SKIP] #IO-828 (SHREYAA ENTERPRISES): date 20251215 before start date 20260228
[2026-03-04 12:38:16] [INFO] [DATE SKIP] #IO-829 (SHREYAA ENTERPRISES): date 20251215 before start date 20260228
[2026-03-04 12:38:16] [INFO] [DATE SKIP] #IO-830 (SHREYAA ENTERPRISES): date 20251215 before start date 20260228
[2026-03-04 12:38:16] [INFO] [DATE SKIP] #IO-831 (SHREYAA ENTERPRISES): date 20251215 before start date 20260228
[2026-03-04 12:38:16] [INFO] [DATE SKIP] #IO-832 (SHREYAA ENTERPRISES): date 20251215 before start date 20260228
[2026-03-04 12:38:16] [INFO] [DATE SKIP] #IO-833 (SHREYAA ENTERPRISES): date 20251215 before start date 20260228
[2026-03-04 12:38:16] [INFO] [DATE SKIP] #IO-834 (SHREYAA ENTERPRISES): date 20251215 before start date 20260228
[2026-03-04 12:38:16] [INFO] [DATE SKIP] #IO-835 (SHREYAA ENTERPRISES): date 20251215 before start date 20260228
[2026-03-04 12:38:16] [INFO] [DATE SKIP] #IO-836 (SHREYAA ENTERPRISES): date 20251215 before start date 20260228
[2026-03-04 12:38:16] [INFO] [DATE SKIP] #IO-837 (SHREYAA ENTERPRISES): date 20251215 before start date 20260228
[2026-03-04 12:38:16] [INFO] [DATE SKIP] #IO-838 (SHREYAA ENTERPRISES): date 20251215 before start date 20260228
[2026-03-04 12:38:16] [INFO] [DATE SKIP] #IO-839 (SHREYAA ENTERPRISES): date 20251215 before start date 20260228
[2026-03-04 12:38:16] [INFO] [DATE SKIP] #27 (SHREYAA ENTERPRISES): date 20251215 before start date 20260228
[2026-03-04 12:38:16] [INFO] [DATE SKIP] #IO-840 (SHREYAA ENTERPRISES): date 20251215 before start date 20260228
[2026-03-04 12:38:16] [INFO] [DATE SKIP] #28 (SHREYAA ENTERPRISES): date 20251215 before start date 20260228
[2026-03-04 12:38:16] [INFO] [DATE SKIP] #IO-841 (SHREYAA ENTERPRISES): date 20251215 before start date 20260228
[2026-03-04 12:38:16] [INFO] [DATE SKIP] #IO-842 (SHREYAA ENTERPRISES): date 20251215 before start date 20260228
[2026-03-04 12:38:16] [INFO] [DATE SKIP] #IO-843 (SHREYAA ENTERPRISES): date 20251215 before start date 20260228
[2026-03-04 12:38:16] [INFO] [DATE SKIP] #IO-844 (SHREYAA ENTERPRISES): date 20251216 before start date 20260228
[2026-03-04 12:38:16] [INFO] [DATE SKIP] #MO-29 (SHREYAA ENTERPRISES): date 20251216 before start date 20260228
[2026-03-04 12:38:16] [INFO] [DATE SKIP] #IO-845 (SHREYAA ENTERPRISES): date 20251216 before start date 20260228
[2026-03-04 12:38:16] [INFO] [DATE SKIP] #IO-846 (SHREYAA ENTERPRISES): date 20251216 before start date 20260228
[2026-03-04 12:38:16] [INFO] [DATE SKIP] #IO-847 (SHREYAA ENTERPRISES): date 20251216 before start date 20260228
[2026-03-04 12:38:16] [INFO] [DATE SKIP] #LPG-7 (SHREYAA ENTERPRISES): date 20251216 before start date 20260228
[2026-03-04 12:38:16] [INFO] [DATE SKIP] #IO-848 (SHREYAA ENTERPRISES): date 20251216 before start date 20260228
[2026-03-04 12:38:16] [INFO] [DATE SKIP] #IO-849 (SHREYAA ENTERPRISES): date 20251216 before start date 20260228
[2026-03-04 12:38:16] [INFO] [DATE SKIP] #IO-850 (SHREYAA ENTERPRISES): date 20251216 before start date 20260228
[2026-03-04 12:38:16] [INFO] [DATE SKIP] #IO-851 (SHREYAA ENTERPRISES): date 20251216 before start date 20260228
[2026-03-04 12:38:16] [INFO] [DATE SKIP] #IO-852 (SHREYAA ENTERPRISES): date 20251216 before start date 20260228
[2026-03-04 12:38:16] [INFO] [DATE SKIP] #IO-853 (SHREYAA ENTERPRISES): date 20251216 before start date 20260228
[2026-03-04 12:38:16] [INFO] [DATE SKIP] #IO-854 (SHREYAA ENTERPRISES): date 20251216 before start date 20260228
[2026-03-04 12:38:16] [INFO] [DATE SKIP] #IO-855 (SHREYAA ENTERPRISES): date 20251216 before start date 20260228
[2026-03-04 12:38:16] [INFO] [DATE SKIP] #IO-856 (SHREYAA ENTERPRISES): date 20251216 before start date 20260228
[2026-03-04 12:38:16] [INFO] [DATE SKIP] #IO-857 (SHREYAA ENTERPRISES): date 20251216 before start date 20260228
[2026-03-04 12:38:16] [INFO] [DATE SKIP] #IO-858 (SHREYAA ENTERPRISES): date 20251216 before start date 20260228
[2026-03-04 12:38:16] [INFO] [DATE SKIP] #IO-859 (SHREYAA ENTERPRISES): date 20251216 before start date 20260228
[2026-03-04 12:38:16] [INFO] [DATE SKIP] #ARG-32 (SHREYAA ENTERPRISES): date 20251216 before start date 20260228
[2026-03-04 12:38:16] [INFO] [DATE SKIP] #IO-862 (SHREYAA ENTERPRISES): date 20251217 before start date 20260228
[2026-03-04 12:38:16] [INFO] [DATE SKIP] #IO-860 (SHREYAA ENTERPRISES): date 20251217 before start date 20260228
[2026-03-04 12:38:16] [INFO] [DATE SKIP] #IO-861 (SHREYAA ENTERPRISES): date 20251217 before start date 20260228
[2026-03-04 12:38:16] [INFO] [DATE SKIP] #IO-863 (SHREYAA ENTERPRISES): date 20251217 before start date 20260228
[2026-03-04 12:38:16] [INFO] [DATE SKIP] #IO-864 (SHREYAA ENTERPRISES): date 20251217 before start date 20260228
[2026-03-04 12:38:16] [INFO] [DATE SKIP] #ARG-33 (SHREYAA ENTERPRISES): date 20251217 before start date 20260228
[2026-03-04 12:38:16] [INFO] [DATE SKIP] #IO-865 (SHREYAA ENTERPRISES): date 20251217 before start date 20260228
[2026-03-04 12:38:16] [INFO] [DATE SKIP] #IO-866 (SHREYAA ENTERPRISES): date 20251217 before start date 20260228
[2026-03-04 12:38:16] [INFO] [DATE SKIP] #IO-867 (SHREYAA ENTERPRISES): date 20251217 before start date 20260228
[2026-03-04 12:38:16] [INFO] [DATE SKIP] #IO-868 (SHREYAA ENTERPRISES): date 20251217 before start date 20260228
[2026-03-04 12:38:17] [INFO] [DATE SKIP] #IO-869 (SHREYAA ENTERPRISES): date 20251217 before start date 20260228
[2026-03-04 12:38:17] [INFO] [DATE SKIP] #IO-870 (SHREYAA ENTERPRISES): date 20251217 before start date 20260228
[2026-03-04 12:38:17] [INFO] [DATE SKIP] #IO-871 (SHREYAA ENTERPRISES): date 20251217 before start date 20260228
[2026-03-04 12:38:17] [INFO] [DATE SKIP] #29 (SHREYAA ENTERPRISES): date 20251217 before start date 20260228
[2026-03-04 12:38:17] [INFO] [DATE SKIP] #IO-872 (SHREYAA ENTERPRISES): date 20251217 before start date 20260228
[2026-03-04 12:38:17] [INFO] [DATE SKIP] #IO-873 (SHREYAA ENTERPRISES): date 20251217 before start date 20260228
[2026-03-04 12:38:17] [INFO] [DATE SKIP] #IO-874 (SHREYAA ENTERPRISES): date 20251217 before start date 20260228
[2026-03-04 12:38:17] [INFO] [DATE SKIP] #IO-875 (SHREYAA ENTERPRISES): date 20251217 before start date 20260228
[2026-03-04 12:38:17] [INFO] [DATE SKIP] #IO-876 (SHREYAA ENTERPRISES): date 20251217 before start date 20260228
[2026-03-04 12:38:17] [INFO] [DATE SKIP] #IO-877 (SHREYAA ENTERPRISES): date 20251217 before start date 20260228
[2026-03-04 12:38:17] [INFO] [DATE SKIP] #IO-929 (SHREYAA ENTERPRISES): date 20251217 before start date 20260228
[2026-03-04 12:38:17] [INFO] [DATE SKIP] #IO-930 (SHREYAA ENTERPRISES): date 20251217 before start date 20260228
[2026-03-04 12:38:17] [INFO] [DATE SKIP] #IO-931 (SHREYAA ENTERPRISES): date 20251217 before start date 20260228
[2026-03-04 12:38:17] [INFO] [DATE SKIP] #IO-878 (SHREYAA ENTERPRISES): date 20251218 before start date 20260228
[2026-03-04 12:38:17] [INFO] [DATE SKIP] #IO-879 (SHREYAA ENTERPRISES): date 20251218 before start date 20260228
[2026-03-04 12:38:17] [INFO] [DATE SKIP] #IO-880 (SHREYAA ENTERPRISES): date 20251218 before start date 20260228
[2026-03-04 12:38:17] [INFO] [DATE SKIP] #IO-881 (SHREYAA ENTERPRISES): date 20251218 before start date 20260228
[2026-03-04 12:38:17] [INFO] [DATE SKIP] #IO-882 (SHREYAA ENTERPRISES): date 20251218 before start date 20260228
[2026-03-04 12:38:17] [INFO] [DATE SKIP] #IO-883 (SHREYAA ENTERPRISES): date 20251218 before start date 20260228
[2026-03-04 12:38:17] [INFO] [DATE SKIP] #IO-884 (SHREYAA ENTERPRISES): date 20251218 before start date 20260228
[2026-03-04 12:38:17] [INFO] [DATE SKIP] #IO-885 (SHREYAA ENTERPRISES): date 20251218 before start date 20260228
[2026-03-04 12:38:17] [INFO] [DATE SKIP] #IO-886 (SHREYAA ENTERPRISES): date 20251218 before start date 20260228
[2026-03-04 12:38:17] [INFO] [DATE SKIP] #IO-887 (SHREYAA ENTERPRISES): date 20251218 before start date 20260228
[2026-03-04 12:38:17] [INFO] [DATE SKIP] #MO-30 (SHREYAA ENTERPRISES): date 20251218 before start date 20260228
[2026-03-04 12:38:17] [INFO] [DATE SKIP] #IO-888 (SHREYAA ENTERPRISES): date 20251218 before start date 20260228
[2026-03-04 12:38:17] [INFO] [DATE SKIP] #IO-889 (SHREYAA ENTERPRISES): date 20251218 before start date 20260228
[2026-03-04 12:38:17] [INFO] [DATE SKIP] #IO-890 (SHREYAA ENTERPRISES): date 20251218 before start date 20260228
[2026-03-04 12:38:17] [INFO] [DATE SKIP] #IO-891 (SHREYAA ENTERPRISES): date 20251218 before start date 20260228
[2026-03-04 12:38:17] [INFO] [DATE SKIP] #IO-892 (SHREYAA ENTERPRISES): date 20251218 before start date 20260228
[2026-03-04 12:38:17] [INFO] [DATE SKIP] #IO-893 (SHREYAA ENTERPRISES): date 20251218 before start date 20260228
[2026-03-04 12:38:17] [INFO] [DATE SKIP] #IO-894 (SHREYAA ENTERPRISES): date 20251218 before start date 20260228
[2026-03-04 12:38:17] [INFO] [DATE SKIP] #IO-895 (SHREYAA ENTERPRISES): date 20251218 before start date 20260228
[2026-03-04 12:38:17] [INFO] [DATE SKIP] #IO-896 (SHREYAA ENTERPRISES): date 20251218 before start date 20260228
[2026-03-04 12:38:17] [INFO] [DATE SKIP] #IO-897 (SHREYAA ENTERPRISES): date 20251218 before start date 20260228
[2026-03-04 12:38:17] [INFO] [DATE SKIP] #IO-898 (SHREYAA ENTERPRISES): date 20251218 before start date 20260228
[2026-03-04 12:38:17] [INFO] [DATE SKIP] #IO-899 (SHREYAA ENTERPRISES): date 20251218 before start date 20260228
[2026-03-04 12:38:17] [INFO] [DATE SKIP] #IO-900 (SHREYAA ENTERPRISES): date 20251218 before start date 20260228
[2026-03-04 12:38:17] [INFO] [DATE SKIP] #IO-901 (SHREYAA ENTERPRISES): date 20251218 before start date 20260228
[2026-03-04 12:38:17] [INFO] [DATE SKIP] #IO-902 (SHREYAA ENTERPRISES): date 20251219 before start date 20260228
[2026-03-04 12:38:17] [INFO] [DATE SKIP] #IO-903 (SHREYAA ENTERPRISES): date 20251219 before start date 20260228
[2026-03-04 12:38:17] [INFO] [DATE SKIP] #IO-904 (SHREYAA ENTERPRISES): date 20251219 before start date 20260228
[2026-03-04 12:38:17] [INFO] [DATE SKIP] #IO-905 (SHREYAA ENTERPRISES): date 20251219 before start date 20260228
[2026-03-04 12:38:17] [INFO] [DATE SKIP] #IO-906 (SHREYAA ENTERPRISES): date 20251219 before start date 20260228
[2026-03-04 12:38:17] [INFO] [DATE SKIP] #IO-907 (SHREYAA ENTERPRISES): date 20251219 before start date 20260228
[2026-03-04 12:38:17] [INFO] [DATE SKIP] #MO-31 (SHREYAA ENTERPRISES): date 20251219 before start date 20260228
[2026-03-04 12:38:17] [INFO] [DATE SKIP] #IO-908 (SHREYAA ENTERPRISES): date 20251219 before start date 20260228
[2026-03-04 12:38:17] [INFO] [DATE SKIP] #IO-909 (SHREYAA ENTERPRISES): date 20251219 before start date 20260228
[2026-03-04 12:38:17] [INFO] [DATE SKIP] #IO-910 (SHREYAA ENTERPRISES): date 20251219 before start date 20260228
[2026-03-04 12:38:17] [INFO] [DATE SKIP] #IO-911 (SHREYAA ENTERPRISES): date 20251219 before start date 20260228
[2026-03-04 12:38:17] [INFO] [DATE SKIP] #IO-912 (SHREYAA ENTERPRISES): date 20251219 before start date 20260228
[2026-03-04 12:38:17] [INFO] [DATE SKIP] #IO-913 (SHREYAA ENTERPRISES): date 20251219 before start date 20260228
[2026-03-04 12:38:17] [INFO] [DATE SKIP] #IO-1042 (SHREYAA ENTERPRISES): date 20251219 before start date 20260228
[2026-03-04 12:38:17] [INFO] [DATE SKIP] #IO-914 (SHREYAA ENTERPRISES): date 20251220 before start date 20260228
[2026-03-04 12:38:17] [INFO] [DATE SKIP] #IO-915 (SHREYAA ENTERPRISES): date 20251220 before start date 20260228
[2026-03-04 12:38:17] [INFO] [DATE SKIP] #IO-916 (SHREYAA ENTERPRISES): date 20251220 before start date 20260228
[2026-03-04 12:38:17] [INFO] [DATE SKIP] #IO-917 (SHREYAA ENTERPRISES): date 20251220 before start date 20260228
[2026-03-04 12:38:17] [INFO] [DATE SKIP] #IO-918 (SHREYAA ENTERPRISES): date 20251220 before start date 20260228
[2026-03-04 12:38:17] [INFO] [DATE SKIP] #IO-919 (SHREYAA ENTERPRISES): date 20251220 before start date 20260228
[2026-03-04 12:38:17] [INFO] [DATE SKIP] #IO-920 (SHREYAA ENTERPRISES): date 20251220 before start date 20260228
[2026-03-04 12:38:17] [INFO] [DATE SKIP] #IO-921 (SHREYAA ENTERPRISES): date 20251220 before start date 20260228
[2026-03-04 12:38:17] [INFO] [DATE SKIP] #IO-922 (SHREYAA ENTERPRISES): date 20251220 before start date 20260228
[2026-03-04 12:38:17] [INFO] [DATE SKIP] #IO-923 (SHREYAA ENTERPRISES): date 20251220 before start date 20260228
[2026-03-04 12:38:17] [INFO] [DATE SKIP] #IO-924 (SHREYAA ENTERPRISES): date 20251220 before start date 20260228
[2026-03-04 12:38:17] [INFO] [DATE SKIP] #IO-925 (SHREYAA ENTERPRISES): date 20251220 before start date 20260228
[2026-03-04 12:38:17] [INFO] [DATE SKIP] #IO-926 (SHREYAA ENTERPRISES): date 20251220 before start date 20260228
[2026-03-04 12:38:17] [INFO] [DATE SKIP] #IO-927 (SHREYAA ENTERPRISES): date 20251220 before start date 20260228
[2026-03-04 12:38:17] [INFO] [DATE SKIP] #IO-928 (SHREYAA ENTERPRISES): date 20251220 before start date 20260228
[2026-03-04 12:38:17] [INFO] [DATE SKIP] #IO-932 (SHREYAA ENTERPRISES): date 20251222 before start date 20260228
[2026-03-04 12:38:17] [INFO] [DATE SKIP] #IO-933 (SHREYAA ENTERPRISES): date 20251222 before start date 20260228
[2026-03-04 12:38:17] [INFO] [DATE SKIP] #IO-934 (SHREYAA ENTERPRISES): date 20251222 before start date 20260228
[2026-03-04 12:38:17] [INFO] [DATE SKIP] #IO-935 (SHREYAA ENTERPRISES): date 20251222 before start date 20260228
[2026-03-04 12:38:17] [INFO] [DATE SKIP] #IO-936 (SHREYAA ENTERPRISES): date 20251222 before start date 20260228
[2026-03-04 12:38:17] [INFO] [DATE SKIP] #IO-937 (SHREYAA ENTERPRISES): date 20251222 before start date 20260228
[2026-03-04 12:38:17] [INFO] [DATE SKIP] #IO-938 (SHREYAA ENTERPRISES): date 20251222 before start date 20260228
[2026-03-04 12:38:17] [INFO] [DATE SKIP] #IO-939 (SHREYAA ENTERPRISES): date 20251222 before start date 20260228
[2026-03-04 12:38:17] [INFO] [DATE SKIP] #IO-940 (SHREYAA ENTERPRISES): date 20251222 before start date 20260228
[2026-03-04 12:38:17] [INFO] [DATE SKIP] #IO-941 (SHREYAA ENTERPRISES): date 20251222 before start date 20260228
[2026-03-04 12:38:17] [INFO] [DATE SKIP] #IO-942 (SHREYAA ENTERPRISES): date 20251222 before start date 20260228
[2026-03-04 12:38:17] [INFO] [DATE SKIP] #IO-943 (SHREYAA ENTERPRISES): date 20251222 before start date 20260228
[2026-03-04 12:38:17] [INFO] [DATE SKIP] #IO-944 (SHREYAA ENTERPRISES): date 20251222 before start date 20260228
[2026-03-04 12:38:17] [INFO] [DATE SKIP] #IO-945 (SHREYAA ENTERPRISES): date 20251222 before start date 20260228
[2026-03-04 12:38:17] [INFO] [DATE SKIP] #IO-946 (SHREYAA ENTERPRISES): date 20251222 before start date 20260228
[2026-03-04 12:38:17] [INFO] [DATE SKIP] #IO-947 (SHREYAA ENTERPRISES): date 20251222 before start date 20260228
[2026-03-04 12:38:17] [INFO] [DATE SKIP] #IO-948 (SHREYAA ENTERPRISES): date 20251222 before start date 20260228
[2026-03-04 12:38:17] [INFO] [DATE SKIP] #IO-949 (SHREYAA ENTERPRISES): date 20251222 before start date 20260228
[2026-03-04 12:38:17] [INFO] [DATE SKIP] #IO-950 (SHREYAA ENTERPRISES): date 20251222 before start date 20260228
[2026-03-04 12:38:17] [INFO] [DATE SKIP] #IO-951 (SHREYAA ENTERPRISES): date 20251222 before start date 20260228
[2026-03-04 12:38:17] [INFO] [DATE SKIP] #IO-952 (SHREYAA ENTERPRISES): date 20251222 before start date 20260228
[2026-03-04 12:38:17] [INFO] [DATE SKIP] #IO-954 (SHREYAA ENTERPRISES): date 20251222 before start date 20260228
[2026-03-04 12:38:17] [INFO] [DATE SKIP] #IO-955 (SHREYAA ENTERPRISES): date 20251222 before start date 20260228
[2026-03-04 12:38:17] [INFO] [DATE SKIP] #IO-956 (SHREYAA ENTERPRISES): date 20251222 before start date 20260228
[2026-03-04 12:38:17] [INFO] [DATE SKIP] #IO-957 (SHREYAA ENTERPRISES): date 20251222 before start date 20260228
[2026-03-04 12:38:17] [INFO] [DATE SKIP] #IO-958 (SHREYAA ENTERPRISES): date 20251223 before start date 20260228
[2026-03-04 12:38:17] [INFO] [DATE SKIP] #IO-959 (SHREYAA ENTERPRISES): date 20251223 before start date 20260228
[2026-03-04 12:38:17] [INFO] [DATE SKIP] #IO-960 (SHREYAA ENTERPRISES): date 20251223 before start date 20260228
[2026-03-04 12:38:17] [INFO] [DATE SKIP] #IO-961 (SHREYAA ENTERPRISES): date 20251223 before start date 20260228
[2026-03-04 12:38:17] [INFO] [DATE SKIP] #IO-962 (SHREYAA ENTERPRISES): date 20251223 before start date 20260228
[2026-03-04 12:38:17] [INFO] [DATE SKIP] #IO-963 (SHREYAA ENTERPRISES): date 20251223 before start date 20260228
[2026-03-04 12:38:17] [INFO] [DATE SKIP] #IO-964 (SHREYAA ENTERPRISES): date 20251223 before start date 20260228
[2026-03-04 12:38:17] [INFO] [DATE SKIP] #IO-965 (SHREYAA ENTERPRISES): date 20251223 before start date 20260228
[2026-03-04 12:38:17] [INFO] [DATE SKIP] #IO-966 (SHREYAA ENTERPRISES): date 20251223 before start date 20260228
[2026-03-04 12:38:17] [INFO] [DATE SKIP] #IO-967 (SHREYAA ENTERPRISES): date 20251223 before start date 20260228
[2026-03-04 12:38:17] [INFO] [DATE SKIP] #30 (SHREYAA ENTERPRISES): date 20251223 before start date 20260228
[2026-03-04 12:38:17] [INFO] [DATE SKIP] #31 (SHREYAA ENTERPRISES): date 20251223 before start date 20260228
[2026-03-04 12:38:17] [INFO] [DATE SKIP] #IO-968 (SHREYAA ENTERPRISES): date 20251223 before start date 20260228
[2026-03-04 12:38:17] [INFO] [DATE SKIP] #IO-969 (SHREYAA ENTERPRISES): date 20251223 before start date 20260228
[2026-03-04 12:38:17] [INFO] [DATE SKIP] #33 (SHREYAA ENTERPRISES): date 20251223 before start date 20260228
[2026-03-04 12:38:17] [INFO] [DATE SKIP] #IO-970 (SHREYAA ENTERPRISES): date 20251223 before start date 20260228
[2026-03-04 12:38:17] [INFO] [DATE SKIP] #IO-971 (SHREYAA ENTERPRISES): date 20251223 before start date 20260228
[2026-03-04 12:38:17] [INFO] [DATE SKIP] #IO-1034 (SHREYAA ENTERPRISES): date 20251223 before start date 20260228
[2026-03-04 12:38:17] [INFO] [DATE SKIP] #IO-972 (SHREYAA ENTERPRISES): date 20251224 before start date 20260228
[2026-03-04 12:38:17] [INFO] [DATE SKIP] #ARG-34 (SHREYAA ENTERPRISES): date 20251224 before start date 20260228
[2026-03-04 12:38:17] [INFO] [DATE SKIP] #IO-973 (SHREYAA ENTERPRISES): date 20251224 before start date 20260228
[2026-03-04 12:38:17] [INFO] [DATE SKIP] #IO-974 (SHREYAA ENTERPRISES): date 20251224 before start date 20260228
[2026-03-04 12:38:17] [INFO] [DATE SKIP] #IO-975 (SHREYAA ENTERPRISES): date 20251224 before start date 20260228
[2026-03-04 12:38:17] [INFO] [DATE SKIP] #IO-976 (SHREYAA ENTERPRISES): date 20251224 before start date 20260228
[2026-03-04 12:38:17] [INFO] [DATE SKIP] #IO-977 (SHREYAA ENTERPRISES): date 20251224 before start date 20260228
[2026-03-04 12:38:17] [INFO] [DATE SKIP] #IO-978 (SHREYAA ENTERPRISES): date 20251224 before start date 20260228
[2026-03-04 12:38:17] [INFO] [DATE SKIP] #IO-979 (SHREYAA ENTERPRISES): date 20251224 before start date 20260228
[2026-03-04 12:38:17] [INFO] [DATE SKIP] #IO-980 (SHREYAA ENTERPRISES): date 20251224 before start date 20260228
[2026-03-04 12:38:17] [INFO] [DATE SKIP] #IO-981 (SHREYAA ENTERPRISES): date 20251224 before start date 20260228
[2026-03-04 12:38:17] [INFO] [DATE SKIP] #IO-982 (SHREYAA ENTERPRISES): date 20251224 before start date 20260228
[2026-03-04 12:38:17] [INFO] [DATE SKIP] #IO-983 (SHREYAA ENTERPRISES): date 20251224 before start date 20260228
[2026-03-04 12:38:17] [INFO] [DATE SKIP] #IO-984 (SHREYAA ENTERPRISES): date 20251224 before start date 20260228
[2026-03-04 12:38:17] [INFO] [DATE SKIP] #34 (SHREYAA ENTERPRISES): date 20251224 before start date 20260228
[2026-03-04 12:38:17] [INFO] [DATE SKIP] #IO-985 (SHREYAA ENTERPRISES): date 20251224 before start date 20260228
[2026-03-04 12:38:17] [INFO] [DATE SKIP] #IO-986 (SHREYAA ENTERPRISES): date 20251224 before start date 20260228
[2026-03-04 12:38:17] [INFO] [DATE SKIP] #IO-987 (SHREYAA ENTERPRISES): date 20251225 before start date 20260228
[2026-03-04 12:38:17] [INFO] [DATE SKIP] #IO-988 (SHREYAA ENTERPRISES): date 20251225 before start date 20260228
[2026-03-04 12:38:17] [INFO] [DATE SKIP] #IO-989 (SHREYAA ENTERPRISES): date 20251225 before start date 20260228
[2026-03-04 12:38:17] [INFO] [DATE SKIP] #IO-990 (SHREYAA ENTERPRISES): date 20251225 before start date 20260228
[2026-03-04 12:38:17] [INFO] [DATE SKIP] #IO-991 (SHREYAA ENTERPRISES): date 20251225 before start date 20260228
[2026-03-04 12:38:17] [INFO] [DATE SKIP] #IO-992 (SHREYAA ENTERPRISES): date 20251225 before start date 20260228
[2026-03-04 12:38:17] [INFO] [DATE SKIP] #IO-993 (SHREYAA ENTERPRISES): date 20251225 before start date 20260228
[2026-03-04 12:38:17] [INFO] [DATE SKIP] #IO-994 (SHREYAA ENTERPRISES): date 20251225 before start date 20260228
[2026-03-04 12:38:17] [INFO] [DATE SKIP] #IO-995 (SHREYAA ENTERPRISES): date 20251225 before start date 20260228
[2026-03-04 12:38:17] [INFO] [DATE SKIP] #IO-996 (SHREYAA ENTERPRISES): date 20251225 before start date 20260228
[2026-03-04 12:38:17] [INFO] [DATE SKIP] #IO-997 (SHREYAA ENTERPRISES): date 20251225 before start date 20260228
[2026-03-04 12:38:17] [INFO] [DATE SKIP] #IO-998 (SHREYAA ENTERPRISES): date 20251225 before start date 20260228
[2026-03-04 12:38:17] [INFO] [DATE SKIP] #IO-999 (SHREYAA ENTERPRISES): date 20251225 before start date 20260228
[2026-03-04 12:38:17] [INFO] [DATE SKIP] #IO-1000 (SHREYAA ENTERPRISES): date 20251226 before start date 20260228
[2026-03-04 12:38:17] [INFO] [DATE SKIP] #CO2-30 (SHREYAA ENTERPRISES): date 20251226 before start date 20260228
[2026-03-04 12:38:17] [INFO] [DATE SKIP] #ARG-35 (SHREYAA ENTERPRISES): date 20251226 before start date 20260228
[2026-03-04 12:38:17] [INFO] [DATE SKIP] #IO-1002 (SHREYAA ENTERPRISES): date 20251226 before start date 20260228
[2026-03-04 12:38:17] [INFO] [DATE SKIP] #IO-1003 (SHREYAA ENTERPRISES): date 20251226 before start date 20260228
[2026-03-04 12:38:17] [INFO] [DATE SKIP] #IO-1004 (SHREYAA ENTERPRISES): date 20251226 before start date 20260228
[2026-03-04 12:38:17] [INFO] [DATE SKIP] #IO-1005 (SHREYAA ENTERPRISES): date 20251226 before start date 20260228
[2026-03-04 12:38:17] [INFO] [DATE SKIP] #IO-1006 (SHREYAA ENTERPRISES): date 20251226 before start date 20260228
[2026-03-04 12:38:17] [INFO] [DATE SKIP] #IO-1007 (SHREYAA ENTERPRISES): date 20251226 before start date 20260228
[2026-03-04 12:38:17] [INFO] [DATE SKIP] #IO-1008 (SHREYAA ENTERPRISES): date 20251226 before start date 20260228
[2026-03-04 12:38:17] [INFO] [DATE SKIP] #IO-1009 (SHREYAA ENTERPRISES): date 20251226 before start date 20260228
[2026-03-04 12:38:17] [INFO] [DATE SKIP] #IO-1010 (SHREYAA ENTERPRISES): date 20251226 before start date 20260228
[2026-03-04 12:38:17] [INFO] [DATE SKIP] #IO-1011 (SHREYAA ENTERPRISES): date 20251226 before start date 20260228
[2026-03-04 12:38:17] [INFO] [DATE SKIP] #IO-1012 (SHREYAA ENTERPRISES): date 20251226 before start date 20260228
[2026-03-04 12:38:17] [INFO] [DATE SKIP] #IO-1013 (SHREYAA ENTERPRISES): date 20251226 before start date 20260228
[2026-03-04 12:38:17] [INFO] [DATE SKIP] #IO-1014 (SHREYAA ENTERPRISES): date 20251226 before start date 20260228
[2026-03-04 12:38:17] [INFO] [DATE SKIP] #IO-1015 (SHREYAA ENTERPRISES): date 20251226 before start date 20260228
[2026-03-04 12:38:17] [INFO] [DATE SKIP] #IO-1016 (SHREYAA ENTERPRISES): date 20251226 before start date 20260228
[2026-03-04 12:38:17] [INFO] [DATE SKIP] #IO-1035 (SHREYAA ENTERPRISES): date 20251226 before start date 20260228
[2026-03-04 12:38:17] [INFO] [DATE SKIP] #IO-1018 (SHREYAA ENTERPRISES): date 20251227 before start date 20260228
[2026-03-04 12:38:17] [INFO] [DATE SKIP] #IO-1017 (SHREYAA ENTERPRISES): date 20251227 before start date 20260228
[2026-03-04 12:38:17] [INFO] [DATE SKIP] #ARG-36 (SHREYAA ENTERPRISES): date 20251227 before start date 20260228
[2026-03-04 12:38:17] [INFO] [DATE SKIP] #IO-1019 (SHREYAA ENTERPRISES): date 20251227 before start date 20260228
[2026-03-04 12:38:17] [INFO] [DATE SKIP] #IO-1020 (SHREYAA ENTERPRISES): date 20251227 before start date 20260228
[2026-03-04 12:38:17] [INFO] [DATE SKIP] #IO-1021 (SHREYAA ENTERPRISES): date 20251227 before start date 20260228
[2026-03-04 12:38:17] [INFO] [DATE SKIP] #IO-1022 (SHREYAA ENTERPRISES): date 20251227 before start date 20260228
[2026-03-04 12:38:17] [INFO] [DATE SKIP] #IO-1023 (SHREYAA ENTERPRISES): date 20251227 before start date 20260228
[2026-03-04 12:38:17] [INFO] [DATE SKIP] #IO-1024 (SHREYAA ENTERPRISES): date 20251227 before start date 20260228
[2026-03-04 12:38:17] [INFO] [DATE SKIP] #IO-1025 (SHREYAA ENTERPRISES): date 20251227 before start date 20260228
[2026-03-04 12:38:17] [INFO] [DATE SKIP] #IO-1026 (SHREYAA ENTERPRISES): date 20251227 before start date 20260228
[2026-03-04 12:38:17] [INFO] [DATE SKIP] #IO-1027 (SHREYAA ENTERPRISES): date 20251227 before start date 20260228
[2026-03-04 12:38:17] [INFO] [DATE SKIP] #IO-1028 (SHREYAA ENTERPRISES): date 20251227 before start date 20260228
[2026-03-04 12:38:17] [INFO] [DATE SKIP] #IO-1029 (SHREYAA ENTERPRISES): date 20251227 before start date 20260228
[2026-03-04 12:38:17] [INFO] [DATE SKIP] #IO-1030 (SHREYAA ENTERPRISES): date 20251227 before start date 20260228
[2026-03-04 12:38:17] [INFO] [DATE SKIP] #IO-1031 (SHREYAA ENTERPRISES): date 20251227 before start date 20260228
[2026-03-04 12:38:17] [INFO] [DATE SKIP] #ARG-37 (SHREYAA ENTERPRISES): date 20251227 before start date 20260228
[2026-03-04 12:38:17] [INFO] [DATE SKIP] #IO-1032 (SHREYAA ENTERPRISES): date 20251227 before start date 20260228
[2026-03-04 12:38:17] [INFO] [DATE SKIP] #IO-1033 (SHREYAA ENTERPRISES): date 20251227 before start date 20260228
[2026-03-04 12:38:17] [INFO] [DATE SKIP] #IO-1036 (SHREYAA ENTERPRISES): date 20251227 before start date 20260228
[2026-03-04 12:38:17] [INFO] [DATE SKIP] #IO-1037 (SHREYAA ENTERPRISES): date 20251229 before start date 20260228
[2026-03-04 12:38:17] [INFO] [DATE SKIP] #IO-1038 (SHREYAA ENTERPRISES): date 20251229 before start date 20260228
[2026-03-04 12:38:17] [INFO] [DATE SKIP] #IO-1039 (SHREYAA ENTERPRISES): date 20251229 before start date 20260228
[2026-03-04 12:38:17] [INFO] [DATE SKIP] #IO-1040 (SHREYAA ENTERPRISES): date 20251229 before start date 20260228
[2026-03-04 12:38:17] [INFO] [DATE SKIP] #IO-1041 (SHREYAA ENTERPRISES): date 20251229 before start date 20260228
[2026-03-04 12:38:17] [INFO] [DATE SKIP] #IO-1043 (SHREYAA ENTERPRISES): date 20251229 before start date 20260228
[2026-03-04 12:38:17] [INFO] [DATE SKIP] #IO-1044 (SHREYAA ENTERPRISES): date 20251229 before start date 20260228
[2026-03-04 12:38:17] [INFO] [DATE SKIP] #IO-1045 (SHREYAA ENTERPRISES): date 20251229 before start date 20260228
[2026-03-04 12:38:17] [INFO] [DATE SKIP] #IO-1046 (SHREYAA ENTERPRISES): date 20251229 before start date 20260228
[2026-03-04 12:38:17] [INFO] [DATE SKIP] #IO-1047 (SHREYAA ENTERPRISES): date 20251230 before start date 20260228
[2026-03-04 12:38:17] [INFO] [DATE SKIP] #IO-1048 (SHREYAA ENTERPRISES): date 20251230 before start date 20260228
[2026-03-04 12:38:17] [INFO] [DATE SKIP] #MO-34 (SHREYAA ENTERPRISES): date 20251230 before start date 20260228
[2026-03-04 12:38:17] [INFO] [DATE SKIP] #36 (SHREYAA ENTERPRISES): date 20251230 before start date 20260228
[2026-03-04 12:38:17] [INFO] [DATE SKIP] #IO-1049 (SHREYAA ENTERPRISES): date 20251230 before start date 20260228
[2026-03-04 12:38:17] [INFO] [DATE SKIP] #IO-1050 (SHREYAA ENTERPRISES): date 20251230 before start date 20260228
[2026-03-04 12:38:17] [INFO] [DATE SKIP] #IO-1051 (SHREYAA ENTERPRISES): date 20251230 before start date 20260228
[2026-03-04 12:38:17] [INFO] [DATE SKIP] #IO-1052 (SHREYAA ENTERPRISES): date 20251230 before start date 20260228
[2026-03-04 12:38:17] [INFO] [DATE SKIP] #IO-1053 (SHREYAA ENTERPRISES): date 20251230 before start date 20260228
[2026-03-04 12:38:17] [INFO] [DATE SKIP] #IO-1054 (SHREYAA ENTERPRISES): date 20251230 before start date 20260228
[2026-03-04 12:38:17] [INFO] [DATE SKIP] #IO-1055 (SHREYAA ENTERPRISES): date 20251230 before start date 20260228
[2026-03-04 12:38:17] [INFO] [DATE SKIP] #IO-1056 (SHREYAA ENTERPRISES): date 20251230 before start date 20260228
[2026-03-04 12:38:17] [INFO] [DATE SKIP] #37 (SHREYAA ENTERPRISES): date 20251230 before start date 20260228
[2026-03-04 12:38:17] [INFO] [DATE SKIP] #IO-1057 (SHREYAA ENTERPRISES): date 20251230 before start date 20260228
[2026-03-04 12:38:17] [INFO] [DATE SKIP] #IO-1058 (SHREYAA ENTERPRISES): date 20251230 before start date 20260228
[2026-03-04 12:38:17] [INFO] [DATE SKIP] #CO2-31 (SHREYAA ENTERPRISES): date 20251230 before start date 20260228
[2026-03-04 12:38:17] [INFO] [DATE SKIP] #IO-1059 (SHREYAA ENTERPRISES): date 20251230 before start date 20260228
[2026-03-04 12:38:17] [INFO] [DATE SKIP] #IO-1060 (SHREYAA ENTERPRISES): date 20251230 before start date 20260228
[2026-03-04 12:38:17] [INFO] [DATE SKIP] #IO-1061 (SHREYAA ENTERPRISES): date 20251230 before start date 20260228
[2026-03-04 12:38:17] [INFO] [DATE SKIP] #IO-1062 (SHREYAA ENTERPRISES): date 20251230 before start date 20260228
[2026-03-04 12:38:17] [INFO] [DATE SKIP] #IO-1063 (SHREYAA ENTERPRISES): date 20251230 before start date 20260228
[2026-03-04 12:38:17] [INFO] [DATE SKIP] #IO-1064 (SHREYAA ENTERPRISES): date 20251230 before start date 20260228
[2026-03-04 12:38:17] [INFO] [DATE SKIP] #38 (SHREYAA ENTERPRISES): date 20251230 before start date 20260228
[2026-03-04 12:38:17] [INFO] [DATE SKIP] #IO-1065 (SHREYAA ENTERPRISES): date 20251231 before start date 20260228
[2026-03-04 12:38:17] [INFO] [DATE SKIP] #IO-1066 (SHREYAA ENTERPRISES): date 20251231 before start date 20260228
[2026-03-04 12:38:17] [INFO] [DATE SKIP] #IO-1067 (SHREYAA ENTERPRISES): date 20251231 before start date 20260228
[2026-03-04 12:38:17] [INFO] [DATE SKIP] #IO-1068 (SHREYAA ENTERPRISES): date 20251231 before start date 20260228
[2026-03-04 12:38:17] [INFO] [DATE SKIP] #IO-1069 (SHREYAA ENTERPRISES): date 20251231 before start date 20260228
[2026-03-04 12:38:17] [INFO] [DATE SKIP] #IO-1070 (SHREYAA ENTERPRISES): date 20251231 before start date 20260228
[2026-03-04 12:38:17] [INFO] [DATE SKIP] #IO-1071 (SHREYAA ENTERPRISES): date 20251231 before start date 20260228
[2026-03-04 12:38:17] [INFO] [DATE SKIP] #IO-1072 (SHREYAA ENTERPRISES): date 20251231 before start date 20260228
[2026-03-04 12:38:17] [INFO] [DATE SKIP] #IO-1073 (SHREYAA ENTERPRISES): date 20251231 before start date 20260228
[2026-03-04 12:38:17] [INFO] [DATE SKIP] #ARG-38 (SHREYAA ENTERPRISES): date 20251231 before start date 20260228
[2026-03-04 12:38:17] [INFO] [DATE SKIP] #IO-1074 (SHREYAA ENTERPRISES): date 20251231 before start date 20260228
[2026-03-04 12:38:17] [INFO] [DATE SKIP] #IO-1075 (SHREYAA ENTERPRISES): date 20251231 before start date 20260228
[2026-03-04 12:38:17] [INFO] [DATE SKIP] #IO-1076 (SHREYAA ENTERPRISES): date 20251231 before start date 20260228
[2026-03-04 12:38:17] [INFO] [DATE SKIP] #IO-1077 (SHREYAA ENTERPRISES): date 20251231 before start date 20260228
[2026-03-04 12:38:17] [INFO] [DATE SKIP] #IO-1078 (SHREYAA ENTERPRISES): date 20251231 before start date 20260228
[2026-03-04 12:38:17] [INFO] [DATE SKIP] #IO-1079 (SHREYAA ENTERPRISES): date 20251231 before start date 20260228
[2026-03-04 12:38:17] [INFO] [DATE SKIP] #LPG-9 (SHREYAA ENTERPRISES): date 20251231 before start date 20260228
[2026-03-04 12:38:17] [INFO] [DATE SKIP] #IO-1080 (SHREYAA ENTERPRISES): date 20251231 before start date 20260228
[2026-03-04 12:38:17] [INFO] [DATE SKIP] #IO-1081 (SHREYAA ENTERPRISES): date 20251231 before start date 20260228
[2026-03-04 12:38:17] [INFO] [DATE SKIP] #IO-1082 (SHREYAA ENTERPRISES): date 20251231 before start date 20260228
[2026-03-04 12:38:17] [INFO] [DATE SKIP] #IO-1083 (SHREYAA ENTERPRISES): date 20251231 before start date 20260228
[2026-03-04 12:38:17] [INFO] [DATE SKIP] #IO-1084 (SHREYAA ENTERPRISES): date 20251231 before start date 20260228
[2026-03-04 12:38:17] [INFO] [DATE SKIP] #IO-1085 (SHREYAA ENTERPRISES): date 20251231 before start date 20260228
[2026-03-04 12:38:17] [INFO] [DATE SKIP] #IO-1086 (SHREYAA ENTERPRISES): date 20251231 before start date 20260228
[2026-03-04 12:38:17] [INFO] [DATE SKIP] #IO-1087 (SHREYAA ENTERPRISES): date 20251231 before start date 20260228
[2026-03-04 12:38:17] [INFO] [DATE SKIP] #IO-1088 (SHREYAA ENTERPRISES): date 20251231 before start date 20260228
[2026-03-04 12:38:17] [INFO] [DATE SKIP] #IO-1089 (SHREYAA ENTERPRISES): date 20251231 before start date 20260228
[2026-03-04 12:38:17] [INFO] [DATE SKIP] #IO-1090 (SHREYAA ENTERPRISES): date 20251231 before start date 20260228
[2026-03-04 12:38:17] [INFO] [DATE SKIP] #39 (SHREYAA ENTERPRISES): date 20251231 before start date 20260228
[2026-03-04 12:38:17] [INFO] [DATE SKIP] #IO-1091 (SHREYAA ENTERPRISES): date 20260101 before start date 20260228
[2026-03-04 12:38:17] [INFO] [DATE SKIP] #IO-1092 (SHREYAA ENTERPRISES): date 20260101 before start date 20260228
[2026-03-04 12:38:17] [INFO] [DATE SKIP] #IO-1093 (SHREYAA ENTERPRISES): date 20260101 before start date 20260228
[2026-03-04 12:38:17] [INFO] [DATE SKIP] #IO-1094 (SHREYAA ENTERPRISES): date 20260101 before start date 20260228
[2026-03-04 12:38:17] [INFO] [DATE SKIP] #IO-1095 (SHREYAA ENTERPRISES): date 20260101 before start date 20260228
[2026-03-04 12:38:17] [INFO] [DATE SKIP] #ARG-39 (SHREYAA ENTERPRISES): date 20260101 before start date 20260228
[2026-03-04 12:38:17] [INFO] [DATE SKIP] #ARG-40 (SHREYAA ENTERPRISES): date 20260101 before start date 20260228
[2026-03-04 12:38:17] [INFO] [DATE SKIP] #ARG-41 (SHREYAA ENTERPRISES): date 20260101 before start date 20260228
[2026-03-04 12:38:17] [INFO] [DATE SKIP] #IO-1096 (SHREYAA ENTERPRISES): date 20260101 before start date 20260228
[2026-03-04 12:38:17] [INFO] [DATE SKIP] #IO-1097 (SHREYAA ENTERPRISES): date 20260101 before start date 20260228
[2026-03-04 12:38:17] [INFO] [DATE SKIP] #IO-1098 (SHREYAA ENTERPRISES): date 20260101 before start date 20260228
[2026-03-04 12:38:17] [INFO] [DATE SKIP] #IO-1099 (SHREYAA ENTERPRISES): date 20260101 before start date 20260228
[2026-03-04 12:38:17] [INFO] [DATE SKIP] #IO-1100 (SHREYAA ENTERPRISES): date 20260101 before start date 20260228
[2026-03-04 12:38:17] [INFO] [DATE SKIP] #IO-1101 (SHREYAA ENTERPRISES): date 20260101 before start date 20260228
[2026-03-04 12:38:17] [INFO] [DATE SKIP] #IO-1102 (SHREYAA ENTERPRISES): date 20260101 before start date 20260228
[2026-03-04 12:38:17] [INFO] [DATE SKIP] #IO-1103 (SHREYAA ENTERPRISES): date 20260101 before start date 20260228
[2026-03-04 12:38:17] [INFO] [DATE SKIP] #IO-1104 (SHREYAA ENTERPRISES): date 20260101 before start date 20260228
[2026-03-04 12:38:17] [INFO] [DATE SKIP] #IO-1105 (SHREYAA ENTERPRISES): date 20260101 before start date 20260228
[2026-03-04 12:38:17] [INFO] [DATE SKIP] #IO-1106 (SHREYAA ENTERPRISES): date 20260101 before start date 20260228
[2026-03-04 12:38:17] [INFO] [DATE SKIP] #IO-1107 (SHREYAA ENTERPRISES): date 20260102 before start date 20260228
[2026-03-04 12:38:17] [INFO] [DATE SKIP] #IO-1108 (SHREYAA ENTERPRISES): date 20260102 before start date 20260228
[2026-03-04 12:38:17] [INFO] [DATE SKIP] #IO-1109 (SHREYAA ENTERPRISES): date 20260102 before start date 20260228
[2026-03-04 12:38:17] [INFO] [DATE SKIP] #IO-1110 (SHREYAA ENTERPRISES): date 20260102 before start date 20260228
[2026-03-04 12:38:17] [INFO] [DATE SKIP] #40 (SHREYAA ENTERPRISES): date 20260102 before start date 20260228
[2026-03-04 12:38:17] [INFO] [DATE SKIP] #IO-1111 (SHREYAA ENTERPRISES): date 20260102 before start date 20260228
[2026-03-04 12:38:17] [INFO] [DATE SKIP] #IO-1112 (SHREYAA ENTERPRISES): date 20260102 before start date 20260228
[2026-03-04 12:38:17] [INFO] [DATE SKIP] #IO-1113 (SHREYAA ENTERPRISES): date 20260102 before start date 20260228
[2026-03-04 12:38:17] [INFO] [DATE SKIP] #IO-1114 (SHREYAA ENTERPRISES): date 20260102 before start date 20260228
[2026-03-04 12:38:17] [INFO] [DATE SKIP] #IO-1115 (SHREYAA ENTERPRISES): date 20260102 before start date 20260228
[2026-03-04 12:38:17] [INFO] [DATE SKIP] #IO-1116 (SHREYAA ENTERPRISES): date 20260102 before start date 20260228
[2026-03-04 12:38:17] [INFO] [DATE SKIP] #IO-1117 (SHREYAA ENTERPRISES): date 20260102 before start date 20260228
[2026-03-04 12:38:17] [INFO] [DATE SKIP] #1 (SHREYAA ENTERPRISES): date 20260102 before start date 20260228
[2026-03-04 12:38:17] [INFO] [DATE SKIP] #2 (SHREYAA ENTERPRISES): date 20260102 before start date 20260228
[2026-03-04 12:38:17] [INFO] [DATE SKIP] #IO-1118 (SHREYAA ENTERPRISES): date 20260103 before start date 20260228
[2026-03-04 12:38:17] [INFO] [DATE SKIP] #IO-1120 (SHREYAA ENTERPRISES): date 20260103 before start date 20260228
[2026-03-04 12:38:17] [INFO] [DATE SKIP] #IO-1119 (SHREYAA ENTERPRISES): date 20260103 before start date 20260228
[2026-03-04 12:38:17] [INFO] [DATE SKIP] #IO-1121 (SHREYAA ENTERPRISES): date 20260103 before start date 20260228
[2026-03-04 12:38:17] [INFO] [DATE SKIP] #CO2-32 (SHREYAA ENTERPRISES): date 20260103 before start date 20260228
[2026-03-04 12:38:17] [INFO] [DATE SKIP] #IO-1122 (SHREYAA ENTERPRISES): date 20260103 before start date 20260228
[2026-03-04 12:38:17] [INFO] [DATE SKIP] #IO-1123 (SHREYAA ENTERPRISES): date 20260103 before start date 20260228
[2026-03-04 12:38:17] [INFO] [DATE SKIP] #IO-1124 (SHREYAA ENTERPRISES): date 20260103 before start date 20260228
[2026-03-04 12:38:17] [INFO] [DATE SKIP] #IO-1125 (SHREYAA ENTERPRISES): date 20260103 before start date 20260228
[2026-03-04 12:38:17] [INFO] [DATE SKIP] #IO-1126 (SHREYAA ENTERPRISES): date 20260103 before start date 20260228
[2026-03-04 12:38:17] [INFO] [DATE SKIP] #IO-1127 (SHREYAA ENTERPRISES): date 20260103 before start date 20260228
[2026-03-04 12:38:17] [INFO] [DATE SKIP] #42 (SHREYAA ENTERPRISES): date 20260103 before start date 20260228
[2026-03-04 12:38:17] [INFO] [DATE SKIP] #IO-1131 (SHREYAA ENTERPRISES): date 20260103 before start date 20260228
[2026-03-04 12:38:17] [INFO] [DATE SKIP] #IO-1128 (SHREYAA ENTERPRISES): date 20260103 before start date 20260228
[2026-03-04 12:38:17] [INFO] [DATE SKIP] #IO-1129 (SHREYAA ENTERPRISES): date 20260103 before start date 20260228
[2026-03-04 12:38:17] [INFO] [DATE SKIP] #IO-1130 (SHREYAA ENTERPRISES): date 20260103 before start date 20260228
[2026-03-04 12:38:17] [INFO] [DATE SKIP] #IO-1132 (SHREYAA ENTERPRISES): date 20260103 before start date 20260228
[2026-03-04 12:38:17] [INFO] [DATE SKIP] #IO-1133 (SHREYAA ENTERPRISES): date 20260105 before start date 20260228
[2026-03-04 12:38:17] [INFO] [DATE SKIP] #IO-1134 (SHREYAA ENTERPRISES): date 20260105 before start date 20260228
[2026-03-04 12:38:17] [INFO] [DATE SKIP] #IO-1135 (SHREYAA ENTERPRISES): date 20260105 before start date 20260228
[2026-03-04 12:38:17] [INFO] [DATE SKIP] #IO-1136 (SHREYAA ENTERPRISES): date 20260105 before start date 20260228
[2026-03-04 12:38:17] [INFO] [DATE SKIP] #IO-1137 (SHREYAA ENTERPRISES): date 20260105 before start date 20260228
[2026-03-04 12:38:17] [INFO] [DATE SKIP] #IO-1138 (SHREYAA ENTERPRISES): date 20260105 before start date 20260228
[2026-03-04 12:38:17] [INFO] [DATE SKIP] #44 (SHREYAA ENTERPRISES): date 20260105 before start date 20260228
[2026-03-04 12:38:17] [INFO] [DATE SKIP] #IO-1139 (SHREYAA ENTERPRISES): date 20260105 before start date 20260228
[2026-03-04 12:38:17] [INFO] [DATE SKIP] #IO-1140 (SHREYAA ENTERPRISES): date 20260105 before start date 20260228
[2026-03-04 12:38:17] [INFO] [DATE SKIP] #IO-1141 (SHREYAA ENTERPRISES): date 20260105 before start date 20260228
[2026-03-04 12:38:17] [INFO] [DATE SKIP] #IO-1142 (SHREYAA ENTERPRISES): date 20260105 before start date 20260228
[2026-03-04 12:38:17] [INFO] [DATE SKIP] #IO-1143 (SHREYAA ENTERPRISES): date 20260105 before start date 20260228
[2026-03-04 12:38:17] [INFO] [DATE SKIP] #IO-1144 (SHREYAA ENTERPRISES): date 20260105 before start date 20260228
[2026-03-04 12:38:17] [INFO] [DATE SKIP] #IO-1145 (SHREYAA ENTERPRISES): date 20260105 before start date 20260228
[2026-03-04 12:38:17] [INFO] [DATE SKIP] #IO-1146 (SHREYAA ENTERPRISES): date 20260106 before start date 20260228
[2026-03-04 12:38:17] [INFO] [DATE SKIP] #IO-1147 (SHREYAA ENTERPRISES): date 20260106 before start date 20260228
[2026-03-04 12:38:17] [INFO] [DATE SKIP] #IO-1148 (SHREYAA ENTERPRISES): date 20260106 before start date 20260228
[2026-03-04 12:38:17] [INFO] [DATE SKIP] #IO-1149 (SHREYAA ENTERPRISES): date 20260106 before start date 20260228
[2026-03-04 12:38:17] [INFO] [DATE SKIP] #45 (SHREYAA ENTERPRISES): date 20260106 before start date 20260228
[2026-03-04 12:38:17] [INFO] [DATE SKIP] #IO-1150 (SHREYAA ENTERPRISES): date 20260106 before start date 20260228
[2026-03-04 12:38:17] [INFO] [DATE SKIP] #IO-1151 (SHREYAA ENTERPRISES): date 20260106 before start date 20260228
[2026-03-04 12:38:17] [INFO] [DATE SKIP] #IO-1152 (SHREYAA ENTERPRISES): date 20260106 before start date 20260228
[2026-03-04 12:38:17] [INFO] [DATE SKIP] #IO-1153 (SHREYAA ENTERPRISES): date 20260106 before start date 20260228
[2026-03-04 12:38:17] [INFO] [DATE SKIP] #IO-1154 (SHREYAA ENTERPRISES): date 20260106 before start date 20260228
[2026-03-04 12:38:17] [INFO] [DATE SKIP] #IO-1155 (SHREYAA ENTERPRISES): date 20260106 before start date 20260228
[2026-03-04 12:38:17] [INFO] [DATE SKIP] #IO-1156 (SHREYAA ENTERPRISES): date 20260106 before start date 20260228
[2026-03-04 12:38:17] [INFO] [DATE SKIP] #IO-1157 (SHREYAA ENTERPRISES): date 20260106 before start date 20260228
[2026-03-04 12:38:17] [INFO] [DATE SKIP] #IO-1158 (SHREYAA ENTERPRISES): date 20260106 before start date 20260228
[2026-03-04 12:38:17] [INFO] [DATE SKIP] #IO-1159 (SHREYAA ENTERPRISES): date 20260106 before start date 20260228
[2026-03-04 12:38:17] [INFO] [DATE SKIP] #IO-1160 (SHREYAA ENTERPRISES): date 20260106 before start date 20260228
[2026-03-04 12:38:17] [INFO] [DATE SKIP] #IO-1161 (SHREYAA ENTERPRISES): date 20260107 before start date 20260228
[2026-03-04 12:38:17] [INFO] [DATE SKIP] #IO-1162 (SHREYAA ENTERPRISES): date 20260107 before start date 20260228
[2026-03-04 12:38:17] [INFO] [DATE SKIP] #IO-1163 (SHREYAA ENTERPRISES): date 20260107 before start date 20260228
[2026-03-04 12:38:17] [INFO] [DATE SKIP] #IO-1164 (SHREYAA ENTERPRISES): date 20260107 before start date 20260228
[2026-03-04 12:38:17] [INFO] [DATE SKIP] #IO-1165 (SHREYAA ENTERPRISES): date 20260107 before start date 20260228
[2026-03-04 12:38:17] [INFO] [DATE SKIP] #IO-1166 (SHREYAA ENTERPRISES): date 20260107 before start date 20260228
[2026-03-04 12:38:17] [INFO] [DATE SKIP] #IO-1167 (SHREYAA ENTERPRISES): date 20260107 before start date 20260228
[2026-03-04 12:38:17] [INFO] [DATE SKIP] #IO-1168 (SHREYAA ENTERPRISES): date 20260107 before start date 20260228
[2026-03-04 12:38:17] [INFO] [DATE SKIP] #46 (SHREYAA ENTERPRISES): date 20260107 before start date 20260228
[2026-03-04 12:38:17] [INFO] [DATE SKIP] #IO-1169 (SHREYAA ENTERPRISES): date 20260107 before start date 20260228
[2026-03-04 12:38:17] [INFO] [DATE SKIP] #IO-1170 (SHREYAA ENTERPRISES): date 20260107 before start date 20260228
[2026-03-04 12:38:17] [INFO] [DATE SKIP] #IO-1171 (SHREYAA ENTERPRISES): date 20260107 before start date 20260228
[2026-03-04 12:38:17] [INFO] [DATE SKIP] #IO-1172 (SHREYAA ENTERPRISES): date 20260107 before start date 20260228
[2026-03-04 12:38:17] [INFO] [DATE SKIP] #IO-1173 (SHREYAA ENTERPRISES): date 20260107 before start date 20260228
[2026-03-04 12:38:17] [INFO] [DATE SKIP] #IO-1174 (SHREYAA ENTERPRISES): date 20260107 before start date 20260228
[2026-03-04 12:38:17] [INFO] [DATE SKIP] #IO-1175 (SHREYAA ENTERPRISES): date 20260107 before start date 20260228
[2026-03-04 12:38:17] [INFO] [DATE SKIP] #CO2-33 (SHREYAA ENTERPRISES): date 20260107 before start date 20260228
[2026-03-04 12:38:17] [INFO] [DATE SKIP] #IO-1176 (SHREYAA ENTERPRISES): date 20260107 before start date 20260228
[2026-03-04 12:38:17] [INFO] [DATE SKIP] #4 (SHREYAA ENTERPRISES): date 20260107 before start date 20260228
[2026-03-04 12:38:17] [INFO] [DATE SKIP] #IO-1177 (SHREYAA ENTERPRISES): date 20260108 before start date 20260228
[2026-03-04 12:38:17] [INFO] [DATE SKIP] #IO-1178 (SHREYAA ENTERPRISES): date 20260108 before start date 20260228
[2026-03-04 12:38:17] [INFO] [DATE SKIP] #IO-1179 (SHREYAA ENTERPRISES): date 20260108 before start date 20260228
[2026-03-04 12:38:17] [INFO] [DATE SKIP] #IO-1180 (SHREYAA ENTERPRISES): date 20260108 before start date 20260228
[2026-03-04 12:38:18] [INFO] [DATE SKIP] #IO-1181 (SHREYAA ENTERPRISES): date 20260108 before start date 20260228
[2026-03-04 12:38:18] [INFO] [DATE SKIP] #IO-1182 (SHREYAA ENTERPRISES): date 20260108 before start date 20260228
[2026-03-04 12:38:18] [INFO] [DATE SKIP] #IO-1183 (SHREYAA ENTERPRISES): date 20260108 before start date 20260228
[2026-03-04 12:38:18] [INFO] [DATE SKIP] #IO-1184 (SHREYAA ENTERPRISES): date 20260108 before start date 20260228
[2026-03-04 12:38:18] [INFO] [DATE SKIP] #IO-1185 (SHREYAA ENTERPRISES): date 20260108 before start date 20260228
[2026-03-04 12:38:18] [INFO] [DATE SKIP] #IO-1186 (SHREYAA ENTERPRISES): date 20260108 before start date 20260228
[2026-03-04 12:38:18] [INFO] [DATE SKIP] #IO-1187 (SHREYAA ENTERPRISES): date 20260108 before start date 20260228
[2026-03-04 12:38:18] [INFO] [DATE SKIP] #IO-1188 (SHREYAA ENTERPRISES): date 20260108 before start date 20260228
[2026-03-04 12:38:18] [INFO] [DATE SKIP] #IO-1189 (SHREYAA ENTERPRISES): date 20260108 before start date 20260228
[2026-03-04 12:38:18] [INFO] [DATE SKIP] #IO-1191 (SHREYAA ENTERPRISES): date 20260109 before start date 20260228
[2026-03-04 12:38:18] [INFO] [DATE SKIP] #47 (SHREYAA ENTERPRISES): date 20260109 before start date 20260228
[2026-03-04 12:38:18] [INFO] [DATE SKIP] #ARG-43 (SHREYAA ENTERPRISES): date 20260109 before start date 20260228
[2026-03-04 12:38:18] [INFO] [DATE SKIP] #IO-1190 (SHREYAA ENTERPRISES): date 20260109 before start date 20260228
[2026-03-04 12:38:18] [INFO] [DATE SKIP] #ARG-42 (SHREYAA ENTERPRISES): date 20260109 before start date 20260228
[2026-03-04 12:38:18] [INFO] [DATE SKIP] #ARG-44 (SHREYAA ENTERPRISES): date 20260109 before start date 20260228
[2026-03-04 12:38:18] [INFO] [DATE SKIP] #ARG-45 (SHREYAA ENTERPRISES): date 20260109 before start date 20260228
[2026-03-04 12:38:18] [INFO] [DATE SKIP] #ARG-46 (SHREYAA ENTERPRISES): date 20260109 before start date 20260228
[2026-03-04 12:38:18] [INFO] [DATE SKIP] #IO-1192 (SHREYAA ENTERPRISES): date 20260109 before start date 20260228
[2026-03-04 12:38:18] [INFO] [DATE SKIP] #IO-1193 (SHREYAA ENTERPRISES): date 20260109 before start date 20260228
[2026-03-04 12:38:18] [INFO] [DATE SKIP] #IO-1194 (SHREYAA ENTERPRISES): date 20260109 before start date 20260228
[2026-03-04 12:38:18] [INFO] [DATE SKIP] #IO-1195 (SHREYAA ENTERPRISES): date 20260109 before start date 20260228
[2026-03-04 12:38:18] [INFO] [DATE SKIP] #IO-1196 (SHREYAA ENTERPRISES): date 20260109 before start date 20260228
[2026-03-04 12:38:18] [INFO] [DATE SKIP] #IO-1197 (SHREYAA ENTERPRISES): date 20260109 before start date 20260228
[2026-03-04 12:38:18] [INFO] [DATE SKIP] #IO-1198 (SHREYAA ENTERPRISES): date 20260109 before start date 20260228
[2026-03-04 12:38:18] [INFO] [DATE SKIP] #IO-1199 (SHREYAA ENTERPRISES): date 20260109 before start date 20260228
[2026-03-04 12:38:18] [INFO] [DATE SKIP] #IO-1200 (SHREYAA ENTERPRISES): date 20260109 before start date 20260228
[2026-03-04 12:38:18] [INFO] [DATE SKIP] #IO-1201 (SHREYAA ENTERPRISES): date 20260109 before start date 20260228
[2026-03-04 12:38:18] [INFO] [DATE SKIP] #5 (SHREYAA ENTERPRISES): date 20260109 before start date 20260228
[2026-03-04 12:38:18] [INFO] [DATE SKIP] #IO-1202 (SHREYAA ENTERPRISES): date 20260110 before start date 20260228
[2026-03-04 12:38:18] [INFO] [DATE SKIP] #IO-1203 (SHREYAA ENTERPRISES): date 20260110 before start date 20260228
[2026-03-04 12:38:18] [INFO] [DATE SKIP] #IO-1204 (SHREYAA ENTERPRISES): date 20260110 before start date 20260228
[2026-03-04 12:38:18] [INFO] [DATE SKIP] #IO-1205 (SHREYAA ENTERPRISES): date 20260110 before start date 20260228
[2026-03-04 12:38:18] [INFO] [DATE SKIP] #IO-1206 (SHREYAA ENTERPRISES): date 20260110 before start date 20260228
[2026-03-04 12:38:18] [INFO] [DATE SKIP] #48 (SHREYAA ENTERPRISES): date 20260110 before start date 20260228
[2026-03-04 12:38:18] [INFO] [DATE SKIP] #IO-1207 (SHREYAA ENTERPRISES): date 20260110 before start date 20260228
[2026-03-04 12:38:18] [INFO] [DATE SKIP] #IO-1208 (SHREYAA ENTERPRISES): date 20260110 before start date 20260228
[2026-03-04 12:38:18] [INFO] [DATE SKIP] #IO-1209 (SHREYAA ENTERPRISES): date 20260110 before start date 20260228
[2026-03-04 12:38:18] [INFO] [DATE SKIP] #3 (SHREYAA ENTERPRISES): date 20260110 before start date 20260228
[2026-03-04 12:38:18] [INFO] [DATE SKIP] #IO-1210 (SHREYAA ENTERPRISES): date 20260112 before start date 20260228
[2026-03-04 12:38:18] [INFO] [DATE SKIP] #IO-1211 (SHREYAA ENTERPRISES): date 20260112 before start date 20260228
[2026-03-04 12:38:18] [INFO] [DATE SKIP] #IO-1212 (SHREYAA ENTERPRISES): date 20260112 before start date 20260228
[2026-03-04 12:38:18] [INFO] [DATE SKIP] #IO-1213 (SHREYAA ENTERPRISES): date 20260112 before start date 20260228
[2026-03-04 12:38:18] [INFO] [DATE SKIP] #IO-1214 (SHREYAA ENTERPRISES): date 20260112 before start date 20260228
[2026-03-04 12:38:18] [INFO] [DATE SKIP] #IO-1215 (SHREYAA ENTERPRISES): date 20260112 before start date 20260228
[2026-03-04 12:38:18] [INFO] [DATE SKIP] #IO-1216 (SHREYAA ENTERPRISES): date 20260112 before start date 20260228
[2026-03-04 12:38:18] [INFO] [DATE SKIP] #IO-1217 (SHREYAA ENTERPRISES): date 20260112 before start date 20260228
[2026-03-04 12:38:18] [INFO] [DATE SKIP] #IO-1218 (SHREYAA ENTERPRISES): date 20260112 before start date 20260228
[2026-03-04 12:38:18] [INFO] [DATE SKIP] #IO-1219 (SHREYAA ENTERPRISES): date 20260112 before start date 20260228
[2026-03-04 12:38:18] [INFO] [DATE SKIP] #IO-1220 (SHREYAA ENTERPRISES): date 20260112 before start date 20260228
[2026-03-04 12:38:18] [INFO] [DATE SKIP] #IO-1221 (SHREYAA ENTERPRISES): date 20260112 before start date 20260228
[2026-03-04 12:38:18] [INFO] [DATE SKIP] #IO-1222 (SHREYAA ENTERPRISES): date 20260112 before start date 20260228
[2026-03-04 12:38:18] [INFO] [DATE SKIP] #IO-1223 (SHREYAA ENTERPRISES): date 20260112 before start date 20260228
[2026-03-04 12:38:18] [INFO] [DATE SKIP] #IO-1224 (SHREYAA ENTERPRISES): date 20260112 before start date 20260228
[2026-03-04 12:38:18] [INFO] [DATE SKIP] #MO-35 (SHREYAA ENTERPRISES): date 20260112 before start date 20260228
[2026-03-04 12:38:18] [INFO] [DATE SKIP] #IO-1225 (SHREYAA ENTERPRISES): date 20260112 before start date 20260228
[2026-03-04 12:38:18] [INFO] [DATE SKIP] #IO-1226 (SHREYAA ENTERPRISES): date 20260112 before start date 20260228
[2026-03-04 12:38:18] [INFO] [DATE SKIP] #IO-1227 (SHREYAA ENTERPRISES): date 20260112 before start date 20260228
[2026-03-04 12:38:18] [INFO] [DATE SKIP] #IO-1228 (SHREYAA ENTERPRISES): date 20260112 before start date 20260228
[2026-03-04 12:38:18] [INFO] [DATE SKIP] #IO-1229 (SHREYAA ENTERPRISES): date 20260112 before start date 20260228
[2026-03-04 12:38:18] [INFO] [DATE SKIP] #IO-1230 (SHREYAA ENTERPRISES): date 20260112 before start date 20260228
[2026-03-04 12:38:18] [INFO] [DATE SKIP] #IO-1231 (SHREYAA ENTERPRISES): date 20260113 before start date 20260228
[2026-03-04 12:38:18] [INFO] [DATE SKIP] #IO-1232 (SHREYAA ENTERPRISES): date 20260113 before start date 20260228
[2026-03-04 12:38:18] [INFO] [DATE SKIP] #IO-1233 (SHREYAA ENTERPRISES): date 20260113 before start date 20260228
[2026-03-04 12:38:18] [INFO] [DATE SKIP] #IO-1234 (SHREYAA ENTERPRISES): date 20260113 before start date 20260228
[2026-03-04 12:38:18] [INFO] [DATE SKIP] #IO-1235 (SHREYAA ENTERPRISES): date 20260113 before start date 20260228
[2026-03-04 12:38:18] [INFO] [DATE SKIP] #IO-1236 (SHREYAA ENTERPRISES): date 20260113 before start date 20260228
[2026-03-04 12:38:18] [INFO] [DATE SKIP] #IO-1237 (SHREYAA ENTERPRISES): date 20260113 before start date 20260228
[2026-03-04 12:38:18] [INFO] [DATE SKIP] #IO-1238 (SHREYAA ENTERPRISES): date 20260113 before start date 20260228
[2026-03-04 12:38:18] [INFO] [DATE SKIP] #IO-1239 (SHREYAA ENTERPRISES): date 20260113 before start date 20260228
[2026-03-04 12:38:18] [INFO] [DATE SKIP] #IO-1240 (SHREYAA ENTERPRISES): date 20260113 before start date 20260228
[2026-03-04 12:38:18] [INFO] [DATE SKIP] #IO-1241 (SHREYAA ENTERPRISES): date 20260113 before start date 20260228
[2026-03-04 12:38:18] [INFO] [DATE SKIP] #CO2-34 (SHREYAA ENTERPRISES): date 20260113 before start date 20260228
[2026-03-04 12:38:18] [INFO] [DATE SKIP] #IO-1268 (SHREYAA ENTERPRISES): date 20260113 before start date 20260228
[2026-03-04 12:38:18] [INFO] [DATE SKIP] #IO-1243 (SHREYAA ENTERPRISES): date 20260114 before start date 20260228
[2026-03-04 12:38:18] [INFO] [DATE SKIP] #IO-1244 (SHREYAA ENTERPRISES): date 20260114 before start date 20260228
[2026-03-04 12:38:18] [INFO] [DATE SKIP] #IO-1245 (SHREYAA ENTERPRISES): date 20260114 before start date 20260228
[2026-03-04 12:38:18] [INFO] [DATE SKIP] #IO-1246 (SHREYAA ENTERPRISES): date 20260114 before start date 20260228
[2026-03-04 12:38:18] [INFO] [DATE SKIP] #IO-1247 (SHREYAA ENTERPRISES): date 20260114 before start date 20260228
[2026-03-04 12:38:18] [INFO] [DATE SKIP] #IO-1248 (SHREYAA ENTERPRISES): date 20260114 before start date 20260228
[2026-03-04 12:38:18] [INFO] [DATE SKIP] #CO2-35 (SHREYAA ENTERPRISES): date 20260114 before start date 20260228
[2026-03-04 12:38:18] [INFO] [DATE SKIP] #IO-1249 (SHREYAA ENTERPRISES): date 20260114 before start date 20260228
[2026-03-04 12:38:18] [INFO] [DATE SKIP] #IO-1250 (SHREYAA ENTERPRISES): date 20260114 before start date 20260228
[2026-03-04 12:38:18] [INFO] [DATE SKIP] #IO-1251 (SHREYAA ENTERPRISES): date 20260114 before start date 20260228
[2026-03-04 12:38:18] [INFO] [DATE SKIP] #ARG-47 (SHREYAA ENTERPRISES): date 20260114 before start date 20260228
[2026-03-04 12:38:18] [INFO] [DATE SKIP] #IO-1252 (SHREYAA ENTERPRISES): date 20260114 before start date 20260228
[2026-03-04 12:38:18] [INFO] [DATE SKIP] #49 (SHREYAA ENTERPRISES): date 20260114 before start date 20260228
[2026-03-04 12:38:18] [INFO] [DATE SKIP] #IO-1253 (SHREYAA ENTERPRISES): date 20260114 before start date 20260228
[2026-03-04 12:38:18] [INFO] [DATE SKIP] #IO-1254 (SHREYAA ENTERPRISES): date 20260114 before start date 20260228
[2026-03-04 12:38:18] [INFO] [DATE SKIP] #IO-1255 (SHREYAA ENTERPRISES): date 20260114 before start date 20260228
[2026-03-04 12:38:18] [INFO] [DATE SKIP] #IO-1256 (SHREYAA ENTERPRISES): date 20260114 before start date 20260228
[2026-03-04 12:38:18] [INFO] [DATE SKIP] #IO-1257 (SHREYAA ENTERPRISES): date 20260114 before start date 20260228
[2026-03-04 12:38:18] [INFO] [DATE SKIP] #IO-1258 (SHREYAA ENTERPRISES): date 20260114 before start date 20260228
[2026-03-04 12:38:18] [INFO] [DATE SKIP] #IO-1259 (SHREYAA ENTERPRISES): date 20260114 before start date 20260228
[2026-03-04 12:38:18] [INFO] [DATE SKIP] #IO-1260 (SHREYAA ENTERPRISES): date 20260114 before start date 20260228
[2026-03-04 12:38:18] [INFO] [DATE SKIP] #IO-1261 (SHREYAA ENTERPRISES): date 20260114 before start date 20260228
[2026-03-04 12:38:18] [INFO] [DATE SKIP] #IO-1262 (SHREYAA ENTERPRISES): date 20260114 before start date 20260228
[2026-03-04 12:38:18] [INFO] [DATE SKIP] #1 (SHREYAA ENTERPRISES): date 20260114 before start date 20260228
[2026-03-04 12:38:18] [INFO] [DATE SKIP] #IO-1263 (SHREYAA ENTERPRISES): date 20260117 before start date 20260228
[2026-03-04 12:38:18] [INFO] [DATE SKIP] #IO-1264 (SHREYAA ENTERPRISES): date 20260117 before start date 20260228
[2026-03-04 12:38:18] [INFO] [DATE SKIP] #50 (SHREYAA ENTERPRISES): date 20260117 before start date 20260228
[2026-03-04 12:38:18] [INFO] [DATE SKIP] #IO-1265 (SHREYAA ENTERPRISES): date 20260117 before start date 20260228
[2026-03-04 12:38:18] [INFO] [DATE SKIP] #IO-1266 (SHREYAA ENTERPRISES): date 20260117 before start date 20260228
[2026-03-04 12:38:18] [INFO] [DATE SKIP] #IO-1267 (SHREYAA ENTERPRISES): date 20260117 before start date 20260228
[2026-03-04 12:38:18] [INFO] [DATE SKIP] #ARG-48 (SHREYAA ENTERPRISES): date 20260117 before start date 20260228
[2026-03-04 12:38:18] [INFO] [DATE SKIP] #IO-1269 (SHREYAA ENTERPRISES): date 20260117 before start date 20260228
[2026-03-04 12:38:18] [INFO] [DATE SKIP] #IO-1270 (SHREYAA ENTERPRISES): date 20260117 before start date 20260228
[2026-03-04 12:38:18] [INFO] [DATE SKIP] #MO-37 (SHREYAA ENTERPRISES): date 20260117 before start date 20260228
[2026-03-04 12:38:18] [INFO] [DATE SKIP] #ARG-49 (SHREYAA ENTERPRISES): date 20260117 before start date 20260228
[2026-03-04 12:38:18] [INFO] [DATE SKIP] #IO-1271 (SHREYAA ENTERPRISES): date 20260117 before start date 20260228
[2026-03-04 12:38:18] [INFO] [DATE SKIP] #IO-1272 (SHREYAA ENTERPRISES): date 20260117 before start date 20260228
[2026-03-04 12:38:18] [INFO] [DATE SKIP] #2 (SHREYAA ENTERPRISES): date 20260117 before start date 20260228
[2026-03-04 12:38:18] [INFO] [DATE SKIP] #6 (SHREYAA ENTERPRISES): date 20260118 before start date 20260228
[2026-03-04 12:38:18] [INFO] [DATE SKIP] #IO-1273 (SHREYAA ENTERPRISES): date 20260119 before start date 20260228
[2026-03-04 12:38:18] [INFO] [DATE SKIP] #IO-1274 (SHREYAA ENTERPRISES): date 20260119 before start date 20260228
[2026-03-04 12:38:18] [INFO] [DATE SKIP] #IO-1275 (SHREYAA ENTERPRISES): date 20260119 before start date 20260228
[2026-03-04 12:38:18] [INFO] [DATE SKIP] #IO-1276 (SHREYAA ENTERPRISES): date 20260119 before start date 20260228
[2026-03-04 12:38:18] [INFO] [DATE SKIP] #IO-1277 (SHREYAA ENTERPRISES): date 20260119 before start date 20260228
[2026-03-04 12:38:18] [INFO] [DATE SKIP] #IO-1278 (SHREYAA ENTERPRISES): date 20260119 before start date 20260228
[2026-03-04 12:38:18] [INFO] [DATE SKIP] #IO-1279 (SHREYAA ENTERPRISES): date 20260119 before start date 20260228
[2026-03-04 12:38:18] [INFO] [DATE SKIP] #IO-1280 (SHREYAA ENTERPRISES): date 20260119 before start date 20260228
[2026-03-04 12:38:18] [INFO] [DATE SKIP] #IO-1281 (SHREYAA ENTERPRISES): date 20260119 before start date 20260228
[2026-03-04 12:38:18] [INFO] [DATE SKIP] #IO-1282 (SHREYAA ENTERPRISES): date 20260119 before start date 20260228
[2026-03-04 12:38:18] [INFO] [DATE SKIP] #IO-1283 (SHREYAA ENTERPRISES): date 20260119 before start date 20260228
[2026-03-04 12:38:18] [INFO] [DATE SKIP] #IO-1284 (SHREYAA ENTERPRISES): date 20260119 before start date 20260228
[2026-03-04 12:38:18] [INFO] [DATE SKIP] #IO-1285 (SHREYAA ENTERPRISES): date 20260119 before start date 20260228
[2026-03-04 12:38:18] [INFO] [DATE SKIP] #IO-1286 (SHREYAA ENTERPRISES): date 20260119 before start date 20260228
[2026-03-04 12:38:18] [INFO] [DATE SKIP] #IO-1287 (SHREYAA ENTERPRISES): date 20260119 before start date 20260228
[2026-03-04 12:38:18] [INFO] [DATE SKIP] #7 (SHREYAA ENTERPRISES): date 20260119 before start date 20260228
[2026-03-04 12:38:18] [INFO] [DATE SKIP] #IO-1288 (SHREYAA ENTERPRISES): date 20260120 before start date 20260228
[2026-03-04 12:38:18] [INFO] [DATE SKIP] #IO-1289 (SHREYAA ENTERPRISES): date 20260120 before start date 20260228
[2026-03-04 12:38:18] [INFO] [DATE SKIP] #IO-1290 (SHREYAA ENTERPRISES): date 20260120 before start date 20260228
[2026-03-04 12:38:18] [INFO] [DATE SKIP] #IO-1291 (SHREYAA ENTERPRISES): date 20260120 before start date 20260228
[2026-03-04 12:38:18] [INFO] [DATE SKIP] #IO-1292 (SHREYAA ENTERPRISES): date 20260120 before start date 20260228
[2026-03-04 12:38:18] [INFO] [DATE SKIP] #ARG-50 (SHREYAA ENTERPRISES): date 20260120 before start date 20260228
[2026-03-04 12:38:18] [INFO] [DATE SKIP] #IO-1293 (SHREYAA ENTERPRISES): date 20260120 before start date 20260228
[2026-03-04 12:38:18] [INFO] [DATE SKIP] #ARG-51 (SHREYAA ENTERPRISES): date 20260120 before start date 20260228
[2026-03-04 12:38:18] [INFO] [DATE SKIP] #CO2-37 (SHREYAA ENTERPRISES): date 20260120 before start date 20260228
[2026-03-04 12:38:18] [INFO] [DATE SKIP] #IO-1294 (SHREYAA ENTERPRISES): date 20260120 before start date 20260228
[2026-03-04 12:38:18] [INFO] [DATE SKIP] #CO2-38 (SHREYAA ENTERPRISES): date 20260120 before start date 20260228
[2026-03-04 12:38:18] [INFO] [DATE SKIP] #IO-1295 (SHREYAA ENTERPRISES): date 20260120 before start date 20260228
[2026-03-04 12:38:18] [INFO] [DATE SKIP] #IO-1296 (SHREYAA ENTERPRISES): date 20260120 before start date 20260228
[2026-03-04 12:38:18] [INFO] [DATE SKIP] #IO-1297 (SHREYAA ENTERPRISES): date 20260120 before start date 20260228
[2026-03-04 12:38:18] [INFO] [DATE SKIP] #IO-1298 (SHREYAA ENTERPRISES): date 20260120 before start date 20260228
[2026-03-04 12:38:18] [INFO] [DATE SKIP] #IO-1299 (SHREYAA ENTERPRISES): date 20260120 before start date 20260228
[2026-03-04 12:38:18] [INFO] [DATE SKIP] #52 (SHREYAA ENTERPRISES): date 20260120 before start date 20260228
[2026-03-04 12:38:18] [INFO] [DATE SKIP] #IO-1300 (SHREYAA ENTERPRISES): date 20260120 before start date 20260228
[2026-03-04 12:38:18] [INFO] [DATE SKIP] #CO2-39 (SHREYAA ENTERPRISES): date 20260120 before start date 20260228
[2026-03-04 12:38:18] [INFO] [DATE SKIP] #53 (SHREYAA ENTERPRISES): date 20260120 before start date 20260228
[2026-03-04 12:38:18] [INFO] [DATE SKIP] #IO-1301 (SHREYAA ENTERPRISES): date 20260120 before start date 20260228
[2026-03-04 12:38:18] [INFO] [DATE SKIP] #IO-1302 (SHREYAA ENTERPRISES): date 20260121 before start date 20260228
[2026-03-04 12:38:18] [INFO] [DATE SKIP] #IO-1303 (SHREYAA ENTERPRISES): date 20260121 before start date 20260228
[2026-03-04 12:38:18] [INFO] [DATE SKIP] #IO-1304 (SHREYAA ENTERPRISES): date 20260121 before start date 20260228
[2026-03-04 12:38:18] [INFO] [DATE SKIP] #IO-1305 (SHREYAA ENTERPRISES): date 20260121 before start date 20260228
[2026-03-04 12:38:18] [INFO] [DATE SKIP] #IO-1306 (SHREYAA ENTERPRISES): date 20260121 before start date 20260228
[2026-03-04 12:38:18] [INFO] [DATE SKIP] #IO-1307 (SHREYAA ENTERPRISES): date 20260121 before start date 20260228
[2026-03-04 12:38:18] [INFO] [DATE SKIP] #54 (SHREYAA ENTERPRISES): date 20260121 before start date 20260228
[2026-03-04 12:38:18] [INFO] [DATE SKIP] #IO-1308 (SHREYAA ENTERPRISES): date 20260121 before start date 20260228
[2026-03-04 12:38:18] [INFO] [DATE SKIP] #IO-1309 (SHREYAA ENTERPRISES): date 20260121 before start date 20260228
[2026-03-04 12:38:18] [INFO] [DATE SKIP] #IO-1310 (SHREYAA ENTERPRISES): date 20260121 before start date 20260228
[2026-03-04 12:38:18] [INFO] [DATE SKIP] #IO-1311 (SHREYAA ENTERPRISES): date 20260121 before start date 20260228
[2026-03-04 12:38:18] [INFO] [DATE SKIP] #IO-1312 (SHREYAA ENTERPRISES): date 20260121 before start date 20260228
[2026-03-04 12:38:18] [INFO] [DATE SKIP] #IO-1313 (SHREYAA ENTERPRISES): date 20260121 before start date 20260228
[2026-03-04 12:38:18] [INFO] [DATE SKIP] #IO-1314 (SHREYAA ENTERPRISES): date 20260121 before start date 20260228
[2026-03-04 12:38:18] [INFO] [DATE SKIP] #IO-1315 (SHREYAA ENTERPRISES): date 20260121 before start date 20260228
[2026-03-04 12:38:18] [INFO] [DATE SKIP] #IO-1316 (SHREYAA ENTERPRISES): date 20260121 before start date 20260228
[2026-03-04 12:38:18] [INFO] [DATE SKIP] #IO-1317 (SHREYAA ENTERPRISES): date 20260121 before start date 20260228
[2026-03-04 12:38:18] [INFO] [DATE SKIP] #IO-1318 (SHREYAA ENTERPRISES): date 20260121 before start date 20260228
[2026-03-04 12:38:18] [INFO] [DATE SKIP] #IO-1319 (SHREYAA ENTERPRISES): date 20260121 before start date 20260228
[2026-03-04 12:38:18] [INFO] [DATE SKIP] #IO-1320 (SHREYAA ENTERPRISES): date 20260121 before start date 20260228
[2026-03-04 12:38:18] [INFO] [DATE SKIP] #55 (SHREYAA ENTERPRISES): date 20260121 before start date 20260228
[2026-03-04 12:38:18] [INFO] [DATE SKIP] #9 (SHREYAA ENTERPRISES): date 20260121 before start date 20260228
[2026-03-04 12:38:18] [INFO] [DATE SKIP] #IO-1321 (SHREYAA ENTERPRISES): date 20260122 before start date 20260228
[2026-03-04 12:38:18] [INFO] [DATE SKIP] #IO-1322 (SHREYAA ENTERPRISES): date 20260122 before start date 20260228
[2026-03-04 12:38:18] [INFO] [DATE SKIP] #IO-1323 (SHREYAA ENTERPRISES): date 20260122 before start date 20260228
[2026-03-04 12:38:18] [INFO] [DATE SKIP] #IO-1324 (SHREYAA ENTERPRISES): date 20260122 before start date 20260228
[2026-03-04 12:38:18] [INFO] [DATE SKIP] #IO-1325 (SHREYAA ENTERPRISES): date 20260122 before start date 20260228
[2026-03-04 12:38:18] [INFO] [DATE SKIP] #IO-1326 (SHREYAA ENTERPRISES): date 20260122 before start date 20260228
[2026-03-04 12:38:18] [INFO] [DATE SKIP] #IO-1327 (SHREYAA ENTERPRISES): date 20260122 before start date 20260228
[2026-03-04 12:38:18] [INFO] [DATE SKIP] #IO-1328 (SHREYAA ENTERPRISES): date 20260122 before start date 20260228
[2026-03-04 12:38:18] [INFO] [DATE SKIP] #IO-1329 (SHREYAA ENTERPRISES): date 20260122 before start date 20260228
[2026-03-04 12:38:18] [INFO] [DATE SKIP] #IO-1330 (SHREYAA ENTERPRISES): date 20260122 before start date 20260228
[2026-03-04 12:38:18] [INFO] [DATE SKIP] #4 (SHREYAA ENTERPRISES): date 20260122 before start date 20260228
[2026-03-04 12:38:18] [INFO] [DATE SKIP] #IO-1331 (SHREYAA ENTERPRISES): date 20260123 before start date 20260228
[2026-03-04 12:38:18] [INFO] [DATE SKIP] #ARG-52 (SHREYAA ENTERPRISES): date 20260123 before start date 20260228
[2026-03-04 12:38:18] [INFO] [DATE SKIP] #IO-1332 (SHREYAA ENTERPRISES): date 20260123 before start date 20260228
[2026-03-04 12:38:18] [INFO] [DATE SKIP] #CO2-40 (SHREYAA ENTERPRISES): date 20260123 before start date 20260228
[2026-03-04 12:38:18] [INFO] [DATE SKIP] #CO2-41 (SHREYAA ENTERPRISES): date 20260123 before start date 20260228
[2026-03-04 12:38:18] [INFO] [DATE SKIP] #56 (SHREYAA ENTERPRISES): date 20260123 before start date 20260228
[2026-03-04 12:38:18] [INFO] [DATE SKIP] #IO-1333 (SHREYAA ENTERPRISES): date 20260123 before start date 20260228
[2026-03-04 12:38:18] [INFO] [DATE SKIP] #IO-1334 (SHREYAA ENTERPRISES): date 20260123 before start date 20260228
[2026-03-04 12:38:18] [INFO] [DATE SKIP] #IO-1335 (SHREYAA ENTERPRISES): date 20260123 before start date 20260228
[2026-03-04 12:38:18] [INFO] [DATE SKIP] #IO-1336 (SHREYAA ENTERPRISES): date 20260123 before start date 20260228
[2026-03-04 12:38:18] [INFO] [DATE SKIP] #CO2-42 (SHREYAA ENTERPRISES): date 20260123 before start date 20260228
[2026-03-04 12:38:18] [INFO] [DATE SKIP] #IO-1337 (SHREYAA ENTERPRISES): date 20260123 before start date 20260228
[2026-03-04 12:38:18] [INFO] [DATE SKIP] #IO-1338 (SHREYAA ENTERPRISES): date 20260123 before start date 20260228
[2026-03-04 12:38:18] [INFO] [DATE SKIP] #IO-1339 (SHREYAA ENTERPRISES): date 20260123 before start date 20260228
[2026-03-04 12:38:18] [INFO] [DATE SKIP] #IO-1340 (SHREYAA ENTERPRISES): date 20260123 before start date 20260228
[2026-03-04 12:38:18] [INFO] [DATE SKIP] #IO-1341 (SHREYAA ENTERPRISES): date 20260123 before start date 20260228
[2026-03-04 12:38:18] [INFO] [DATE SKIP] #IO-1342 (SHREYAA ENTERPRISES): date 20260123 before start date 20260228
[2026-03-04 12:38:18] [INFO] [DATE SKIP] #CO2-43 (SHREYAA ENTERPRISES): date 20260123 before start date 20260228
[2026-03-04 12:38:18] [INFO] [DATE SKIP] #57 (SHREYAA ENTERPRISES): date 20260123 before start date 20260228
[2026-03-04 12:38:18] [INFO] [DATE SKIP] #5 (SHREYAA ENTERPRISES): date 20260123 before start date 20260228
[2026-03-04 12:38:18] [INFO] [DATE SKIP] #IO-1343 (SHREYAA ENTERPRISES): date 20260124 before start date 20260228
[2026-03-04 12:38:18] [INFO] [DATE SKIP] #IO-1344 (SHREYAA ENTERPRISES): date 20260124 before start date 20260228
[2026-03-04 12:38:18] [INFO] [DATE SKIP] #IO-1345 (SHREYAA ENTERPRISES): date 20260124 before start date 20260228
[2026-03-04 12:38:18] [INFO] [DATE SKIP] #IO-1346 (SHREYAA ENTERPRISES): date 20260124 before start date 20260228
[2026-03-04 12:38:18] [INFO] [DATE SKIP] #IO-1347 (SHREYAA ENTERPRISES): date 20260124 before start date 20260228
[2026-03-04 12:38:18] [INFO] [DATE SKIP] #CO2-44 (SHREYAA ENTERPRISES): date 20260124 before start date 20260228
[2026-03-04 12:38:18] [INFO] [DATE SKIP] #IO-1348 (SHREYAA ENTERPRISES): date 20260124 before start date 20260228
[2026-03-04 12:38:18] [INFO] [DATE SKIP] #IO-1349 (SHREYAA ENTERPRISES): date 20260124 before start date 20260228
[2026-03-04 12:38:18] [INFO] [DATE SKIP] #IO-1350 (SHREYAA ENTERPRISES): date 20260124 before start date 20260228
[2026-03-04 12:38:18] [INFO] [DATE SKIP] #IO-1351 (SHREYAA ENTERPRISES): date 20260124 before start date 20260228
[2026-03-04 12:38:18] [INFO] [DATE SKIP] #IO-1352 (SHREYAA ENTERPRISES): date 20260124 before start date 20260228
[2026-03-04 12:38:18] [INFO] [DATE SKIP] #IO-1353 (SHREYAA ENTERPRISES): date 20260124 before start date 20260228
[2026-03-04 12:38:18] [INFO] [DATE SKIP] #58 (SHREYAA ENTERPRISES): date 20260124 before start date 20260228
[2026-03-04 12:38:18] [INFO] [DATE SKIP] #IO-1354 (SHREYAA ENTERPRISES): date 20260124 before start date 20260228
[2026-03-04 12:38:18] [INFO] [DATE SKIP] #IO-1355 (SHREYAA ENTERPRISES): date 20260124 before start date 20260228
[2026-03-04 12:38:18] [INFO] [DATE SKIP] #IO-1356 (SHREYAA ENTERPRISES): date 20260124 before start date 20260228
[2026-03-04 12:38:18] [INFO] [DATE SKIP] #IO-1357 (SHREYAA ENTERPRISES): date 20260124 before start date 20260228
[2026-03-04 12:38:18] [INFO] [DATE SKIP] #IO-1358 (SHREYAA ENTERPRISES): date 20260124 before start date 20260228
[2026-03-04 12:38:18] [INFO] [DATE SKIP] #IO-1359 (SHREYAA ENTERPRISES): date 20260124 before start date 20260228
[2026-03-04 12:38:18] [INFO] [DATE SKIP] #IO-1360 (SHREYAA ENTERPRISES): date 20260124 before start date 20260228
[2026-03-04 12:38:18] [INFO] [DATE SKIP] #IO-1361 (SHREYAA ENTERPRISES): date 20260126 before start date 20260228
[2026-03-04 12:38:18] [INFO] [DATE SKIP] #IO-1362 (SHREYAA ENTERPRISES): date 20260126 before start date 20260228
[2026-03-04 12:38:18] [INFO] [DATE SKIP] #IO-1363 (SHREYAA ENTERPRISES): date 20260126 before start date 20260228
[2026-03-04 12:38:18] [INFO] [DATE SKIP] #IO-1364 (SHREYAA ENTERPRISES): date 20260126 before start date 20260228
[2026-03-04 12:38:18] [INFO] [DATE SKIP] #IO-1365 (SHREYAA ENTERPRISES): date 20260126 before start date 20260228
[2026-03-04 12:38:18] [INFO] [DATE SKIP] #IO-1366 (SHREYAA ENTERPRISES): date 20260126 before start date 20260228
[2026-03-04 12:38:18] [INFO] [DATE SKIP] #IO-1367 (SHREYAA ENTERPRISES): date 20260126 before start date 20260228
[2026-03-04 12:38:18] [INFO] [DATE SKIP] #IO-1368 (SHREYAA ENTERPRISES): date 20260126 before start date 20260228
[2026-03-04 12:38:18] [INFO] [DATE SKIP] #IO-1369 (SHREYAA ENTERPRISES): date 20260126 before start date 20260228
[2026-03-04 12:38:18] [INFO] [DATE SKIP] #IO-1370 (SHREYAA ENTERPRISES): date 20260126 before start date 20260228
[2026-03-04 12:38:18] [INFO] [DATE SKIP] #IO-1371 (SHREYAA ENTERPRISES): date 20260126 before start date 20260228
[2026-03-04 12:38:18] [INFO] [DATE SKIP] #IO-1372 (SHREYAA ENTERPRISES): date 20260126 before start date 20260228
[2026-03-04 12:38:18] [INFO] [DATE SKIP] #59 (SHREYAA ENTERPRISES): date 20260126 before start date 20260228
[2026-03-04 12:38:18] [INFO] [DATE SKIP] #IO-1373 (SHREYAA ENTERPRISES): date 20260126 before start date 20260228
[2026-03-04 12:38:18] [INFO] [DATE SKIP] #IO-1374 (SHREYAA ENTERPRISES): date 20260126 before start date 20260228
[2026-03-04 12:38:18] [INFO] [DATE SKIP] #IO-1375 (SHREYAA ENTERPRISES): date 20260126 before start date 20260228
[2026-03-04 12:38:18] [INFO] [DATE SKIP] #IO-1376 (SHREYAA ENTERPRISES): date 20260126 before start date 20260228
[2026-03-04 12:38:18] [INFO] [DATE SKIP] #IO-1377 (SHREYAA ENTERPRISES): date 20260126 before start date 20260228
[2026-03-04 12:38:18] [INFO] [DATE SKIP] #IO-1378 (SHREYAA ENTERPRISES): date 20260127 before start date 20260228
[2026-03-04 12:38:18] [INFO] [DATE SKIP] #IO-1379 (SHREYAA ENTERPRISES): date 20260127 before start date 20260228
[2026-03-04 12:38:18] [INFO] [DATE SKIP] #ARG-54 (SHREYAA ENTERPRISES): date 20260127 before start date 20260228
[2026-03-04 12:38:18] [INFO] [DATE SKIP] #IO-1380 (SHREYAA ENTERPRISES): date 20260127 before start date 20260228
[2026-03-04 12:38:18] [INFO] [DATE SKIP] #IO-1381 (SHREYAA ENTERPRISES): date 20260127 before start date 20260228
[2026-03-04 12:38:18] [INFO] [DATE SKIP] #IO-1382 (SHREYAA ENTERPRISES): date 20260127 before start date 20260228
[2026-03-04 12:38:18] [INFO] [DATE SKIP] #IO-1383 (SHREYAA ENTERPRISES): date 20260127 before start date 20260228
[2026-03-04 12:38:18] [INFO] [DATE SKIP] #IO-1384 (SHREYAA ENTERPRISES): date 20260127 before start date 20260228
[2026-03-04 12:38:18] [INFO] [DATE SKIP] #IO-1385 (SHREYAA ENTERPRISES): date 20260127 before start date 20260228
[2026-03-04 12:38:18] [INFO] [DATE SKIP] #IO-1386 (SHREYAA ENTERPRISES): date 20260127 before start date 20260228
[2026-03-04 12:38:18] [INFO] [DATE SKIP] #IO-1387 (SHREYAA ENTERPRISES): date 20260127 before start date 20260228
[2026-03-04 12:38:18] [INFO] [DATE SKIP] #IO-1388 (SHREYAA ENTERPRISES): date 20260127 before start date 20260228
[2026-03-04 12:38:18] [INFO] [DATE SKIP] #IO-1389 (SHREYAA ENTERPRISES): date 20260127 before start date 20260228
[2026-03-04 12:38:18] [INFO] [DATE SKIP] #IO-1390 (SHREYAA ENTERPRISES): date 20260127 before start date 20260228
[2026-03-04 12:38:18] [INFO] [DATE SKIP] #CO2-46 (SHREYAA ENTERPRISES): date 20260127 before start date 20260228
[2026-03-04 12:38:18] [INFO] [DATE SKIP] #IO-1391 (SHREYAA ENTERPRISES): date 20260127 before start date 20260228
[2026-03-04 12:38:18] [INFO] [DATE SKIP] #IO-1392 (SHREYAA ENTERPRISES): date 20260127 before start date 20260228
[2026-03-04 12:38:18] [INFO] [DATE SKIP] #MO-38 (SHREYAA ENTERPRISES): date 20260127 before start date 20260228
[2026-03-04 12:38:18] [INFO] [DATE SKIP] #IO-1393 (SHREYAA ENTERPRISES): date 20260128 before start date 20260228
[2026-03-04 12:38:18] [INFO] [DATE SKIP] #IO-1394 (SHREYAA ENTERPRISES): date 20260128 before start date 20260228
[2026-03-04 12:38:18] [INFO] [DATE SKIP] #IO-1395 (SHREYAA ENTERPRISES): date 20260128 before start date 20260228
[2026-03-04 12:38:18] [INFO] [DATE SKIP] #IO-1396 (SHREYAA ENTERPRISES): date 20260128 before start date 20260228
[2026-03-04 12:38:18] [INFO] [DATE SKIP] #IO-1397 (SHREYAA ENTERPRISES): date 20260128 before start date 20260228
[2026-03-04 12:38:18] [INFO] [DATE SKIP] #IO-1398 (SHREYAA ENTERPRISES): date 20260128 before start date 20260228
[2026-03-04 12:38:18] [INFO] [DATE SKIP] #60 (SHREYAA ENTERPRISES): date 20260128 before start date 20260228
[2026-03-04 12:38:18] [INFO] [DATE SKIP] #IO-1399 (SHREYAA ENTERPRISES): date 20260128 before start date 20260228
[2026-03-04 12:38:18] [INFO] [DATE SKIP] #IO-1400 (SHREYAA ENTERPRISES): date 20260128 before start date 20260228
[2026-03-04 12:38:18] [INFO] [DATE SKIP] #IO-1401 (SHREYAA ENTERPRISES): date 20260128 before start date 20260228
[2026-03-04 12:38:18] [INFO] [DATE SKIP] #IO-1402 (SHREYAA ENTERPRISES): date 20260128 before start date 20260228
[2026-03-04 12:38:18] [INFO] [DATE SKIP] #IO-1403 (SHREYAA ENTERPRISES): date 20260128 before start date 20260228
[2026-03-04 12:38:18] [INFO] [DATE SKIP] #IO-1404 (SHREYAA ENTERPRISES): date 20260128 before start date 20260228
[2026-03-04 12:38:18] [INFO] [DATE SKIP] #IO-1405 (SHREYAA ENTERPRISES): date 20260128 before start date 20260228
[2026-03-04 12:38:18] [INFO] [DATE SKIP] #61 (SHREYAA ENTERPRISES): date 20260128 before start date 20260228
[2026-03-04 12:38:18] [INFO] [DATE SKIP] #IO-1406 (SHREYAA ENTERPRISES): date 20260128 before start date 20260228
[2026-03-04 12:38:18] [INFO] [DATE SKIP] #IO-1407 (SHREYAA ENTERPRISES): date 20260128 before start date 20260228
[2026-03-04 12:38:18] [INFO] [DATE SKIP] #IO-1408 (SHREYAA ENTERPRISES): date 20260128 before start date 20260228
[2026-03-04 12:38:18] [INFO] [DATE SKIP] #IO-1409 (SHREYAA ENTERPRISES): date 20260129 before start date 20260228
[2026-03-04 12:38:18] [INFO] [DATE SKIP] #IO-1410 (SHREYAA ENTERPRISES): date 20260129 before start date 20260228
[2026-03-04 12:38:18] [INFO] [DATE SKIP] #IO-1411 (SHREYAA ENTERPRISES): date 20260129 before start date 20260228
[2026-03-04 12:38:18] [INFO] [DATE SKIP] #IO-1412 (SHREYAA ENTERPRISES): date 20260129 before start date 20260228
[2026-03-04 12:38:18] [INFO] [DATE SKIP] #IO-1413 (SHREYAA ENTERPRISES): date 20260129 before start date 20260228
[2026-03-04 12:38:18] [INFO] [DATE SKIP] #IO-1414 (SHREYAA ENTERPRISES): date 20260129 before start date 20260228
[2026-03-04 12:38:18] [INFO] [DATE SKIP] #IO-1415 (SHREYAA ENTERPRISES): date 20260129 before start date 20260228
[2026-03-04 12:38:18] [INFO] [DATE SKIP] #CO2-47 (SHREYAA ENTERPRISES): date 20260129 before start date 20260228
[2026-03-04 12:38:18] [INFO] [DATE SKIP] #CO2-48 (SHREYAA ENTERPRISES): date 20260129 before start date 20260228
[2026-03-04 12:38:18] [INFO] [DATE SKIP] #IO-1416 (SHREYAA ENTERPRISES): date 20260129 before start date 20260228
[2026-03-04 12:38:18] [INFO] [DATE SKIP] #IO-1417 (SHREYAA ENTERPRISES): date 20260129 before start date 20260228
[2026-03-04 12:38:18] [INFO] [DATE SKIP] #IO-1418 (SHREYAA ENTERPRISES): date 20260129 before start date 20260228
[2026-03-04 12:38:18] [INFO] [DATE SKIP] #IO-1419 (SHREYAA ENTERPRISES): date 20260129 before start date 20260228
[2026-03-04 12:38:18] [INFO] [DATE SKIP] #IO-1420 (SHREYAA ENTERPRISES): date 20260129 before start date 20260228
[2026-03-04 12:38:18] [INFO] [DATE SKIP] #IO-1421 (SHREYAA ENTERPRISES): date 20260129 before start date 20260228
[2026-03-04 12:38:18] [INFO] [DATE SKIP] #IO-1422 (SHREYAA ENTERPRISES): date 20260129 before start date 20260228
[2026-03-04 12:38:18] [INFO] [DATE SKIP] #IO-1423 (SHREYAA ENTERPRISES): date 20260129 before start date 20260228
[2026-03-04 12:38:18] [INFO] [DATE SKIP] #IO-1424 (SHREYAA ENTERPRISES): date 20260129 before start date 20260228
[2026-03-04 12:38:18] [INFO] [DATE SKIP] #IO-1425 (SHREYAA ENTERPRISES): date 20260129 before start date 20260228
[2026-03-04 12:38:18] [INFO] [DATE SKIP] #IO-1426 (SHREYAA ENTERPRISES): date 20260129 before start date 20260228
[2026-03-04 12:38:18] [INFO] [DATE SKIP] #6 (SHREYAA ENTERPRISES): date 20260129 before start date 20260228
[2026-03-04 12:38:18] [INFO] [DATE SKIP] #IO-1427 (SHREYAA ENTERPRISES): date 20260130 before start date 20260228
[2026-03-04 12:38:18] [INFO] [DATE SKIP] #IO-1428 (SHREYAA ENTERPRISES): date 20260130 before start date 20260228
[2026-03-04 12:38:18] [INFO] [DATE SKIP] #IO-1429 (SHREYAA ENTERPRISES): date 20260130 before start date 20260228
[2026-03-04 12:38:18] [INFO] [DATE SKIP] #IO-1430 (SHREYAA ENTERPRISES): date 20260130 before start date 20260228
[2026-03-04 12:38:18] [INFO] [DATE SKIP] #IO-1431 (SHREYAA ENTERPRISES): date 20260130 before start date 20260228
[2026-03-04 12:38:18] [INFO] [DATE SKIP] #IO-1432 (SHREYAA ENTERPRISES): date 20260130 before start date 20260228
[2026-03-04 12:38:18] [INFO] [DATE SKIP] #IO-1433 (SHREYAA ENTERPRISES): date 20260130 before start date 20260228
[2026-03-04 12:38:18] [INFO] [DATE SKIP] #IO-1434 (SHREYAA ENTERPRISES): date 20260130 before start date 20260228
[2026-03-04 12:38:18] [INFO] [DATE SKIP] #IO-1435 (SHREYAA ENTERPRISES): date 20260130 before start date 20260228
[2026-03-04 12:38:18] [INFO] [DATE SKIP] #CO2-49 (SHREYAA ENTERPRISES): date 20260130 before start date 20260228
[2026-03-04 12:38:18] [INFO] [DATE SKIP] #63 (SHREYAA ENTERPRISES): date 20260130 before start date 20260228
[2026-03-04 12:38:18] [INFO] [DATE SKIP] #IO-1436 (SHREYAA ENTERPRISES): date 20260130 before start date 20260228
[2026-03-04 12:38:18] [INFO] [DATE SKIP] #IO-1437 (SHREYAA ENTERPRISES): date 20260130 before start date 20260228
[2026-03-04 12:38:18] [INFO] [DATE SKIP] #IO-1438 (SHREYAA ENTERPRISES): date 20260130 before start date 20260228
[2026-03-04 12:38:18] [INFO] [DATE SKIP] #IO-1439 (SHREYAA ENTERPRISES): date 20260131 before start date 20260228
[2026-03-04 12:38:18] [INFO] [DATE SKIP] #IO-1440 (SHREYAA ENTERPRISES): date 20260131 before start date 20260228
[2026-03-04 12:38:18] [INFO] [DATE SKIP] #IO-1441 (SHREYAA ENTERPRISES): date 20260131 before start date 20260228
[2026-03-04 12:38:18] [INFO] [DATE SKIP] #IO-1442 (SHREYAA ENTERPRISES): date 20260131 before start date 20260228
[2026-03-04 12:38:18] [INFO] [DATE SKIP] #IO-1443 (SHREYAA ENTERPRISES): date 20260131 before start date 20260228
[2026-03-04 12:38:18] [INFO] [DATE SKIP] #IO-1444 (SHREYAA ENTERPRISES): date 20260131 before start date 20260228
[2026-03-04 12:38:18] [INFO] [DATE SKIP] #IO-1445 (SHREYAA ENTERPRISES): date 20260131 before start date 20260228
[2026-03-04 12:38:18] [INFO] [DATE SKIP] #IO-1446 (SHREYAA ENTERPRISES): date 20260131 before start date 20260228
[2026-03-04 12:38:18] [INFO] [DATE SKIP] #IO-1447 (SHREYAA ENTERPRISES): date 20260131 before start date 20260228
[2026-03-04 12:38:18] [INFO] [DATE SKIP] #IO-1448 (SHREYAA ENTERPRISES): date 20260131 before start date 20260228
[2026-03-04 12:38:18] [INFO] [DATE SKIP] #CO2-50 (SHREYAA ENTERPRISES): date 20260131 before start date 20260228
[2026-03-04 12:38:18] [INFO] [DATE SKIP] #IO-1449 (SHREYAA ENTERPRISES): date 20260131 before start date 20260228
[2026-03-04 12:38:18] [INFO] [DATE SKIP] #64 (SHREYAA ENTERPRISES): date 20260131 before start date 20260228
[2026-03-04 12:38:18] [INFO] [DATE SKIP] #IO-1450 (SHREYAA ENTERPRISES): date 20260131 before start date 20260228
[2026-03-04 12:38:18] [INFO] [DATE SKIP] #IO-1451 (SHREYAA ENTERPRISES): date 20260131 before start date 20260228
[2026-03-04 12:38:18] [INFO] [DATE SKIP] #IO-1452 (SHREYAA ENTERPRISES): date 20260131 before start date 20260228
[2026-03-04 12:38:18] [INFO] [DATE SKIP] #IO-1453 (SHREYAA ENTERPRISES): date 20260131 before start date 20260228
[2026-03-04 12:38:18] [INFO] [DATE SKIP] #IO-1454 (SHREYAA ENTERPRISES): date 20260131 before start date 20260228
[2026-03-04 12:38:18] [INFO] [DATE SKIP] #CO2-51 (SHREYAA ENTERPRISES): date 20260131 before start date 20260228
[2026-03-04 12:38:18] [INFO] [DATE SKIP] #IO-1455 (SHREYAA ENTERPRISES): date 20260131 before start date 20260228
[2026-03-04 12:38:18] [INFO] [DATE SKIP] #IO-1456 (SHREYAA ENTERPRISES): date 20260131 before start date 20260228
[2026-03-04 12:38:18] [INFO] [DATE SKIP] #IO-1457 (SHREYAA ENTERPRISES): date 20260202 before start date 20260228
[2026-03-04 12:38:18] [INFO] [DATE SKIP] #IO-1458 (SHREYAA ENTERPRISES): date 20260202 before start date 20260228
[2026-03-04 12:38:18] [INFO] [DATE SKIP] #CO2-52 (SHREYAA ENTERPRISES): date 20260202 before start date 20260228
[2026-03-04 12:38:18] [INFO] [DATE SKIP] #IO-1459 (SHREYAA ENTERPRISES): date 20260202 before start date 20260228
[2026-03-04 12:38:18] [INFO] [DATE SKIP] #IO-1460 (SHREYAA ENTERPRISES): date 20260202 before start date 20260228
[2026-03-04 12:38:18] [INFO] [DATE SKIP] #IO-1461 (SHREYAA ENTERPRISES): date 20260202 before start date 20260228
[2026-03-04 12:38:18] [INFO] [DATE SKIP] #IO-1462 (SHREYAA ENTERPRISES): date 20260202 before start date 20260228
[2026-03-04 12:38:18] [INFO] [DATE SKIP] #IO-1463 (SHREYAA ENTERPRISES): date 20260202 before start date 20260228
[2026-03-04 12:38:18] [INFO] [DATE SKIP] #IO-1464 (SHREYAA ENTERPRISES): date 20260202 before start date 20260228
[2026-03-04 12:38:18] [INFO] [DATE SKIP] #IO-1465 (SHREYAA ENTERPRISES): date 20260202 before start date 20260228
[2026-03-04 12:38:18] [INFO] [DATE SKIP] #IO-1466 (SHREYAA ENTERPRISES): date 20260202 before start date 20260228
[2026-03-04 12:38:18] [INFO] [DATE SKIP] #IO-1467 (SHREYAA ENTERPRISES): date 20260202 before start date 20260228
[2026-03-04 12:38:18] [INFO] [DATE SKIP] #IO-1468 (SHREYAA ENTERPRISES): date 20260202 before start date 20260228
[2026-03-04 12:38:18] [INFO] [DATE SKIP] #IO-1469 (SHREYAA ENTERPRISES): date 20260202 before start date 20260228
[2026-03-04 12:38:18] [INFO] [DATE SKIP] #IO-1470 (SHREYAA ENTERPRISES): date 20260202 before start date 20260228
[2026-03-04 12:38:18] [INFO] [DATE SKIP] #IO-1471 (SHREYAA ENTERPRISES): date 20260202 before start date 20260228
[2026-03-04 12:38:18] [INFO] [DATE SKIP] #IO-1472 (SHREYAA ENTERPRISES): date 20260202 before start date 20260228
[2026-03-04 12:38:18] [INFO] [DATE SKIP] #IO-1473 (SHREYAA ENTERPRISES): date 20260202 before start date 20260228
[2026-03-04 12:38:18] [INFO] [DATE SKIP] #IO-1474 (SHREYAA ENTERPRISES): date 20260202 before start date 20260228
[2026-03-04 12:38:19] [INFO] [DATE SKIP] #65 (SHREYAA ENTERPRISES): date 20260203 before start date 20260228
[2026-03-04 12:38:19] [INFO] [DATE SKIP] #IO-1475 (SHREYAA ENTERPRISES): date 20260203 before start date 20260228
[2026-03-04 12:38:19] [INFO] [DATE SKIP] #IO-1476 (SHREYAA ENTERPRISES): date 20260203 before start date 20260228
[2026-03-04 12:38:19] [INFO] [DATE SKIP] #IO-1477 (SHREYAA ENTERPRISES): date 20260203 before start date 20260228
[2026-03-04 12:38:19] [INFO] [DATE SKIP] #IO-1478 (SHREYAA ENTERPRISES): date 20260203 before start date 20260228
[2026-03-04 12:38:19] [INFO] [DATE SKIP] #IO-1479 (SHREYAA ENTERPRISES): date 20260203 before start date 20260228
[2026-03-04 12:38:19] [INFO] [DATE SKIP] #IO-1480 (SHREYAA ENTERPRISES): date 20260203 before start date 20260228
[2026-03-04 12:38:19] [INFO] [DATE SKIP] #IO-1481 (SHREYAA ENTERPRISES): date 20260203 before start date 20260228
[2026-03-04 12:38:19] [INFO] [DATE SKIP] #IO-1482 (SHREYAA ENTERPRISES): date 20260203 before start date 20260228
[2026-03-04 12:38:19] [INFO] [DATE SKIP] #IO-1483 (SHREYAA ENTERPRISES): date 20260203 before start date 20260228
[2026-03-04 12:38:19] [INFO] [DATE SKIP] #IO-1484 (SHREYAA ENTERPRISES): date 20260203 before start date 20260228
[2026-03-04 12:38:19] [INFO] [DATE SKIP] #66 (SHREYAA ENTERPRISES): date 20260203 before start date 20260228
[2026-03-04 12:38:19] [INFO] [DATE SKIP] #IO-1485 (SHREYAA ENTERPRISES): date 20260203 before start date 20260228
[2026-03-04 12:38:19] [INFO] [DATE SKIP] #IO-1486 (SHREYAA ENTERPRISES): date 20260203 before start date 20260228
[2026-03-04 12:38:19] [INFO] [DATE SKIP] #7 (SHREYAA ENTERPRISES): date 20260203 before start date 20260228
[2026-03-04 12:38:19] [INFO] [DATE SKIP] #IO-1487 (SHREYAA ENTERPRISES): date 20260204 before start date 20260228
[2026-03-04 12:38:19] [INFO] [DATE SKIP] #IO-1488 (SHREYAA ENTERPRISES): date 20260204 before start date 20260228
[2026-03-04 12:38:19] [INFO] [DATE SKIP] #IO-1490 (SHREYAA ENTERPRISES): date 20260204 before start date 20260228
[2026-03-04 12:38:19] [INFO] [DATE SKIP] #IO-1491 (SHREYAA ENTERPRISES): date 20260204 before start date 20260228
[2026-03-04 12:38:19] [INFO] [DATE SKIP] #IO-1492 (SHREYAA ENTERPRISES): date 20260204 before start date 20260228
[2026-03-04 12:38:19] [INFO] [DATE SKIP] #IO-1493 (SHREYAA ENTERPRISES): date 20260204 before start date 20260228
[2026-03-04 12:38:19] [INFO] [DATE SKIP] #L2N-8 (SHREYAA ENTERPRISES): date 20260204 before start date 20260228
[2026-03-04 12:38:19] [INFO] [DATE SKIP] #IO-1494 (SHREYAA ENTERPRISES): date 20260204 before start date 20260228
[2026-03-04 12:38:19] [INFO] [DATE SKIP] #IO-1495 (SHREYAA ENTERPRISES): date 20260204 before start date 20260228
[2026-03-04 12:38:19] [INFO] [DATE SKIP] #8 (SHREYAA ENTERPRISES): date 20260204 before start date 20260228
[2026-03-04 12:38:19] [INFO] [DATE SKIP] #IO-1496 (SHREYAA ENTERPRISES): date 20260205 before start date 20260228
[2026-03-04 12:38:19] [INFO] [DATE SKIP] #IO-1497 (SHREYAA ENTERPRISES): date 20260205 before start date 20260228
[2026-03-04 12:38:19] [INFO] [DATE SKIP] #IO-1498 (SHREYAA ENTERPRISES): date 20260205 before start date 20260228
[2026-03-04 12:38:19] [INFO] [DATE SKIP] #MO-41 (SHREYAA ENTERPRISES): date 20260205 before start date 20260228
[2026-03-04 12:38:19] [INFO] [DATE SKIP] #IO-1499 (SHREYAA ENTERPRISES): date 20260205 before start date 20260228
[2026-03-04 12:38:19] [INFO] [DATE SKIP] #IO-1500 (SHREYAA ENTERPRISES): date 20260205 before start date 20260228
[2026-03-04 12:38:19] [INFO] [DATE SKIP] #IO-1501 (SHREYAA ENTERPRISES): date 20260205 before start date 20260228
[2026-03-04 12:38:19] [INFO] [DATE SKIP] #IO-1502 (SHREYAA ENTERPRISES): date 20260205 before start date 20260228
[2026-03-04 12:38:19] [INFO] [DATE SKIP] #IO-1503 (SHREYAA ENTERPRISES): date 20260205 before start date 20260228
[2026-03-04 12:38:19] [INFO] [DATE SKIP] #IO-1504 (SHREYAA ENTERPRISES): date 20260205 before start date 20260228
[2026-03-04 12:38:19] [INFO] [DATE SKIP] #IO-1505 (SHREYAA ENTERPRISES): date 20260205 before start date 20260228
[2026-03-04 12:38:19] [INFO] [DATE SKIP] #IO-1506 (SHREYAA ENTERPRISES): date 20260205 before start date 20260228
[2026-03-04 12:38:19] [INFO] [DATE SKIP] #9 (SHREYAA ENTERPRISES): date 20260205 before start date 20260228
[2026-03-04 12:38:19] [INFO] [DATE SKIP] #IO-1507 (SHREYAA ENTERPRISES): date 20260206 before start date 20260228
[2026-03-04 12:38:19] [INFO] [DATE SKIP] #IO-1508 (SHREYAA ENTERPRISES): date 20260206 before start date 20260228
[2026-03-04 12:38:19] [INFO] [DATE SKIP] #IO-1509 (SHREYAA ENTERPRISES): date 20260206 before start date 20260228
[2026-03-04 12:38:19] [INFO] [DATE SKIP] #IO-1510 (SHREYAA ENTERPRISES): date 20260206 before start date 20260228
[2026-03-04 12:38:19] [INFO] [DATE SKIP] #IO-1511 (SHREYAA ENTERPRISES): date 20260206 before start date 20260228
[2026-03-04 12:38:19] [INFO] [DATE SKIP] #IO-1512 (SHREYAA ENTERPRISES): date 20260206 before start date 20260228
[2026-03-04 12:38:19] [INFO] [DATE SKIP] #IO-1513 (SHREYAA ENTERPRISES): date 20260206 before start date 20260228
[2026-03-04 12:38:19] [INFO] [DATE SKIP] #IO-1514 (SHREYAA ENTERPRISES): date 20260206 before start date 20260228
[2026-03-04 12:38:19] [INFO] [DATE SKIP] #IO-1515 (SHREYAA ENTERPRISES): date 20260206 before start date 20260228
[2026-03-04 12:38:19] [INFO] [DATE SKIP] #IO-1516 (SHREYAA ENTERPRISES): date 20260206 before start date 20260228
[2026-03-04 12:38:19] [INFO] [DATE SKIP] #MO-42 (SHREYAA ENTERPRISES): date 20260206 before start date 20260228
[2026-03-04 12:38:19] [INFO] [DATE SKIP] #IO-1517 (SHREYAA ENTERPRISES): date 20260206 before start date 20260228
[2026-03-04 12:38:19] [INFO] [DATE SKIP] #IO-1518 (SHREYAA ENTERPRISES): date 20260206 before start date 20260228
[2026-03-04 12:38:19] [INFO] [DATE SKIP] #IO-1519 (SHREYAA ENTERPRISES): date 20260206 before start date 20260228
[2026-03-04 12:38:19] [INFO] [DATE SKIP] #IO-1520 (SHREYAA ENTERPRISES): date 20260206 before start date 20260228
[2026-03-04 12:38:19] [INFO] [DATE SKIP] #IO-1521 (SHREYAA ENTERPRISES): date 20260206 before start date 20260228
[2026-03-04 12:38:19] [INFO] [DATE SKIP] #IO-1522 (SHREYAA ENTERPRISES): date 20260206 before start date 20260228
[2026-03-04 12:38:19] [INFO] [DATE SKIP] #IO-1523 (SHREYAA ENTERPRISES): date 20260206 before start date 20260228
[2026-03-04 12:38:19] [INFO] [DATE SKIP] #IO-1524 (SHREYAA ENTERPRISES): date 20260206 before start date 20260228
[2026-03-04 12:38:19] [INFO] [DATE SKIP] #IO-1525 (SHREYAA ENTERPRISES): date 20260207 before start date 20260228
[2026-03-04 12:38:19] [INFO] [DATE SKIP] #IO-1526 (SHREYAA ENTERPRISES): date 20260207 before start date 20260228
[2026-03-04 12:38:19] [INFO] [DATE SKIP] #IO-1527 (SHREYAA ENTERPRISES): date 20260207 before start date 20260228
[2026-03-04 12:38:19] [INFO] [DATE SKIP] #IO-1528 (SHREYAA ENTERPRISES): date 20260207 before start date 20260228
[2026-03-04 12:38:19] [INFO] [DATE SKIP] #IO-1529 (SHREYAA ENTERPRISES): date 20260207 before start date 20260228
[2026-03-04 12:38:19] [INFO] [DATE SKIP] #IO-1530 (SHREYAA ENTERPRISES): date 20260207 before start date 20260228
[2026-03-04 12:38:19] [INFO] [DATE SKIP] #IO-1531 (SHREYAA ENTERPRISES): date 20260207 before start date 20260228
[2026-03-04 12:38:19] [INFO] [DATE SKIP] #IO-1532 (SHREYAA ENTERPRISES): date 20260207 before start date 20260228
[2026-03-04 12:38:19] [INFO] [DATE SKIP] #IO-1533 (SHREYAA ENTERPRISES): date 20260207 before start date 20260228
[2026-03-04 12:38:19] [INFO] [DATE SKIP] #IO-1534 (SHREYAA ENTERPRISES): date 20260207 before start date 20260228
[2026-03-04 12:38:19] [INFO] [DATE SKIP] #IO-1535 (SHREYAA ENTERPRISES): date 20260207 before start date 20260228
[2026-03-04 12:38:19] [INFO] [DATE SKIP] #67 (SHREYAA ENTERPRISES): date 20260207 before start date 20260228
[2026-03-04 12:38:19] [INFO] [DATE SKIP] #MO-43 (SHREYAA ENTERPRISES): date 20260207 before start date 20260228
[2026-03-04 12:38:19] [INFO] [DATE SKIP] #IO-1537 (SHREYAA ENTERPRISES): date 20260207 before start date 20260228
[2026-03-04 12:38:19] [INFO] [DATE SKIP] #CO2-53 (SHREYAA ENTERPRISES): date 20260207 before start date 20260228
[2026-03-04 12:38:19] [INFO] [DATE SKIP] #IO-1538 (SHREYAA ENTERPRISES): date 20260208 before start date 20260228
[2026-03-04 12:38:19] [INFO] [DATE SKIP] #ARG-55 (SHREYAA ENTERPRISES): date 20260209 before start date 20260228
[2026-03-04 12:38:19] [INFO] [DATE SKIP] #ARG-56 (SHREYAA ENTERPRISES): date 20260209 before start date 20260228
[2026-03-04 12:38:19] [INFO] [DATE SKIP] #IO-1539 (SHREYAA ENTERPRISES): date 20260209 before start date 20260228
[2026-03-04 12:38:19] [INFO] [DATE SKIP] #IO-1540 (SHREYAA ENTERPRISES): date 20260209 before start date 20260228
[2026-03-04 12:38:19] [INFO] [DATE SKIP] #IO-1541 (SHREYAA ENTERPRISES): date 20260209 before start date 20260228
[2026-03-04 12:38:19] [INFO] [DATE SKIP] #IO-1542 (SHREYAA ENTERPRISES): date 20260209 before start date 20260228
[2026-03-04 12:38:19] [INFO] [DATE SKIP] #IO-1543 (SHREYAA ENTERPRISES): date 20260209 before start date 20260228
[2026-03-04 12:38:19] [INFO] [DATE SKIP] #IO-1544 (SHREYAA ENTERPRISES): date 20260209 before start date 20260228
[2026-03-04 12:38:19] [INFO] [DATE SKIP] #IO-1545 (SHREYAA ENTERPRISES): date 20260209 before start date 20260228
[2026-03-04 12:38:19] [INFO] [DATE SKIP] #IO-1546 (SHREYAA ENTERPRISES): date 20260209 before start date 20260228
[2026-03-04 12:38:19] [INFO] [DATE SKIP] #IO-1547 (SHREYAA ENTERPRISES): date 20260209 before start date 20260228
[2026-03-04 12:38:19] [INFO] [DATE SKIP] #IO-1548 (SHREYAA ENTERPRISES): date 20260209 before start date 20260228
[2026-03-04 12:38:19] [INFO] [DATE SKIP] #IO-1549 (SHREYAA ENTERPRISES): date 20260209 before start date 20260228
[2026-03-04 12:38:19] [INFO] [DATE SKIP] #IO-1550 (SHREYAA ENTERPRISES): date 20260209 before start date 20260228
[2026-03-04 12:38:19] [INFO] [DATE SKIP] #IO-1551 (SHREYAA ENTERPRISES): date 20260209 before start date 20260228
[2026-03-04 12:38:19] [INFO] [DATE SKIP] #IO-1552 (SHREYAA ENTERPRISES): date 20260209 before start date 20260228
[2026-03-04 12:38:19] [INFO] [DATE SKIP] #IO-1553 (SHREYAA ENTERPRISES): date 20260210 before start date 20260228
[2026-03-04 12:38:19] [INFO] [DATE SKIP] #IO-1554 (SHREYAA ENTERPRISES): date 20260210 before start date 20260228
[2026-03-04 12:38:19] [INFO] [DATE SKIP] #IO-1555 (SHREYAA ENTERPRISES): date 20260210 before start date 20260228
[2026-03-04 12:38:19] [INFO] [DATE SKIP] #IO-1556 (SHREYAA ENTERPRISES): date 20260210 before start date 20260228
[2026-03-04 12:38:19] [INFO] [DATE SKIP] #IO-1557 (SHREYAA ENTERPRISES): date 20260210 before start date 20260228
[2026-03-04 12:38:19] [INFO] [DATE SKIP] #CO2-54 (SHREYAA ENTERPRISES): date 20260210 before start date 20260228
[2026-03-04 12:38:19] [INFO] [DATE SKIP] #IO-1558 (SHREYAA ENTERPRISES): date 20260210 before start date 20260228
[2026-03-04 12:38:19] [INFO] [DATE SKIP] #IO-1559 (SHREYAA ENTERPRISES): date 20260210 before start date 20260228
[2026-03-04 12:38:19] [INFO] [DATE SKIP] #IO-1560 (SHREYAA ENTERPRISES): date 20260210 before start date 20260228
[2026-03-04 12:38:19] [INFO] [DATE SKIP] #IO-1561 (SHREYAA ENTERPRISES): date 20260210 before start date 20260228
[2026-03-04 12:38:19] [INFO] [DATE SKIP] #IO-1562 (SHREYAA ENTERPRISES): date 20260210 before start date 20260228
[2026-03-04 12:38:19] [INFO] [DATE SKIP] #68 (SHREYAA ENTERPRISES): date 20260210 before start date 20260228
[2026-03-04 12:38:19] [INFO] [DATE SKIP] #IO-1563 (SHREYAA ENTERPRISES): date 20260210 before start date 20260228
[2026-03-04 12:38:19] [INFO] [DATE SKIP] #IO-1564 (SHREYAA ENTERPRISES): date 20260210 before start date 20260228
[2026-03-04 12:38:19] [INFO] [DATE SKIP] #IO-1565 (SHREYAA ENTERPRISES): date 20260210 before start date 20260228
[2026-03-04 12:38:19] [INFO] [DATE SKIP] #IO-1566 (SHREYAA ENTERPRISES): date 20260210 before start date 20260228
[2026-03-04 12:38:19] [INFO] [DATE SKIP] #IO-1567 (SHREYAA ENTERPRISES): date 20260210 before start date 20260228
[2026-03-04 12:38:19] [INFO] [DATE SKIP] #IO-1568 (SHREYAA ENTERPRISES): date 20260210 before start date 20260228
[2026-03-04 12:38:19] [INFO] [DATE SKIP] #IO-1569 (SHREYAA ENTERPRISES): date 20260210 before start date 20260228
[2026-03-04 12:38:19] [INFO] [DATE SKIP] #IO-1570 (SHREYAA ENTERPRISES): date 20260210 before start date 20260228
[2026-03-04 12:38:19] [INFO] [DATE SKIP] #IO-1571 (SHREYAA ENTERPRISES): date 20260210 before start date 20260228
[2026-03-04 12:38:19] [INFO] [DATE SKIP] #IO-1572 (SHREYAA ENTERPRISES): date 20260210 before start date 20260228
[2026-03-04 12:38:19] [INFO] [DATE SKIP] #IO-1573 (SHREYAA ENTERPRISES): date 20260211 before start date 20260228
[2026-03-04 12:38:19] [INFO] [DATE SKIP] #IO-1574 (SHREYAA ENTERPRISES): date 20260211 before start date 20260228
[2026-03-04 12:38:19] [INFO] [DATE SKIP] #IO-1575 (SHREYAA ENTERPRISES): date 20260211 before start date 20260228
[2026-03-04 12:38:19] [INFO] [DATE SKIP] #IO-1576 (SHREYAA ENTERPRISES): date 20260211 before start date 20260228
[2026-03-04 12:38:19] [INFO] [DATE SKIP] #IO-1577 (SHREYAA ENTERPRISES): date 20260211 before start date 20260228
[2026-03-04 12:38:19] [INFO] [DATE SKIP] #IO-1578 (SHREYAA ENTERPRISES): date 20260211 before start date 20260228
[2026-03-04 12:38:19] [INFO] [DATE SKIP] #IO-1579 (SHREYAA ENTERPRISES): date 20260211 before start date 20260228
[2026-03-04 12:38:19] [INFO] [DATE SKIP] #IO-1580 (SHREYAA ENTERPRISES): date 20260211 before start date 20260228
[2026-03-04 12:38:19] [INFO] [DATE SKIP] #IO-1581 (SHREYAA ENTERPRISES): date 20260211 before start date 20260228
[2026-03-04 12:38:19] [INFO] [DATE SKIP] #69 (SHREYAA ENTERPRISES): date 20260211 before start date 20260228
[2026-03-04 12:38:19] [INFO] [DATE SKIP] #IO-1582 (SHREYAA ENTERPRISES): date 20260211 before start date 20260228
[2026-03-04 12:38:19] [INFO] [DATE SKIP] #IO-1583 (SHREYAA ENTERPRISES): date 20260211 before start date 20260228
[2026-03-04 12:38:19] [INFO] [DATE SKIP] #IO-1584 (SHREYAA ENTERPRISES): date 20260211 before start date 20260228
[2026-03-04 12:38:19] [INFO] [DATE SKIP] #IO-1585 (SHREYAA ENTERPRISES): date 20260212 before start date 20260228
[2026-03-04 12:38:19] [INFO] [DATE SKIP] #IO-1586 (SHREYAA ENTERPRISES): date 20260212 before start date 20260228
[2026-03-04 12:38:19] [INFO] [DATE SKIP] #IO-1587 (SHREYAA ENTERPRISES): date 20260212 before start date 20260228
[2026-03-04 12:38:19] [INFO] [DATE SKIP] #IO-1588 (SHREYAA ENTERPRISES): date 20260212 before start date 20260228
[2026-03-04 12:38:19] [INFO] [DATE SKIP] #IO-1589 (SHREYAA ENTERPRISES): date 20260212 before start date 20260228
[2026-03-04 12:38:19] [INFO] [DATE SKIP] #IO-1590 (SHREYAA ENTERPRISES): date 20260212 before start date 20260228
[2026-03-04 12:38:19] [INFO] [DATE SKIP] #IO-1591 (SHREYAA ENTERPRISES): date 20260212 before start date 20260228
[2026-03-04 12:38:19] [INFO] [DATE SKIP] #IO-1592 (SHREYAA ENTERPRISES): date 20260212 before start date 20260228
[2026-03-04 12:38:19] [INFO] [DATE SKIP] #IO-1593 (SHREYAA ENTERPRISES): date 20260212 before start date 20260228
[2026-03-04 12:38:19] [INFO] [DATE SKIP] #IO-1594 (SHREYAA ENTERPRISES): date 20260212 before start date 20260228
[2026-03-04 12:38:19] [INFO] [DATE SKIP] #IO-1595 (SHREYAA ENTERPRISES): date 20260213 before start date 20260228
[2026-03-04 12:38:19] [INFO] [DATE SKIP] #IO-1596 (SHREYAA ENTERPRISES): date 20260213 before start date 20260228
[2026-03-04 12:38:19] [INFO] [DATE SKIP] #IO-1597 (SHREYAA ENTERPRISES): date 20260213 before start date 20260228
[2026-03-04 12:38:19] [INFO] [DATE SKIP] #IO-1598 (SHREYAA ENTERPRISES): date 20260213 before start date 20260228
[2026-03-04 12:38:19] [INFO] [DATE SKIP] #IO-1599 (SHREYAA ENTERPRISES): date 20260213 before start date 20260228
[2026-03-04 12:38:19] [INFO] [DATE SKIP] #IO-1600 (SHREYAA ENTERPRISES): date 20260213 before start date 20260228
[2026-03-04 12:38:19] [INFO] [DATE SKIP] #LPG-10 (SHREYAA ENTERPRISES): date 20260213 before start date 20260228
[2026-03-04 12:38:19] [INFO] [DATE SKIP] #IO-1601 (SHREYAA ENTERPRISES): date 20260213 before start date 20260228
[2026-03-04 12:38:19] [INFO] [DATE SKIP] #IO-1602 (SHREYAA ENTERPRISES): date 20260213 before start date 20260228
[2026-03-04 12:38:19] [INFO] [DATE SKIP] #IO-1603 (SHREYAA ENTERPRISES): date 20260213 before start date 20260228
[2026-03-04 12:38:19] [INFO] [DATE SKIP] #IO-1604 (SHREYAA ENTERPRISES): date 20260213 before start date 20260228
[2026-03-04 12:38:19] [INFO] [DATE SKIP] #IO-1605 (SHREYAA ENTERPRISES): date 20260213 before start date 20260228
[2026-03-04 12:38:19] [INFO] [DATE SKIP] #CO2-55 (SHREYAA ENTERPRISES): date 20260213 before start date 20260228
[2026-03-04 12:38:19] [INFO] [DATE SKIP] #IO-1606 (SHREYAA ENTERPRISES): date 20260213 before start date 20260228
[2026-03-04 12:38:19] [INFO] [DATE SKIP] #IO-1607 (SHREYAA ENTERPRISES): date 20260213 before start date 20260228
[2026-03-04 12:38:19] [INFO] [DATE SKIP] #IO-1608 (SHREYAA ENTERPRISES): date 20260213 before start date 20260228
[2026-03-04 12:38:19] [INFO] [DATE SKIP] #70 (SHREYAA ENTERPRISES): date 20260213 before start date 20260228
[2026-03-04 12:38:19] [INFO] [DATE SKIP] #IO-1609 (SHREYAA ENTERPRISES): date 20260213 before start date 20260228
[2026-03-04 12:38:19] [INFO] [DATE SKIP] #71 (SHREYAA ENTERPRISES): date 20260213 before start date 20260228
[2026-03-04 12:38:19] [INFO] [DATE SKIP] #IO-1610 (SHREYAA ENTERPRISES): date 20260213 before start date 20260228
[2026-03-04 12:38:19] [INFO] [DATE SKIP] #IO-1611 (SHREYAA ENTERPRISES): date 20260213 before start date 20260228
[2026-03-04 12:38:19] [INFO] [DATE SKIP] #IO-1612 (SHREYAA ENTERPRISES): date 20260214 before start date 20260228
[2026-03-04 12:38:19] [INFO] [DATE SKIP] #IO-1613 (SHREYAA ENTERPRISES): date 20260214 before start date 20260228
[2026-03-04 12:38:19] [INFO] [DATE SKIP] #CO2-56 (SHREYAA ENTERPRISES): date 20260214 before start date 20260228
[2026-03-04 12:38:19] [INFO] [DATE SKIP] #CO2-57 (SHREYAA ENTERPRISES): date 20260214 before start date 20260228
[2026-03-04 12:38:19] [INFO] [DATE SKIP] #ARG-57 (SHREYAA ENTERPRISES): date 20260214 before start date 20260228
[2026-03-04 12:38:19] [INFO] [DATE SKIP] #IO-1614 (SHREYAA ENTERPRISES): date 20260214 before start date 20260228
[2026-03-04 12:38:19] [INFO] [DATE SKIP] #IO-1615 (SHREYAA ENTERPRISES): date 20260214 before start date 20260228
[2026-03-04 12:38:19] [INFO] [DATE SKIP] #IO-1616 (SHREYAA ENTERPRISES): date 20260214 before start date 20260228
[2026-03-04 12:38:19] [INFO] [DATE SKIP] #IO-1617 (SHREYAA ENTERPRISES): date 20260214 before start date 20260228
[2026-03-04 12:38:19] [INFO] [DATE SKIP] #IO-1618 (SHREYAA ENTERPRISES): date 20260214 before start date 20260228
[2026-03-04 12:38:19] [INFO] [DATE SKIP] #IO-1619 (SHREYAA ENTERPRISES): date 20260214 before start date 20260228
[2026-03-04 12:38:19] [INFO] [DATE SKIP] #72 (SHREYAA ENTERPRISES): date 20260214 before start date 20260228
[2026-03-04 12:38:19] [INFO] [DATE SKIP] #IO-1620 (SHREYAA ENTERPRISES): date 20260214 before start date 20260228
[2026-03-04 12:38:19] [INFO] [DATE SKIP] #IO-1621 (SHREYAA ENTERPRISES): date 20260214 before start date 20260228
[2026-03-04 12:38:19] [INFO] [DATE SKIP] #IO-1622 (SHREYAA ENTERPRISES): date 20260214 before start date 20260228
[2026-03-04 12:38:19] [INFO] [DATE SKIP] #IO-1623 (SHREYAA ENTERPRISES): date 20260214 before start date 20260228
[2026-03-04 12:38:19] [INFO] [DATE SKIP] #IO-1624 (SHREYAA ENTERPRISES): date 20260214 before start date 20260228
[2026-03-04 12:38:19] [INFO] [DATE SKIP] #CO2-58 (SHREYAA ENTERPRISES): date 20260214 before start date 20260228
[2026-03-04 12:38:19] [INFO] [DATE SKIP] #IO-1625 (SHREYAA ENTERPRISES): date 20260215 before start date 20260228
[2026-03-04 12:38:19] [INFO] [DATE SKIP] #IO-1626 (SHREYAA ENTERPRISES): date 20260216 before start date 20260228
[2026-03-04 12:38:19] [INFO] [DATE SKIP] #CO2-59 (SHREYAA ENTERPRISES): date 20260216 before start date 20260228
[2026-03-04 12:38:19] [INFO] [DATE SKIP] #IO-1627 (SHREYAA ENTERPRISES): date 20260216 before start date 20260228
[2026-03-04 12:38:19] [INFO] [DATE SKIP] #IO-1628 (SHREYAA ENTERPRISES): date 20260216 before start date 20260228
[2026-03-04 12:38:19] [INFO] [DATE SKIP] #IO-1629 (SHREYAA ENTERPRISES): date 20260216 before start date 20260228
[2026-03-04 12:38:19] [INFO] [DATE SKIP] #IO-1630 (SHREYAA ENTERPRISES): date 20260216 before start date 20260228
[2026-03-04 12:38:19] [INFO] [DATE SKIP] #IO-1631 (SHREYAA ENTERPRISES): date 20260216 before start date 20260228
[2026-03-04 12:38:19] [INFO] [DATE SKIP] #IO-1632 (SHREYAA ENTERPRISES): date 20260216 before start date 20260228
[2026-03-04 12:38:19] [INFO] [DATE SKIP] #ARG-58 (SHREYAA ENTERPRISES): date 20260216 before start date 20260228
[2026-03-04 12:38:19] [INFO] [DATE SKIP] #IO-1633 (SHREYAA ENTERPRISES): date 20260216 before start date 20260228
[2026-03-04 12:38:19] [INFO] [DATE SKIP] #MO-44 (SHREYAA ENTERPRISES): date 20260216 before start date 20260228
[2026-03-04 12:38:19] [INFO] [DATE SKIP] #IO-1634 (SHREYAA ENTERPRISES): date 20260216 before start date 20260228
[2026-03-04 12:38:19] [INFO] [DATE SKIP] #IO-1635 (SHREYAA ENTERPRISES): date 20260216 before start date 20260228
[2026-03-04 12:38:19] [INFO] [DATE SKIP] #IO-1636 (SHREYAA ENTERPRISES): date 20260216 before start date 20260228
[2026-03-04 12:38:19] [INFO] [DATE SKIP] #IO-1637 (SHREYAA ENTERPRISES): date 20260216 before start date 20260228
[2026-03-04 12:38:19] [INFO] [DATE SKIP] #IO-1643 (SHREYAA ENTERPRISES): date 20260217 before start date 20260228
[2026-03-04 12:38:19] [INFO] [DATE SKIP] #IO-1638 (SHREYAA ENTERPRISES): date 20260217 before start date 20260228
[2026-03-04 12:38:19] [INFO] [DATE SKIP] #IO-1639 (SHREYAA ENTERPRISES): date 20260217 before start date 20260228
[2026-03-04 12:38:19] [INFO] [DATE SKIP] #IO-1640 (SHREYAA ENTERPRISES): date 20260217 before start date 20260228
[2026-03-04 12:38:19] [INFO] [DATE SKIP] #IO-1641 (SHREYAA ENTERPRISES): date 20260217 before start date 20260228
[2026-03-04 12:38:19] [INFO] [DATE SKIP] #ARG-59 (SHREYAA ENTERPRISES): date 20260217 before start date 20260228
[2026-03-04 12:38:19] [INFO] [DATE SKIP] #ARG-60 (SHREYAA ENTERPRISES): date 20260217 before start date 20260228
[2026-03-04 12:38:19] [INFO] [DATE SKIP] #IO-1642 (SHREYAA ENTERPRISES): date 20260217 before start date 20260228
[2026-03-04 12:38:19] [INFO] [DATE SKIP] #IO-1644 (SHREYAA ENTERPRISES): date 20260217 before start date 20260228
[2026-03-04 12:38:19] [INFO] [DATE SKIP] #IO-1645 (SHREYAA ENTERPRISES): date 20260217 before start date 20260228
[2026-03-04 12:38:19] [INFO] [DATE SKIP] #IO-1646 (SHREYAA ENTERPRISES): date 20260217 before start date 20260228
[2026-03-04 12:38:19] [INFO] [DATE SKIP] #74 (SHREYAA ENTERPRISES): date 20260217 before start date 20260228
[2026-03-04 12:38:19] [INFO] [DATE SKIP] #IO-1647 (SHREYAA ENTERPRISES): date 20260217 before start date 20260228
[2026-03-04 12:38:19] [INFO] [DATE SKIP] #IO-1648 (SHREYAA ENTERPRISES): date 20260218 before start date 20260228
[2026-03-04 12:38:19] [INFO] [DATE SKIP] #IO-1649 (SHREYAA ENTERPRISES): date 20260218 before start date 20260228
[2026-03-04 12:38:19] [INFO] [DATE SKIP] #IO-1650 (SHREYAA ENTERPRISES): date 20260218 before start date 20260228
[2026-03-04 12:38:19] [INFO] [DATE SKIP] #IO-1651 (SHREYAA ENTERPRISES): date 20260218 before start date 20260228
[2026-03-04 12:38:19] [INFO] [DATE SKIP] #IO-1652 (SHREYAA ENTERPRISES): date 20260218 before start date 20260228
[2026-03-04 12:38:19] [INFO] [DATE SKIP] #IO-1653 (SHREYAA ENTERPRISES): date 20260218 before start date 20260228
[2026-03-04 12:38:19] [INFO] [DATE SKIP] #IO-1654 (SHREYAA ENTERPRISES): date 20260218 before start date 20260228
[2026-03-04 12:38:19] [INFO] [DATE SKIP] #IO-1655 (SHREYAA ENTERPRISES): date 20260218 before start date 20260228
[2026-03-04 12:38:19] [INFO] [DATE SKIP] #IO-1656 (SHREYAA ENTERPRISES): date 20260218 before start date 20260228
[2026-03-04 12:38:19] [INFO] [DATE SKIP] #8 (SHREYAA ENTERPRISES): date 20260218 before start date 20260228
[2026-03-04 12:38:19] [INFO] [DATE SKIP] #IO-1657 (SHREYAA ENTERPRISES): date 20260218 before start date 20260228
[2026-03-04 12:38:19] [INFO] [DATE SKIP] #75 (SHREYAA ENTERPRISES): date 20260218 before start date 20260228
[2026-03-04 12:38:19] [INFO] [DATE SKIP] #MO-45 (SHREYAA ENTERPRISES): date 20260218 before start date 20260228
[2026-03-04 12:38:19] [INFO] [DATE SKIP] #IO-1658 (SHREYAA ENTERPRISES): date 20260219 before start date 20260228
[2026-03-04 12:38:19] [INFO] [DATE SKIP] #IO-1659 (SHREYAA ENTERPRISES): date 20260219 before start date 20260228
[2026-03-04 12:38:19] [INFO] [DATE SKIP] #CO2-60 (SHREYAA ENTERPRISES): date 20260219 before start date 20260228
[2026-03-04 12:38:19] [INFO] [DATE SKIP] #IO-1660 (SHREYAA ENTERPRISES): date 20260219 before start date 20260228
[2026-03-04 12:38:19] [INFO] [DATE SKIP] #IO-1661 (SHREYAA ENTERPRISES): date 20260219 before start date 20260228
[2026-03-04 12:38:19] [INFO] [DATE SKIP] #ARG-61 (SHREYAA ENTERPRISES): date 20260219 before start date 20260228
[2026-03-04 12:38:19] [INFO] [DATE SKIP] #ARG-62 (SHREYAA ENTERPRISES): date 20260219 before start date 20260228
[2026-03-04 12:38:19] [INFO] [DATE SKIP] #IO-1662 (SHREYAA ENTERPRISES): date 20260219 before start date 20260228
[2026-03-04 12:38:19] [INFO] [DATE SKIP] #IO-1663 (SHREYAA ENTERPRISES): date 20260219 before start date 20260228
[2026-03-04 12:38:19] [INFO] [DATE SKIP] #IO-1664 (SHREYAA ENTERPRISES): date 20260219 before start date 20260228
[2026-03-04 12:38:19] [INFO] [DATE SKIP] #IO-1665 (SHREYAA ENTERPRISES): date 20260219 before start date 20260228
[2026-03-04 12:38:19] [INFO] [DATE SKIP] #IO-1666 (SHREYAA ENTERPRISES): date 20260219 before start date 20260228
[2026-03-04 12:38:19] [INFO] [DATE SKIP] #IO-1667 (SHREYAA ENTERPRISES): date 20260219 before start date 20260228
[2026-03-04 12:38:19] [INFO] [DATE SKIP] #IO-1668 (SHREYAA ENTERPRISES): date 20260219 before start date 20260228
[2026-03-04 12:38:19] [INFO] [DATE SKIP] #76 (SHREYAA ENTERPRISES): date 20260219 before start date 20260228
[2026-03-04 12:38:19] [INFO] [DATE SKIP] #IO-1669 (SHREYAA ENTERPRISES): date 20260219 before start date 20260228
[2026-03-04 12:38:19] [INFO] [DATE SKIP] #77 (SHREYAA ENTERPRISES): date 20260219 before start date 20260228
[2026-03-04 12:38:19] [INFO] [DATE SKIP] #IO-1670 (SHREYAA ENTERPRISES): date 20260219 before start date 20260228
[2026-03-04 12:38:19] [INFO] [DATE SKIP] #IO-1671 (SHREYAA ENTERPRISES): date 20260219 before start date 20260228
[2026-03-04 12:38:19] [INFO] [DATE SKIP] #IO-1672 (SHREYAA ENTERPRISES): date 20260219 before start date 20260228
[2026-03-04 12:38:19] [INFO] [DATE SKIP] #78 (SHREYAA ENTERPRISES): date 20260219 before start date 20260228
[2026-03-04 12:38:19] [INFO] [DATE SKIP] #79 (SHREYAA ENTERPRISES): date 20260219 before start date 20260228
[2026-03-04 12:38:19] [INFO] [DATE SKIP] #IO-1673 (SHREYAA ENTERPRISES): date 20260220 before start date 20260228
[2026-03-04 12:38:19] [INFO] [DATE SKIP] #IO-1674 (SHREYAA ENTERPRISES): date 20260220 before start date 20260228
[2026-03-04 12:38:19] [INFO] [DATE SKIP] #IO-1675 (SHREYAA ENTERPRISES): date 20260220 before start date 20260228
[2026-03-04 12:38:19] [INFO] [DATE SKIP] #IO-1676 (SHREYAA ENTERPRISES): date 20260220 before start date 20260228
[2026-03-04 12:38:19] [INFO] [DATE SKIP] #IO-1677 (SHREYAA ENTERPRISES): date 20260220 before start date 20260228
[2026-03-04 12:38:19] [INFO] [DATE SKIP] #IO-1678 (SHREYAA ENTERPRISES): date 20260220 before start date 20260228
[2026-03-04 12:38:19] [INFO] [DATE SKIP] #IO-1679 (SHREYAA ENTERPRISES): date 20260220 before start date 20260228
[2026-03-04 12:38:19] [INFO] [DATE SKIP] #IO-1680 (SHREYAA ENTERPRISES): date 20260220 before start date 20260228
[2026-03-04 12:38:19] [INFO] [DATE SKIP] #80 (SHREYAA ENTERPRISES): date 20260220 before start date 20260228
[2026-03-04 12:38:19] [INFO] [DATE SKIP] #IO-1681 (SHREYAA ENTERPRISES): date 20260220 before start date 20260228
[2026-03-04 12:38:19] [INFO] [DATE SKIP] #IO-1682 (SHREYAA ENTERPRISES): date 20260220 before start date 20260228
[2026-03-04 12:38:19] [INFO] [DATE SKIP] #IO-1683 (SHREYAA ENTERPRISES): date 20260220 before start date 20260228
[2026-03-04 12:38:19] [INFO] [DATE SKIP] #IO-1684 (SHREYAA ENTERPRISES): date 20260220 before start date 20260228
[2026-03-04 12:38:19] [INFO] [DATE SKIP] #CO2-61 (SHREYAA ENTERPRISES): date 20260220 before start date 20260228
[2026-03-04 12:38:19] [INFO] [DATE SKIP] #IO-1685 (SHREYAA ENTERPRISES): date 20260221 before start date 20260228
[2026-03-04 12:38:19] [INFO] [DATE SKIP] #IO-1686 (SHREYAA ENTERPRISES): date 20260221 before start date 20260228
[2026-03-04 12:38:19] [INFO] [DATE SKIP] #IO-1687 (SHREYAA ENTERPRISES): date 20260221 before start date 20260228
[2026-03-04 12:38:19] [INFO] [DATE SKIP] #IO-1688 (SHREYAA ENTERPRISES): date 20260221 before start date 20260228
[2026-03-04 12:38:19] [INFO] [DATE SKIP] #IO-1689 (SHREYAA ENTERPRISES): date 20260221 before start date 20260228
[2026-03-04 12:38:19] [INFO] [DATE SKIP] #IO-1690 (SHREYAA ENTERPRISES): date 20260221 before start date 20260228
[2026-03-04 12:38:19] [INFO] [DATE SKIP] #IO-1691 (SHREYAA ENTERPRISES): date 20260221 before start date 20260228
[2026-03-04 12:38:19] [INFO] [DATE SKIP] #IO-1692 (SHREYAA ENTERPRISES): date 20260221 before start date 20260228
[2026-03-04 12:38:19] [INFO] [DATE SKIP] #IO-1693 (SHREYAA ENTERPRISES): date 20260221 before start date 20260228
[2026-03-04 12:38:19] [INFO] [DATE SKIP] #IO-1694 (SHREYAA ENTERPRISES): date 20260221 before start date 20260228
[2026-03-04 12:38:19] [INFO] [DATE SKIP] #IO-1695 (SHREYAA ENTERPRISES): date 20260221 before start date 20260228
[2026-03-04 12:38:19] [INFO] [DATE SKIP] #IO-1696 (SHREYAA ENTERPRISES): date 20260221 before start date 20260228
[2026-03-04 12:38:19] [INFO] [DATE SKIP] #IO-1697 (SHREYAA ENTERPRISES): date 20260221 before start date 20260228
[2026-03-04 12:38:19] [INFO] [DATE SKIP] #IO-1698 (SHREYAA ENTERPRISES): date 20260221 before start date 20260228
[2026-03-04 12:38:19] [INFO] [DATE SKIP] #IO-1699 (SHREYAA ENTERPRISES): date 20260221 before start date 20260228
[2026-03-04 12:38:19] [INFO] [DATE SKIP] #CO2-62 (SHREYAA ENTERPRISES): date 20260221 before start date 20260228
[2026-03-04 12:38:19] [INFO] [DATE SKIP] #IO-1700 (SHREYAA ENTERPRISES): date 20260222 before start date 20260228
[2026-03-04 12:38:19] [INFO] [DATE SKIP] #IO-1701 (SHREYAA ENTERPRISES): date 20260223 before start date 20260228
[2026-03-04 12:38:19] [INFO] [DATE SKIP] #ARG-63 (SHREYAA ENTERPRISES): date 20260223 before start date 20260228
[2026-03-04 12:38:19] [INFO] [DATE SKIP] #IO-1702 (SHREYAA ENTERPRISES): date 20260223 before start date 20260228
[2026-03-04 12:38:19] [INFO] [DATE SKIP] #IO-1703 (SHREYAA ENTERPRISES): date 20260223 before start date 20260228
[2026-03-04 12:38:19] [INFO] [DATE SKIP] #IO-1704 (SHREYAA ENTERPRISES): date 20260223 before start date 20260228
[2026-03-04 12:38:19] [INFO] [DATE SKIP] #IO-1705 (SHREYAA ENTERPRISES): date 20260223 before start date 20260228
[2026-03-04 12:38:19] [INFO] [DATE SKIP] #IO-1706 (SHREYAA ENTERPRISES): date 20260223 before start date 20260228
[2026-03-04 12:38:19] [INFO] [DATE SKIP] #IO-1707 (SHREYAA ENTERPRISES): date 20260223 before start date 20260228
[2026-03-04 12:38:19] [INFO] [DATE SKIP] #IO-1708 (SHREYAA ENTERPRISES): date 20260223 before start date 20260228
[2026-03-04 12:38:19] [INFO] [DATE SKIP] #IO-1709 (SHREYAA ENTERPRISES): date 20260223 before start date 20260228
[2026-03-04 12:38:19] [INFO] [DATE SKIP] #IO-1710 (SHREYAA ENTERPRISES): date 20260223 before start date 20260228
[2026-03-04 12:38:19] [INFO] [DATE SKIP] #IO-1711 (SHREYAA ENTERPRISES): date 20260223 before start date 20260228
[2026-03-04 12:38:19] [INFO] [DATE SKIP] #IO-1712 (SHREYAA ENTERPRISES): date 20260223 before start date 20260228
[2026-03-04 12:38:19] [INFO] [DATE SKIP] #IO-1713 (SHREYAA ENTERPRISES): date 20260223 before start date 20260228
[2026-03-04 12:38:19] [INFO] [DATE SKIP] #IO-1714 (SHREYAA ENTERPRISES): date 20260223 before start date 20260228
[2026-03-04 12:38:19] [INFO] [DATE SKIP] #IO-1715 (SHREYAA ENTERPRISES): date 20260223 before start date 20260228
[2026-03-04 12:38:19] [INFO] [DATE SKIP] #IO-1716 (SHREYAA ENTERPRISES): date 20260223 before start date 20260228
[2026-03-04 12:38:19] [INFO] [DATE SKIP] #IO-1717 (SHREYAA ENTERPRISES): date 20260223 before start date 20260228
[2026-03-04 12:38:19] [INFO] [DATE SKIP] #IO-1718 (SHREYAA ENTERPRISES): date 20260223 before start date 20260228
[2026-03-04 12:38:19] [INFO] [DATE SKIP] #IO-1719 (SHREYAA ENTERPRISES): date 20260223 before start date 20260228
[2026-03-04 12:38:19] [INFO] [DATE SKIP] #81 (SHREYAA ENTERPRISES): date 20260223 before start date 20260228
[2026-03-04 12:38:19] [INFO] [DATE SKIP] #82 (SHREYAA ENTERPRISES): date 20260223 before start date 20260228
[2026-03-04 12:38:19] [INFO] [DATE SKIP] #IO-1720 (SHREYAA ENTERPRISES): date 20260223 before start date 20260228
[2026-03-04 12:38:19] [INFO] [DATE SKIP] #IO-1721 (SHREYAA ENTERPRISES): date 20260223 before start date 20260228
[2026-03-04 12:38:19] [INFO] [DATE SKIP] #83 (SHREYAA ENTERPRISES): date 20260223 before start date 20260228
[2026-03-04 12:38:20] [INFO] [NEW INVOICE] #DA-1 saved (company: SHREYAA ENTERPRISES, customer: AJ HOSPITAL, date: 20260304, items: 1, hash: 7ae353ec...)
[2026-03-04 12:38:20] [INFO] 
============================================================
[2026-03-04 12:38:20] [INFO] Processing: Surya Air System (COMPANY_2)
[2026-03-04 12:38:20] [INFO] ============================================================
[2026-03-04 12:38:20] [INFO] No invoices found for Surya Air System in date range
[2026-03-04 12:38:20] [INFO] 
============================================================
[2026-03-04 12:38:20] [INFO] Processing: BHARATH OXYGEN LICENSEE (COMPANY_3)
[2026-03-04 12:38:20] [INFO] ============================================================
[2026-03-04 12:38:20] [INFO] Fetched 5 invoices from Tally
[2026-03-04 12:38:20] [INFO] [DATE SKIP] #3 (BHARATH OXYGEN LICENSEE): date 20260202 before start date 20260228
[2026-03-04 12:38:20] [INFO] [DATE SKIP] #4 (BHARATH OXYGEN LICENSEE): date 20260202 before start date 20260228
[2026-03-04 12:38:20] [INFO] [DATE SKIP] #5 (BHARATH OXYGEN LICENSEE): date 20260225 before start date 20260228
[2026-03-04 12:38:20] [INFO] 
============================================================
[2026-03-04 12:38:20] [INFO] INVOICE FETCH SUMMARY
[2026-03-04 12:38:20] [INFO] ============================================================
[2026-03-04 12:38:20] [INFO] Date filter: from 20260228 onward (query upper bound: 20991231)
[2026-03-04 12:38:20] [INFO] Total Fetched from Tally: 1975
[2026-03-04 12:38:20] [INFO] Skipped (out of date range): 1963
[2026-03-04 12:38:20] [INFO] Skipped (no delivery info): 0
[2026-03-04 12:38:20] [INFO] New Invoices Saved: 1
[2026-03-04 12:38:20] [INFO] Updated Invoices (hash/data changed): 0
[2026-03-04 12:38:20] [INFO] Already Exists (Unchanged): 11
[2026-03-04 12:38:20] [INFO] Marked as Deleted: 0
[2026-03-04 12:38:20] [INFO] Errors: 0
[2026-03-04 12:38:20] [INFO] ============================================================
[2026-03-04 12:38:20] [INFO] 
Database Statistics:
[2026-03-04 12:38:20] [INFO] Total Invoices: 12
[2026-03-04 12:38:20] [INFO] Invoices by Company: {'BHARATH OXYGEN LICENSEE': 2, 'SHREYAA ENTERPRISES': 10}
[2026-03-04 12:38:20] [INFO] Synced Invoices: 11
[2026-03-04 12:38:20] [INFO] ============================================================
